[debug] [2026-07-25T07:34:10.862Z] ----------------------------------------------------------------------
[debug] [2026-07-25T07:34:10.869Z] Command:       /Users/aboelghet/.nvm/versions/node/v24.4.1/bin/node /Users/aboelghet/.nvm/versions/node/v24.4.1/bin/firebase emulators:start
[debug] [2026-07-25T07:34:10.869Z] CLI Version:   15.11.0
[debug] [2026-07-25T07:34:10.869Z] Platform:      darwin
[debug] [2026-07-25T07:34:10.869Z] Node Version:  v24.4.1
[debug] [2026-07-25T07:34:10.870Z] Time:          Sat Jul 25 2026 10:34:10 GMT+0300 (Eastern European Summer Time)
[debug] [2026-07-25T07:34:10.870Z] ----------------------------------------------------------------------
[debug] 
[debug] [2026-07-25T07:34:11.642Z] > command requires scopes: ["email","openid","https://www.googleapis.com/auth/cloudplatformprojects.readonly","https://www.googleapis.com/auth/firebase","https://www.googleapis.com/auth/cloud-platform"]
[debug] [2026-07-25T07:34:11.642Z] > authorizing via signed-in user (ahmadaboelghet@gmail.com)
[debug] [2026-07-25T07:34:11.840Z] openjdk version "26" 2026-03-17

[debug] [2026-07-25T07:34:11.840Z] OpenJDK Runtime Environment (build 26+35-2893)
OpenJDK 64-Bit Server VM (build 26+35-2893, mixed mode, sharing)

[debug] [2026-07-25T07:34:11.849Z] Parsed Java major version: 26
[info] i  emulators: Starting emulators: functions, firestore, hosting, storage, extensions {"metadata":{"emulator":{"name":"hub"},"message":"Starting emulators: functions, firestore, hosting, storage, extensions"}}
[debug] [2026-07-25T07:34:11.850Z] Checked if tokens are valid: true, expires at: 1784967836704
[debug] [2026-07-25T07:34:11.850Z] Checked if tokens are valid: true, expires at: 1784967836704
[debug] [2026-07-25T07:34:11.850Z] >>> [apiv2][query] GET https://cloudresourcemanager.googleapis.com/v1/projects/learnaria-483e7 [none]
[debug] [2026-07-25T07:34:12.752Z] <<< [apiv2][status] GET https://cloudresourcemanager.googleapis.com/v1/projects/learnaria-483e7 200
[debug] [2026-07-25T07:34:12.752Z] <<< [apiv2][body] GET https://cloudresourcemanager.googleapis.com/v1/projects/learnaria-483e7 {"projectNumber":"573038013067","projectId":"learnaria-483e7","lifecycleState":"ACTIVE","name":"Learnaria","labels":{"firebase":"enabled","firebase-core":"disabled"},"createTime":"2025-07-28T09:46:17.658480Z"}
[debug] [2026-07-25T07:34:13.083Z] [logging] Logging Emulator only supports listening on one address (127.0.0.1). Not listening on ::1
[debug] [2026-07-25T07:34:13.083Z] [firestore] Firestore Emulator only supports listening on one address (127.0.0.1). Not listening on ::1
[debug] [2026-07-25T07:34:13.084Z] [firestore.websocket] websocket server for firestore only supports listening on one address (127.0.0.1). Not listening on ::1
[debug] [2026-07-25T07:34:13.084Z] [storage] Storage Emulator only supports listening on one address (127.0.0.1). Not listening on ::1
[warn] ⚠  hosting: Hosting Emulator unable to start on port 5000, starting on 5002 instead. {"metadata":{"emulator":{"name":"hosting"},"message":"Hosting Emulator unable to start on port 5000, starting on 5002 instead."}}
[debug] [2026-07-25T07:34:13.084Z] [hosting] Hosting Emulator only supports listening on one address (127.0.0.1). Not listening on ::1
[debug] [2026-07-25T07:34:13.084Z] assigned listening specs for emulators {"user":{"hub":[{"address":"127.0.0.1","family":"IPv4","port":4400},{"address":"::1","family":"IPv6","port":4400}],"ui":[{"address":"127.0.0.1","family":"IPv4","port":4000},{"address":"::1","family":"IPv6","port":4000}],"logging":[{"address":"127.0.0.1","family":"IPv4","port":4500}],"firestore":[{"address":"127.0.0.1","family":"IPv4","port":8080}],"firestore.websocket":[{"address":"127.0.0.1","family":"IPv4","port":9150}],"storage":[{"address":"127.0.0.1","family":"IPv4","port":9199}],"hosting":[{"address":"127.0.0.1","family":"IPv4","port":5002}]},"metadata":{"message":"assigned listening specs for emulators"}}
[debug] [2026-07-25T07:34:13.086Z] Write emulator hub locator at /var/folders/8p/3v2p6dd969b_f1fld0w0nqwc0000gn/T/hub-learnaria-483e7.json
[debug] [2026-07-25T07:34:13.089Z] [Extensions] Started Extensions emulator, this is a noop.
[debug] [2026-07-25T07:34:13.195Z] [functions] Functions Emulator only supports listening on one address (127.0.0.1). Not listening on ::1
[debug] [2026-07-25T07:34:13.195Z] [eventarc] Eventarc Emulator only supports listening on one address (127.0.0.1). Not listening on ::1
[debug] [2026-07-25T07:34:13.195Z] [tasks] Cloud Tasks Emulator only supports listening on one address (127.0.0.1). Not listening on ::1
[debug] [2026-07-25T07:34:13.195Z] late-assigned ports for functions and eventarc emulators {"user":{"hub":[{"address":"127.0.0.1","family":"IPv4","port":4400},{"address":"::1","family":"IPv6","port":4400}],"ui":[{"address":"127.0.0.1","family":"IPv4","port":4000},{"address":"::1","family":"IPv6","port":4000}],"logging":[{"address":"127.0.0.1","family":"IPv4","port":4500}],"firestore":[{"address":"127.0.0.1","family":"IPv4","port":8080}],"firestore.websocket":[{"address":"127.0.0.1","family":"IPv4","port":9150}],"storage":[{"address":"127.0.0.1","family":"IPv4","port":9199}],"hosting":[{"address":"127.0.0.1","family":"IPv4","port":5002}],"functions":[{"address":"127.0.0.1","family":"IPv4","port":5001}],"eventarc":[{"address":"127.0.0.1","family":"IPv4","port":9299}],"tasks":[{"address":"127.0.0.1","family":"IPv4","port":9499}]},"metadata":{"message":"late-assigned ports for functions and eventarc emulators"}}
[warn] ⚠  functions: The following emulators are not running, calls to these services from the Functions emulator will affect production: apphosting, auth, database, pubsub, dataconnect {"metadata":{"emulator":{"name":"functions"},"message":"The following emulators are not running, calls to these services from the Functions emulator will affect production: \u001b[1mapphosting, auth, database, pubsub, dataconnect\u001b[22m"}}
[debug] [2026-07-25T07:34:13.201Z] defaultcredentials: writing to file /Users/aboelghet/.config/firebase/ahmadaboelghet_gmail_com_application_default_credentials.json
[debug] [2026-07-25T07:34:13.201Z] Setting GAC to /Users/aboelghet/.config/firebase/ahmadaboelghet_gmail_com_application_default_credentials.json {"metadata":{"emulator":{"name":"functions"},"message":"Setting GAC to /Users/aboelghet/.config/firebase/ahmadaboelghet_gmail_com_application_default_credentials.json"}}
[debug] [2026-07-25T07:34:13.202Z] Checked if tokens are valid: true, expires at: 1784967836704
[debug] [2026-07-25T07:34:13.202Z] Checked if tokens are valid: true, expires at: 1784967836704
[debug] [2026-07-25T07:34:13.202Z] >>> [apiv2][query] GET https://firebase.googleapis.com/v1beta1/projects/learnaria-483e7/adminSdkConfig [none]
[debug] [2026-07-25T07:34:14.019Z] <<< [apiv2][status] GET https://firebase.googleapis.com/v1beta1/projects/learnaria-483e7/adminSdkConfig 200
[debug] [2026-07-25T07:34:14.019Z] <<< [apiv2][body] GET https://firebase.googleapis.com/v1beta1/projects/learnaria-483e7/adminSdkConfig {"projectId":"learnaria-483e7","storageBucket":"learnaria-483e7.firebasestorage.app"}
[info] i  firestore: downloading cloud-firestore-emulator-v1.20.4.jar... {"metadata":{"emulator":{"name":"firestore"},"message":"downloading cloud-firestore-emulator-v1.20.4.jar..."}}
[debug] [2026-07-25T07:34:14.043Z] >>> [apiv2][query] GET https://storage.googleapis.com/firebase-preview-drop/emulator/cloud-firestore-emulator-v1.20.4.jar 
[debug] [2026-07-25T07:34:14.382Z] <<< [apiv2][status] GET https://storage.googleapis.com/firebase-preview-drop/emulator/cloud-firestore-emulator-v1.20.4.jar 200
[debug] [2026-07-25T07:34:14.382Z] <<< [apiv2][body] GET https://storage.googleapis.com/firebase-preview-drop/emulator/cloud-firestore-emulator-v1.20.4.jar [stream]
[debug] [2026-07-25T07:35:33.029Z] Ignoring unsupported arg: auto_download {"metadata":{"emulator":{"name":"firestore"},"message":"Ignoring unsupported arg: auto_download"}}
[debug] [2026-07-25T07:35:33.036Z] Ignoring unsupported arg: single_project_mode_error {"metadata":{"emulator":{"name":"firestore"},"message":"Ignoring unsupported arg: single_project_mode_error"}}
[debug] [2026-07-25T07:35:33.036Z] Starting Firestore Emulator with command {"binary":"java","args":["-Dgoogle.cloud_firestore.debug_log_level=FINE","-Duser.language=en","-jar","/Users/aboelghet/.cache/firebase/emulators/cloud-firestore-emulator-v1.20.4.jar","--host","127.0.0.1","--port",8080,"--websocket_port",9150,"--project_id","learnaria-483e7","--rules","/Users/aboelghet/Developer/SpotDashboard/firestore.rules","--single_project_mode",true,"--functions_emulator","127.0.0.1:5001"],"optionalArgs":["port","webchannel_port","host","rules","websocket_port","functions_emulator","seed_from_export","project_id","single_project_mode"],"joinArgs":false,"shell":false,"port":8080} {"metadata":{"emulator":{"name":"firestore"},"message":"Starting Firestore Emulator with command {\"binary\":\"java\",\"args\":[\"-Dgoogle.cloud_firestore.debug_log_level=FINE\",\"-Duser.language=en\",\"-jar\",\"/Users/aboelghet/.cache/firebase/emulators/cloud-firestore-emulator-v1.20.4.jar\",\"--host\",\"127.0.0.1\",\"--port\",8080,\"--websocket_port\",9150,\"--project_id\",\"learnaria-483e7\",\"--rules\",\"/Users/aboelghet/Developer/SpotDashboard/firestore.rules\",\"--single_project_mode\",true,\"--functions_emulator\",\"127.0.0.1:5001\"],\"optionalArgs\":[\"port\",\"webchannel_port\",\"host\",\"rules\",\"websocket_port\",\"functions_emulator\",\"seed_from_export\",\"project_id\",\"single_project_mode\"],\"joinArgs\":false,\"shell\":false,\"port\":8080}"}}
[info] i  firestore: Firestore Emulator logging to firestore-debug.log {"metadata":{"emulator":{"name":"firestore"},"message":"Firestore Emulator logging to \u001b[1mfirestore-debug.log\u001b[22m"}}
[debug] [2026-07-25T07:35:33.516Z] WARNING: A terminally deprecated method in sun.misc.Unsafe has been called
WARNING: sun.misc.Unsafe::allocateMemory has been called by io.netty.util.internal.PlatformDependent0$2 (file:/Users/aboelghet/.cache/firebase/emulators/cloud-firestore-emulator-v1.20.4.jar)
WARNING: Please consider reporting this to the maintainers of class io.netty.util.internal.PlatformDependent0$2
WARNING: sun.misc.Unsafe::allocateMemory will be removed in a future release
 {"metadata":{"emulator":{"name":"firestore"},"message":"WARNING: A terminally deprecated method in sun.misc.Unsafe has been called\nWARNING: sun.misc.Unsafe::allocateMemory has been called by io.netty.util.internal.PlatformDependent0$2 (file:/Users/aboelghet/.cache/firebase/emulators/cloud-firestore-emulator-v1.20.4.jar)\nWARNING: Please consider reporting this to the maintainers of class io.netty.util.internal.PlatformDependent0$2\nWARNING: sun.misc.Unsafe::allocateMemory will be removed in a future release\n"}}
[debug] [2026-07-25T07:35:33.972Z] Jul 25, 2026 10:35:33 AM com.google.cloud.datastore.emulator.firestore.websocket.WebSocketServer start
INFO: Started WebSocket server on ws://127.0.0.1:9150
 {"metadata":{"emulator":{"name":"firestore"},"message":"Jul 25, 2026 10:35:33 AM com.google.cloud.datastore.emulator.firestore.websocket.WebSocketServer start\nINFO: Started WebSocket server on ws://127.0.0.1:9150\n"}}
[debug] [2026-07-25T07:35:33.985Z] 
API endpoint: http:// {"metadata":{"emulator":{"name":"firestore"},"message":"\nAPI endpoint: http://"}}
[debug] [2026-07-25T07:35:33.985Z] 127.0.0.1:8080
Database Edition: STANDARD
Database Mode: CLOUD_FIRESTORE

If you are using a library that supports the FIRESTORE_EMULATOR_HOST environment variable, run:

   export FIRESTORE_EMULATOR_HOST=127.0.0.1:8080

If you are running a Firestore in Datastore Mode project, run:

   export DATASTORE_EMULATOR_HOST=127.0.0.1:8080

Note: Support for Datastore Mode is in preview. If you encounter any bugs please file at https://github.com/firebase/firebase-tools/issues.
Dev App Server is now running.

 {"metadata":{"emulator":{"name":"firestore"},"message":"127.0.0.1:8080\nDatabase Edition: STANDARD\nDatabase Mode: CLOUD_FIRESTORE\n\nIf you are using a library that supports the FIRESTORE_EMULATOR_HOST environment variable, run:\n\n   export FIRESTORE_EMULATOR_HOST=127.0.0.1:8080\n\nIf you are running a Firestore in Datastore Mode project, run:\n\n   export DATASTORE_EMULATOR_HOST=127.0.0.1:8080\n\nNote: Support for Datastore Mode is in preview. If you encounter any bugs please file at https://github.com/firebase/firebase-tools/issues.\nDev App Server is now running.\n\n"}}
[info] ✔  firestore: Firestore Emulator UI websocket is running on 9150. {"metadata":{"emulator":{"name":"firestore"},"message":"Firestore Emulator UI websocket is running on 9150."}}
[info] i  storage: downloading cloud-storage-rules-runtime-v1.1.3.jar... {"metadata":{"emulator":{"name":"storage"},"message":"downloading cloud-storage-rules-runtime-v1.1.3.jar..."}}
[debug] [2026-07-25T07:35:34.082Z] >>> [apiv2][query] GET https://storage.googleapis.com/firebase-preview-drop/emulator/cloud-storage-rules-runtime-v1.1.3.jar 
[debug] [2026-07-25T07:35:34.290Z] <<< [apiv2][status] GET https://storage.googleapis.com/firebase-preview-drop/emulator/cloud-storage-rules-runtime-v1.1.3.jar 200
[debug] [2026-07-25T07:35:34.291Z] <<< [apiv2][body] GET https://storage.googleapis.com/firebase-preview-drop/emulator/cloud-storage-rules-runtime-v1.1.3.jar [stream]
[debug] [2026-07-25T07:36:09.863Z] Ignoring unsupported arg: port {"metadata":{"emulator":{"name":"storage"},"message":"Ignoring unsupported arg: port"}}
[warn] ⚠  Unexpected rules runtime error: WARNING: A terminally deprecated method in sun.misc.Unsafe has been called
WARNING: sun.misc.Unsafe::arrayBaseOffset has been called by com.google.protobuf.UnsafeUtil$MemoryAccessor (file:/Users/aboelghet/.cache/firebase/emulators/cloud-storage-rules-runtime-v1.1.3.jar)
WARNING: Please consider reporting this to the maintainers of class com.google.protobuf.UnsafeUtil$MemoryAccessor
WARNING: sun.misc.Unsafe::arrayBaseOffset will be removed in a future release
 {"metadata":{"emulator":{"name":"storage"},"message":"Unexpected rules runtime error: WARNING: A terminally deprecated method in sun.misc.Unsafe has been called\nWARNING: sun.misc.Unsafe::arrayBaseOffset has been called by com.google.protobuf.UnsafeUtil$MemoryAccessor (file:/Users/aboelghet/.cache/firebase/emulators/cloud-storage-rules-runtime-v1.1.3.jar)\nWARNING: Please consider reporting this to the maintainers of class com.google.protobuf.UnsafeUtil$MemoryAccessor\nWARNING: sun.misc.Unsafe::arrayBaseOffset will be removed in a future release\n"}}
[debug] [2026-07-25T07:36:10.254Z] Temp file directory for storage emulator: /var/folders/8p/3v2p6dd969b_f1fld0w0nqwc0000gn/T/firebase/storage/blobs {"metadata":{"emulator":{"name":"storage"},"message":"Temp file directory for storage emulator: /var/folders/8p/3v2p6dd969b_f1fld0w0nqwc0000gn/T/firebase/storage/blobs"}}
[debug] [2026-07-25T07:36:10.259Z] Checked if tokens are valid: true, expires at: 1784967836704
[debug] [2026-07-25T07:36:10.259Z] Checked if tokens are valid: true, expires at: 1784967836704
[debug] [2026-07-25T07:36:10.260Z] >>> [apiv2][query] GET https://firebasehosting.googleapis.com/v1beta1/projects/learnaria-483e7/sites 
[debug] [2026-07-25T07:36:11.594Z] <<< [apiv2][status] GET https://firebasehosting.googleapis.com/v1beta1/projects/learnaria-483e7/sites 200
[debug] [2026-07-25T07:36:11.595Z] <<< [apiv2][body] GET https://firebasehosting.googleapis.com/v1beta1/projects/learnaria-483e7/sites {"sites":[{"name":"projects/learnaria-483e7/sites/learnaria-483e7","defaultUrl":"https://learnaria-483e7.web.app","type":"DEFAULT_SITE"}]}
[debug] [2026-07-25T07:36:11.595Z] Checked if tokens are valid: true, expires at: 1784967836704
[debug] [2026-07-25T07:36:11.595Z] Checked if tokens are valid: true, expires at: 1784967836704
[debug] [2026-07-25T07:36:11.595Z] >>> [apiv2][query] GET https://firebase.googleapis.com/v1beta1/projects/learnaria-483e7/webApps/-/config [none]
[debug] [2026-07-25T07:36:12.605Z] <<< [apiv2][status] GET https://firebase.googleapis.com/v1beta1/projects/learnaria-483e7/webApps/-/config 200
[debug] [2026-07-25T07:36:12.605Z] <<< [apiv2][body] GET https://firebase.googleapis.com/v1beta1/projects/learnaria-483e7/webApps/-/config {"projectId":"learnaria-483e7","storageBucket":"learnaria-483e7.firebasestorage.app","apiKey":"AIzaSyCcgkwdGFTLtC1wKfT5EJ8TkJoea-i1zJc","authDomain":"learnaria-483e7.firebaseapp.com","messagingSenderId":"573038013067","projectNumber":"573038013067","version":"2"}
[debug] [2026-07-25T07:36:12.620Z] Checked if tokens are valid: true, expires at: 1784967836704
[debug] [2026-07-25T07:36:12.620Z] Checked if tokens are valid: true, expires at: 1784967836704
[debug] [2026-07-25T07:36:12.621Z] >>> [apiv2][query] GET https://firebase.googleapis.com/v1beta1/projects/learnaria-483e7 [none]
[debug] [2026-07-25T07:36:12.889Z] <<< [apiv2][status] GET https://firebase.googleapis.com/v1beta1/projects/learnaria-483e7 200
[debug] [2026-07-25T07:36:12.889Z] <<< [apiv2][body] GET https://firebase.googleapis.com/v1beta1/projects/learnaria-483e7 {"projectId":"learnaria-483e7","projectNumber":"573038013067","displayName":"Learnaria","name":"projects/learnaria-483e7","resources":{"hostingSite":"learnaria-483e7"},"state":"ACTIVE","labels":{"firebase":"enabled","firebaseworkflows/environment":"unspecified","firebase/storage-default-bucket":"created"},"etag":"1_fcaa7d99-dac4-4701-8d60-3b344359af0b"}
[info] ✔  hosting[learnaria-483e7]: Local server: http://127.0.0.1:5002 {"metadata":{"emulator":{"name":"hosting"},"message":"Local server: \u001b[4m\u001b[1mhttp://127.0.0.1:5002\u001b[22m\u001b[24m"}}
[info] i  ui: downloading ui-v1.15.0.zip... {"metadata":{"emulator":{"name":"ui"},"message":"downloading ui-v1.15.0.zip..."}}
[debug] [2026-07-25T07:36:12.974Z] >>> [apiv2][query] GET https://storage.googleapis.com/firebase-preview-drop/emulator/ui-v1.15.0.zip 
[debug] [2026-07-25T07:36:13.194Z] <<< [apiv2][status] GET https://storage.googleapis.com/firebase-preview-drop/emulator/ui-v1.15.0.zip 200
[debug] [2026-07-25T07:36:13.195Z] <<< [apiv2][body] GET https://storage.googleapis.com/firebase-preview-drop/emulator/ui-v1.15.0.zip [stream]
[debug] [2026-07-25T07:36:15.280Z] Data is 3538469
[debug] [2026-07-25T07:36:15.281Z] [unzip] Entry: client/ (compressed_size=0 bytes, uncompressed_size=0 bytes)
[debug] [2026-07-25T07:36:15.281Z] [unzip] Processing entry: client/
[debug] [2026-07-25T07:36:15.281Z] [unzip] mkdir: /Users/aboelghet/.cache/firebase/emulators/ui-v1.15.0/client/
[debug] [2026-07-25T07:36:15.282Z] [unzip] Entry: client/favicon-16x16.png (compressed_size=293 bytes, uncompressed_size=293 bytes)
[debug] [2026-07-25T07:36:15.282Z] [unzip] Processing entry: client/favicon-16x16.png
[debug] [2026-07-25T07:36:15.283Z] [unzip] else mkdir: /Users/aboelghet/.cache/firebase/emulators/ui-v1.15.0/client
[debug] [2026-07-25T07:36:15.283Z] [unzip] Writing file: /Users/aboelghet/.cache/firebase/emulators/ui-v1.15.0/client/favicon-16x16.png
[debug] [2026-07-25T07:36:15.288Z] [unzip] Entry: client/safari-pinned-tab.svg (compressed_size=1433 bytes, uncompressed_size=2611 bytes)
[debug] [2026-07-25T07:36:15.288Z] [unzip] Processing entry: client/safari-pinned-tab.svg
[debug] [2026-07-25T07:36:15.288Z] [unzip] else mkdir: /Users/aboelghet/.cache/firebase/emulators/ui-v1.15.0/client
[debug] [2026-07-25T07:36:15.288Z] [unzip] deflating: /Users/aboelghet/.cache/firebase/emulators/ui-v1.15.0/client/safari-pinned-tab.svg
[debug] [2026-07-25T07:36:15.294Z] [unzip] Entry: client/favicon.ico (compressed_size=2933 bytes, uncompressed_size=13294 bytes)
[debug] [2026-07-25T07:36:15.294Z] [unzip] Processing entry: client/favicon.ico
[debug] [2026-07-25T07:36:15.294Z] [unzip] else mkdir: /Users/aboelghet/.cache/firebase/emulators/ui-v1.15.0/client
[debug] [2026-07-25T07:36:15.294Z] [unzip] deflating: /Users/aboelghet/.cache/firebase/emulators/ui-v1.15.0/client/favicon.ico
[debug] [2026-07-25T07:36:15.295Z] [unzip] Entry: client/index.html (compressed_size=1364 bytes, uncompressed_size=3071 bytes)
[debug] [2026-07-25T07:36:15.295Z] [unzip] Processing entry: client/index.html
[debug] [2026-07-25T07:36:15.295Z] [unzip] else mkdir: /Users/aboelghet/.cache/firebase/emulators/ui-v1.15.0/client
[debug] [2026-07-25T07:36:15.295Z] [unzip] deflating: /Users/aboelghet/.cache/firebase/emulators/ui-v1.15.0/client/index.html
[debug] [2026-07-25T07:36:15.296Z] [unzip] Entry: client/android-chrome-192x192.png (compressed_size=2684 bytes, uncompressed_size=2684 bytes)
[debug] [2026-07-25T07:36:15.296Z] [unzip] Processing entry: client/android-chrome-192x192.png
[debug] [2026-07-25T07:36:15.296Z] [unzip] else mkdir: /Users/aboelghet/.cache/firebase/emulators/ui-v1.15.0/client
[debug] [2026-07-25T07:36:15.297Z] [unzip] Writing file: /Users/aboelghet/.cache/firebase/emulators/ui-v1.15.0/client/android-chrome-192x192.png
[debug] [2026-07-25T07:36:15.297Z] [unzip] Entry: client/apple-touch-icon.png (compressed_size=2123 bytes, uncompressed_size=2152 bytes)
[debug] [2026-07-25T07:36:15.297Z] [unzip] Processing entry: client/apple-touch-icon.png
[debug] [2026-07-25T07:36:15.297Z] [unzip] else mkdir: /Users/aboelghet/.cache/firebase/emulators/ui-v1.15.0/client
[debug] [2026-07-25T07:36:15.297Z] [unzip] deflating: /Users/aboelghet/.cache/firebase/emulators/ui-v1.15.0/client/apple-touch-icon.png
[debug] [2026-07-25T07:36:15.298Z] [unzip] Entry: client/android-chrome-512x512.png (compressed_size=5369 bytes, uncompressed_size=5411 bytes)
[debug] [2026-07-25T07:36:15.298Z] [unzip] Processing entry: client/android-chrome-512x512.png
[debug] [2026-07-25T07:36:15.298Z] [unzip] else mkdir: /Users/aboelghet/.cache/firebase/emulators/ui-v1.15.0/client
[debug] [2026-07-25T07:36:15.298Z] [unzip] deflating: /Users/aboelghet/.cache/firebase/emulators/ui-v1.15.0/client/android-chrome-512x512.png
[debug] [2026-07-25T07:36:15.299Z] [unzip] Entry: client/manifest.json (compressed_size=245 bytes, uncompressed_size=551 bytes)
[debug] [2026-07-25T07:36:15.299Z] [unzip] Processing entry: client/manifest.json
[debug] [2026-07-25T07:36:15.299Z] [unzip] else mkdir: /Users/aboelghet/.cache/firebase/emulators/ui-v1.15.0/client
[debug] [2026-07-25T07:36:15.299Z] [unzip] deflating: /Users/aboelghet/.cache/firebase/emulators/ui-v1.15.0/client/manifest.json
[debug] [2026-07-25T07:36:15.300Z] [unzip] Entry: client/robots.txt (compressed_size=26 bytes, uncompressed_size=26 bytes)
[debug] [2026-07-25T07:36:15.300Z] [unzip] Processing entry: client/robots.txt
[debug] [2026-07-25T07:36:15.300Z] [unzip] else mkdir: /Users/aboelghet/.cache/firebase/emulators/ui-v1.15.0/client
[debug] [2026-07-25T07:36:15.300Z] [unzip] Writing file: /Users/aboelghet/.cache/firebase/emulators/ui-v1.15.0/client/robots.txt
[debug] [2026-07-25T07:36:15.300Z] [unzip] Entry: client/mstile-150x150.png (compressed_size=2034 bytes, uncompressed_size=2034 bytes)
[debug] [2026-07-25T07:36:15.301Z] [unzip] Processing entry: client/mstile-150x150.png
[debug] [2026-07-25T07:36:15.301Z] [unzip] else mkdir: /Users/aboelghet/.cache/firebase/emulators/ui-v1.15.0/client
[debug] [2026-07-25T07:36:15.301Z] [unzip] Writing file: /Users/aboelghet/.cache/firebase/emulators/ui-v1.15.0/client/mstile-150x150.png
[debug] [2026-07-25T07:36:15.301Z] [unzip] Entry: client/assets/ (compressed_size=0 bytes, uncompressed_size=0 bytes)
[debug] [2026-07-25T07:36:15.301Z] [unzip] Processing entry: client/assets/
[debug] [2026-07-25T07:36:15.301Z] [unzip] mkdir: /Users/aboelghet/.cache/firebase/emulators/ui-v1.15.0/client/assets/
[debug] [2026-07-25T07:36:15.301Z] [unzip] Entry: client/assets/index-BX-A56oj.js (compressed_size=582089 bytes, uncompressed_size=2092775 bytes)
[debug] [2026-07-25T07:36:15.302Z] [unzip] Processing entry: client/assets/index-BX-A56oj.js
[debug] [2026-07-25T07:36:15.302Z] [unzip] else mkdir: /Users/aboelghet/.cache/firebase/emulators/ui-v1.15.0/client/assets
[debug] [2026-07-25T07:36:15.302Z] [unzip] deflating: /Users/aboelghet/.cache/firebase/emulators/ui-v1.15.0/client/assets/index-BX-A56oj.js
[debug] [2026-07-25T07:36:15.312Z] [unzip] Entry: client/assets/index-CjB9C900.css (compressed_size=35979 bytes, uncompressed_size=298654 bytes)
[debug] [2026-07-25T07:36:15.312Z] [unzip] Processing entry: client/assets/index-CjB9C900.css
[debug] [2026-07-25T07:36:15.312Z] [unzip] else mkdir: /Users/aboelghet/.cache/firebase/emulators/ui-v1.15.0/client/assets
[debug] [2026-07-25T07:36:15.312Z] [unzip] deflating: /Users/aboelghet/.cache/firebase/emulators/ui-v1.15.0/client/assets/index-CjB9C900.css
[debug] [2026-07-25T07:36:15.314Z] [unzip] Entry: client/assets/index-BX-A56oj.js.map (compressed_size=2362482 bytes, uncompressed_size=10036679 bytes)
[debug] [2026-07-25T07:36:15.314Z] [unzip] Processing entry: client/assets/index-BX-A56oj.js.map
[debug] [2026-07-25T07:36:15.314Z] [unzip] else mkdir: /Users/aboelghet/.cache/firebase/emulators/ui-v1.15.0/client/assets
[debug] [2026-07-25T07:36:15.314Z] [unzip] deflating: /Users/aboelghet/.cache/firebase/emulators/ui-v1.15.0/client/assets/index-BX-A56oj.js.map
[debug] [2026-07-25T07:36:15.352Z] [unzip] Entry: client/assets/extensions/ (compressed_size=0 bytes, uncompressed_size=0 bytes)
[debug] [2026-07-25T07:36:15.352Z] [unzip] Processing entry: client/assets/extensions/
[debug] [2026-07-25T07:36:15.352Z] [unzip] mkdir: /Users/aboelghet/.cache/firebase/emulators/ui-v1.15.0/client/assets/extensions/
[debug] [2026-07-25T07:36:15.352Z] [unzip] Entry: client/assets/extensions/default-extension.png (compressed_size=1646 bytes, uncompressed_size=1657 bytes)
[debug] [2026-07-25T07:36:15.352Z] [unzip] Processing entry: client/assets/extensions/default-extension.png
[debug] [2026-07-25T07:36:15.352Z] [unzip] else mkdir: /Users/aboelghet/.cache/firebase/emulators/ui-v1.15.0/client/assets/extensions
[debug] [2026-07-25T07:36:15.352Z] [unzip] deflating: /Users/aboelghet/.cache/firebase/emulators/ui-v1.15.0/client/assets/extensions/default-extension.png
[debug] [2026-07-25T07:36:15.353Z] [unzip] Entry: client/assets/img/ (compressed_size=0 bytes, uncompressed_size=0 bytes)
[debug] [2026-07-25T07:36:15.353Z] [unzip] Processing entry: client/assets/img/
[debug] [2026-07-25T07:36:15.353Z] [unzip] mkdir: /Users/aboelghet/.cache/firebase/emulators/ui-v1.15.0/client/assets/img/
[debug] [2026-07-25T07:36:15.353Z] [unzip] Entry: client/assets/img/database.png (compressed_size=29449 bytes, uncompressed_size=29988 bytes)
[debug] [2026-07-25T07:36:15.353Z] [unzip] Processing entry: client/assets/img/database.png
[debug] [2026-07-25T07:36:15.353Z] [unzip] else mkdir: /Users/aboelghet/.cache/firebase/emulators/ui-v1.15.0/client/assets/img
[debug] [2026-07-25T07:36:15.353Z] [unzip] deflating: /Users/aboelghet/.cache/firebase/emulators/ui-v1.15.0/client/assets/img/database.png
[debug] [2026-07-25T07:36:15.353Z] [unzip] Entry: client/assets/provider-icons/ (compressed_size=0 bytes, uncompressed_size=0 bytes)
[debug] [2026-07-25T07:36:15.353Z] [unzip] Processing entry: client/assets/provider-icons/
[debug] [2026-07-25T07:36:15.353Z] [unzip] mkdir: /Users/aboelghet/.cache/firebase/emulators/ui-v1.15.0/client/assets/provider-icons/
[debug] [2026-07-25T07:36:15.353Z] [unzip] Entry: client/assets/provider-icons/auth_service_saml.svg (compressed_size=575 bytes, uncompressed_size=1226 bytes)
[debug] [2026-07-25T07:36:15.353Z] [unzip] Processing entry: client/assets/provider-icons/auth_service_saml.svg
[debug] [2026-07-25T07:36:15.353Z] [unzip] else mkdir: /Users/aboelghet/.cache/firebase/emulators/ui-v1.15.0/client/assets/provider-icons
[debug] [2026-07-25T07:36:15.353Z] [unzip] deflating: /Users/aboelghet/.cache/firebase/emulators/ui-v1.15.0/client/assets/provider-icons/auth_service_saml.svg
[debug] [2026-07-25T07:36:15.354Z] [unzip] Entry: client/assets/provider-icons/auth_service_phone.svg (compressed_size=261 bytes, uncompressed_size=414 bytes)
[debug] [2026-07-25T07:36:15.354Z] [unzip] Processing entry: client/assets/provider-icons/auth_service_phone.svg
[debug] [2026-07-25T07:36:15.354Z] [unzip] else mkdir: /Users/aboelghet/.cache/firebase/emulators/ui-v1.15.0/client/assets/provider-icons
[debug] [2026-07-25T07:36:15.354Z] [unzip] deflating: /Users/aboelghet/.cache/firebase/emulators/ui-v1.15.0/client/assets/provider-icons/auth_service_phone.svg
[debug] [2026-07-25T07:36:15.354Z] [unzip] Entry: client/assets/provider-icons/auth_service_facebook.svg (compressed_size=289 bytes, uncompressed_size=457 bytes)
[debug] [2026-07-25T07:36:15.354Z] [unzip] Processing entry: client/assets/provider-icons/auth_service_facebook.svg
[debug] [2026-07-25T07:36:15.354Z] [unzip] else mkdir: /Users/aboelghet/.cache/firebase/emulators/ui-v1.15.0/client/assets/provider-icons
[debug] [2026-07-25T07:36:15.354Z] [unzip] deflating: /Users/aboelghet/.cache/firebase/emulators/ui-v1.15.0/client/assets/provider-icons/auth_service_facebook.svg
[debug] [2026-07-25T07:36:15.354Z] [unzip] Entry: client/assets/provider-icons/auth_service_game_center.svg (compressed_size=991 bytes, uncompressed_size=3921 bytes)
[debug] [2026-07-25T07:36:15.354Z] [unzip] Processing entry: client/assets/provider-icons/auth_service_game_center.svg
[debug] [2026-07-25T07:36:15.354Z] [unzip] else mkdir: /Users/aboelghet/.cache/firebase/emulators/ui-v1.15.0/client/assets/provider-icons
[debug] [2026-07-25T07:36:15.354Z] [unzip] deflating: /Users/aboelghet/.cache/firebase/emulators/ui-v1.15.0/client/assets/provider-icons/auth_service_game_center.svg
[debug] [2026-07-25T07:36:15.355Z] [unzip] Entry: client/assets/provider-icons/auth_service_apple.svg (compressed_size=230 bytes, uncompressed_size=334 bytes)
[debug] [2026-07-25T07:36:15.355Z] [unzip] Processing entry: client/assets/provider-icons/auth_service_apple.svg
[debug] [2026-07-25T07:36:15.355Z] [unzip] else mkdir: /Users/aboelghet/.cache/firebase/emulators/ui-v1.15.0/client/assets/provider-icons
[debug] [2026-07-25T07:36:15.355Z] [unzip] deflating: /Users/aboelghet/.cache/firebase/emulators/ui-v1.15.0/client/assets/provider-icons/auth_service_apple.svg
[debug] [2026-07-25T07:36:15.355Z] [unzip] Entry: client/assets/provider-icons/auth_service_github.svg (compressed_size=466 bytes, uncompressed_size=838 bytes)
[debug] [2026-07-25T07:36:15.355Z] [unzip] Processing entry: client/assets/provider-icons/auth_service_github.svg
[debug] [2026-07-25T07:36:15.355Z] [unzip] else mkdir: /Users/aboelghet/.cache/firebase/emulators/ui-v1.15.0/client/assets/provider-icons
[debug] [2026-07-25T07:36:15.355Z] [unzip] deflating: /Users/aboelghet/.cache/firebase/emulators/ui-v1.15.0/client/assets/provider-icons/auth_service_github.svg
[debug] [2026-07-25T07:36:15.355Z] [unzip] Entry: client/assets/provider-icons/auth_service_mslive.svg (compressed_size=203 bytes, uncompressed_size=378 bytes)
[debug] [2026-07-25T07:36:15.355Z] [unzip] Processing entry: client/assets/provider-icons/auth_service_mslive.svg
[debug] [2026-07-25T07:36:15.355Z] [unzip] else mkdir: /Users/aboelghet/.cache/firebase/emulators/ui-v1.15.0/client/assets/provider-icons
[debug] [2026-07-25T07:36:15.355Z] [unzip] deflating: /Users/aboelghet/.cache/firebase/emulators/ui-v1.15.0/client/assets/provider-icons/auth_service_mslive.svg
[debug] [2026-07-25T07:36:15.356Z] [unzip] Entry: client/assets/provider-icons/auth_service_yahoo.svg (compressed_size=577 bytes, uncompressed_size=1182 bytes)
[debug] [2026-07-25T07:36:15.356Z] [unzip] Processing entry: client/assets/provider-icons/auth_service_yahoo.svg
[debug] [2026-07-25T07:36:15.356Z] [unzip] else mkdir: /Users/aboelghet/.cache/firebase/emulators/ui-v1.15.0/client/assets/provider-icons
[debug] [2026-07-25T07:36:15.356Z] [unzip] deflating: /Users/aboelghet/.cache/firebase/emulators/ui-v1.15.0/client/assets/provider-icons/auth_service_yahoo.svg
[debug] [2026-07-25T07:36:15.356Z] [unzip] Entry: client/assets/provider-icons/auth_service_twitter.svg (compressed_size=444 bytes, uncompressed_size=751 bytes)
[debug] [2026-07-25T07:36:15.356Z] [unzip] Processing entry: client/assets/provider-icons/auth_service_twitter.svg
[debug] [2026-07-25T07:36:15.356Z] [unzip] else mkdir: /Users/aboelghet/.cache/firebase/emulators/ui-v1.15.0/client/assets/provider-icons
[debug] [2026-07-25T07:36:15.356Z] [unzip] deflating: /Users/aboelghet/.cache/firebase/emulators/ui-v1.15.0/client/assets/provider-icons/auth_service_twitter.svg
[debug] [2026-07-25T07:36:15.356Z] [unzip] Entry: client/assets/provider-icons/auth_service_play_games.svg (compressed_size=565 bytes, uncompressed_size=1173 bytes)
[debug] [2026-07-25T07:36:15.356Z] [unzip] Processing entry: client/assets/provider-icons/auth_service_play_games.svg
[debug] [2026-07-25T07:36:15.356Z] [unzip] else mkdir: /Users/aboelghet/.cache/firebase/emulators/ui-v1.15.0/client/assets/provider-icons
[debug] [2026-07-25T07:36:15.356Z] [unzip] deflating: /Users/aboelghet/.cache/firebase/emulators/ui-v1.15.0/client/assets/provider-icons/auth_service_play_games.svg
[debug] [2026-07-25T07:36:15.357Z] [unzip] Entry: client/assets/provider-icons/auth_service_email.svg (compressed_size=228 bytes, uncompressed_size=326 bytes)
[debug] [2026-07-25T07:36:15.357Z] [unzip] Processing entry: client/assets/provider-icons/auth_service_email.svg
[debug] [2026-07-25T07:36:15.357Z] [unzip] else mkdir: /Users/aboelghet/.cache/firebase/emulators/ui-v1.15.0/client/assets/provider-icons
[debug] [2026-07-25T07:36:15.357Z] [unzip] deflating: /Users/aboelghet/.cache/firebase/emulators/ui-v1.15.0/client/assets/provider-icons/auth_service_email.svg
[debug] [2026-07-25T07:36:15.357Z] [unzip] Entry: client/assets/provider-icons/auth_service_google.svg (compressed_size=409 bytes, uncompressed_size=720 bytes)
[debug] [2026-07-25T07:36:15.357Z] [unzip] Processing entry: client/assets/provider-icons/auth_service_google.svg
[debug] [2026-07-25T07:36:15.357Z] [unzip] else mkdir: /Users/aboelghet/.cache/firebase/emulators/ui-v1.15.0/client/assets/provider-icons
[debug] [2026-07-25T07:36:15.357Z] [unzip] deflating: /Users/aboelghet/.cache/firebase/emulators/ui-v1.15.0/client/assets/provider-icons/auth_service_google.svg
[debug] [2026-07-25T07:36:15.357Z] [unzip] Entry: client/assets/provider-icons/auth_service_oidc.svg (compressed_size=414 bytes, uncompressed_size=858 bytes)
[debug] [2026-07-25T07:36:15.358Z] [unzip] Processing entry: client/assets/provider-icons/auth_service_oidc.svg
[debug] [2026-07-25T07:36:15.358Z] [unzip] else mkdir: /Users/aboelghet/.cache/firebase/emulators/ui-v1.15.0/client/assets/provider-icons
[debug] [2026-07-25T07:36:15.358Z] [unzip] deflating: /Users/aboelghet/.cache/firebase/emulators/ui-v1.15.0/client/assets/provider-icons/auth_service_oidc.svg
[debug] [2026-07-25T07:36:15.358Z] [unzip] Entry: client/browserconfig.xml (compressed_size=491 bytes, uncompressed_size=822 bytes)
[debug] [2026-07-25T07:36:15.358Z] [unzip] Processing entry: client/browserconfig.xml
[debug] [2026-07-25T07:36:15.358Z] [unzip] else mkdir: /Users/aboelghet/.cache/firebase/emulators/ui-v1.15.0/client
[debug] [2026-07-25T07:36:15.358Z] [unzip] deflating: /Users/aboelghet/.cache/firebase/emulators/ui-v1.15.0/client/browserconfig.xml
[debug] [2026-07-25T07:36:15.358Z] [unzip] Entry: client/favicon-32x32.png (compressed_size=475 bytes, uncompressed_size=475 bytes)
[debug] [2026-07-25T07:36:15.358Z] [unzip] Processing entry: client/favicon-32x32.png
[debug] [2026-07-25T07:36:15.358Z] [unzip] else mkdir: /Users/aboelghet/.cache/firebase/emulators/ui-v1.15.0/client
[debug] [2026-07-25T07:36:15.358Z] [unzip] Writing file: /Users/aboelghet/.cache/firebase/emulators/ui-v1.15.0/client/favicon-32x32.png
[debug] [2026-07-25T07:36:15.358Z] [unzip] Entry: server/ (compressed_size=0 bytes, uncompressed_size=0 bytes)
[debug] [2026-07-25T07:36:15.358Z] [unzip] Processing entry: server/
[debug] [2026-07-25T07:36:15.358Z] [unzip] mkdir: /Users/aboelghet/.cache/firebase/emulators/ui-v1.15.0/server/
[debug] [2026-07-25T07:36:15.358Z] [unzip] Entry: server/server.mjs.map (compressed_size=217845 bytes, uncompressed_size=944978 bytes)
[debug] [2026-07-25T07:36:15.358Z] [unzip] Processing entry: server/server.mjs.map
[debug] [2026-07-25T07:36:15.358Z] [unzip] else mkdir: /Users/aboelghet/.cache/firebase/emulators/ui-v1.15.0/server
[debug] [2026-07-25T07:36:15.358Z] [unzip] deflating: /Users/aboelghet/.cache/firebase/emulators/ui-v1.15.0/server/server.mjs.map
[debug] [2026-07-25T07:36:15.361Z] [unzip] Entry: server/server.mjs (compressed_size=276407 bytes, uncompressed_size=933701 bytes)
[debug] [2026-07-25T07:36:15.361Z] [unzip] Processing entry: server/server.mjs
[debug] [2026-07-25T07:36:15.361Z] [unzip] else mkdir: /Users/aboelghet/.cache/firebase/emulators/ui-v1.15.0/server
[debug] [2026-07-25T07:36:15.361Z] [unzip] deflating: /Users/aboelghet/.cache/firebase/emulators/ui-v1.15.0/server/server.mjs
[debug] [2026-07-25T07:36:15.364Z] [Extensions] Connecting Extensions emulator, this is a noop.
[info] i  functions: Watching "/Users/aboelghet/Developer/SpotDashboard/functions" for Cloud Functions... {"metadata":{"emulator":{"name":"functions"},"message":"Watching \"/Users/aboelghet/Developer/SpotDashboard/functions\" for Cloud Functions..."}}
[debug] [2026-07-25T07:36:15.366Z] Validating nodejs source
[warn] ⚠  functions: package.json indicates an outdated version of firebase-functions. Please upgrade using npm install --save firebase-functions@latest in your functions directory. 
[warn] ⚠  functions: Please note that there will be breaking changes when you upgrade. 
[debug] [2026-07-25T07:36:16.351Z] > [functions] package.json contents: {
  "name": "functions",
  "description": "Cloud Functions for Firebase",
  "scripts": {
    "lint": "eslint .",
    "serve": "firebase emulators:start --only functions",
    "shell": "firebase functions:shell",
    "start": "npm run shell",
    "deploy": "firebase deploy --only functions",
    "logs": "firebase functions:log"
  },
  "engines": {
    "node": "22"
  },
  "main": "index.js",
  "dependencies": {
    "@google/generative-ai": "^0.24.1",
    "arabic-reshaper": "^1.1.0",
    "axios": "^1.13.2",
    "bidi-js": "^1.0.3",
    "firebase-admin": "^13.6.0",
    "firebase-functions": "^6.0.1",
    "firebase-tools": "^15.11.0",
    "pdfkit": "^0.17.2",
    "svg-to-pdfkit": "^0.1.8",
    "twilio": "^5.12.0"
  },
  "devDependencies": {
    "eslint": "^8.15.0",
    "eslint-config-google": "^0.14.0",
    "firebase-functions-test": "^3.1.0"
  },
  "private": true
}
[debug] [2026-07-25T07:36:16.351Z] Building nodejs source
[debug] [2026-07-25T07:36:16.351Z] Failed to find version of module node: reached end of search path /Users/aboelghet/Developer/SpotDashboard/functions/node_modules
[warn] ⚠  functions: Your requested "node" version "22" doesn't match your global version "24". Using node@24 from host. 
[info] i  functions: Loaded environment variables from .env. 
[debug] [2026-07-25T07:36:16.354Z] Could not find functions.yaml. Must use http discovery
[debug] [2026-07-25T07:36:16.359Z] Found firebase-functions binary at '/Users/aboelghet/Developer/SpotDashboard/functions/node_modules/.bin/firebase-functions'
[info] Serving at port 8162

[debug] [2026-07-25T07:36:16.921Z] Got response from /__/functions.yaml {"endpoints":{"sendAbsenceNotifications":{"availableMemoryMb":null,"timeoutSeconds":null,"minInstances":null,"maxInstances":null,"ingressSettings":null,"concurrency":null,"serviceAccountEmail":null,"vpc":null,"platform":"gcfv2","labels":{},"callableTrigger":{},"entryPoint":"sendAbsenceNotifications"},"notifyOnNewGrades":{"availableMemoryMb":null,"timeoutSeconds":null,"minInstances":null,"maxInstances":null,"ingressSettings":null,"concurrency":null,"serviceAccountEmail":null,"vpc":null,"platform":"gcfv2","labels":{},"eventTrigger":{"eventType":"google.cloud.firestore.document.v1.written","eventFilters":{"database":"(default)","namespace":"(default)"},"eventFilterPathPatterns":{"document":"teachers/{teacherId}/groups/{groupId}/assignments/{assignmentId}"},"retry":false},"entryPoint":"notifyOnNewGrades"},"notifyOnScheduleException":{"availableMemoryMb":null,"timeoutSeconds":null,"minInstances":null,"maxInstances":null,"ingressSettings":null,"concurrency":null,"serviceAccountEmail":null,"vpc":null,"platform":"gcfv2","labels":{},"eventTrigger":{"eventType":"google.cloud.firestore.document.v1.written","eventFilters":{"database":"(default)","namespace":"(default)"},"eventFilterPathPatterns":{"document":"teachers/{teacherId}/groups/{groupId}/exceptions/{exceptionId}"},"retry":false},"entryPoint":"notifyOnScheduleException"},"classReminder":{"availableMemoryMb":null,"timeoutSeconds":null,"minInstances":null,"maxInstances":null,"ingressSettings":null,"concurrency":null,"serviceAccountEmail":null,"vpc":null,"platform":"gcfv2","labels":{},"scheduleTrigger":{"schedule":"*/15 * * * *","retryConfig":{},"timeZone":"Africa/Cairo"},"entryPoint":"classReminder"},"paymentReminder":{"availableMemoryMb":null,"timeoutSeconds":null,"minInstances":null,"maxInstances":null,"ingressSettings":null,"concurrency":null,"serviceAccountEmail":null,"vpc":null,"platform":"gcfv2","labels":{},"scheduleTrigger":{"schedule":"0 14 * * *","retryConfig":{},"timeZone":"Africa/Cairo"},"entryPoint":"paymentReminder"},"getDashboardData":{"availableMemoryMb":null,"timeoutSeconds":null,"minInstances":null,"maxInstances":null,"ingressSettings":null,"concurrency":null,"serviceAccountEmail":null,"vpc":null,"platform":"gcfv2","labels":{},"callableTrigger":{},"entryPoint":"getDashboardData"},"checkParentExists":{"availableMemoryMb":null,"timeoutSeconds":null,"minInstances":null,"maxInstances":null,"ingressSettings":null,"concurrency":null,"serviceAccountEmail":null,"vpc":null,"platform":"gcfv2","labels":{},"callableTrigger":{},"entryPoint":"checkParentExists"},"notifyOnPayment":{"availableMemoryMb":null,"timeoutSeconds":null,"minInstances":null,"maxInstances":null,"ingressSettings":null,"concurrency":null,"serviceAccountEmail":null,"vpc":null,"platform":"gcfv2","labels":{},"eventTrigger":{"eventType":"google.cloud.firestore.document.v1.written","eventFilters":{"database":"(default)","namespace":"(default)"},"eventFilterPathPatterns":{"document":"teachers/{teacherId}/groups/{groupId}/payments/{month}"},"retry":false},"entryPoint":"notifyOnPayment"},"sendCustomMessage":{"availableMemoryMb":null,"timeoutSeconds":null,"minInstances":null,"maxInstances":null,"ingressSettings":null,"concurrency":null,"serviceAccountEmail":null,"vpc":null,"platform":"gcfv2","labels":{},"callableTrigger":{},"entryPoint":"sendCustomMessage"},"processUploadedFile":{"platform":"gcfv2","availableMemoryMb":1024,"timeoutSeconds":540,"minInstances":null,"maxInstances":null,"ingressSettings":null,"concurrency":null,"serviceAccountEmail":null,"vpc":null,"cpu":1,"region":["us-central1"],"labels":{},"eventTrigger":{"eventType":"google.cloud.storage.object.v1.finalized","eventFilters":{"bucket":"learnaria-483e7.firebasestorage.app"},"retry":false},"entryPoint":"processUploadedFile"},"whatsappWebhook":{"availableMemoryMb":null,"timeoutSeconds":null,"minInstances":null,"maxInstances":null,"ingressSettings":null,"concurrency":null,"serviceAccountEmail":null,"vpc":null,"platform":"gcfv2","labels":{},"httpsTrigger":{},"entryPoint":"whatsappWebhook"},"chatWithSpot":{"availableMemoryMb":1024,"timeoutSeconds":300,"minInstances":null,"maxInstances":null,"ingressSettings":null,"concurrency":null,"serviceAccountEmail":null,"vpc":null,"platform":"gcfv2","labels":{},"callableTrigger":{},"entryPoint":"chatWithSpot"},"notifyOnPresence":{"availableMemoryMb":null,"timeoutSeconds":null,"minInstances":null,"maxInstances":null,"ingressSettings":null,"concurrency":null,"serviceAccountEmail":null,"vpc":null,"platform":"gcfv2","labels":{},"eventTrigger":{"eventType":"google.cloud.firestore.document.v1.written","eventFilters":{"database":"(default)","namespace":"(default)"},"eventFilterPathPatterns":{"document":"teachers/{teacherId}/groups/{groupId}/dailyAttendance/{date}"},"retry":false},"entryPoint":"notifyOnPresence"},"autoAbsenceReminder":{"availableMemoryMb":null,"timeoutSeconds":null,"minInstances":null,"maxInstances":null,"ingressSettings":null,"concurrency":null,"serviceAccountEmail":null,"vpc":null,"platform":"gcfv2","labels":{},"scheduleTrigger":{"schedule":"*/15 * * * *","retryConfig":{},"timeZone":"Africa/Cairo"},"entryPoint":"autoAbsenceReminder"}},"specVersion":"v1alpha1","requiredAPIs":[{"api":"cloudscheduler.googleapis.com","reason":"Needed for scheduled functions."}],"extensions":{}}
[debug] [2026-07-25T07:36:20.959Z] defaultcredentials: writing to file /Users/aboelghet/.config/firebase/ahmadaboelghet_gmail_com_application_default_credentials.json
[debug] [2026-07-25T07:36:20.961Z] Setting GAC to /Users/aboelghet/.config/firebase/ahmadaboelghet_gmail_com_application_default_credentials.json {"metadata":{"emulator":{"name":"functions"},"message":"Setting GAC to /Users/aboelghet/.config/firebase/ahmadaboelghet_gmail_com_application_default_credentials.json"}}
[info] ✔  functions: Loaded functions definitions from source: sendAbsenceNotifications, notifyOnNewGrades, notifyOnScheduleException, classReminder, paymentReminder, getDashboardData, checkParentExists, notifyOnPayment, sendCustomMessage, processUploadedFile, whatsappWebhook, chatWithSpot, notifyOnPresence, autoAbsenceReminder. {"metadata":{"emulator":{"name":"functions"},"message":"Loaded functions definitions from source: sendAbsenceNotifications, notifyOnNewGrades, notifyOnScheduleException, classReminder, paymentReminder, getDashboardData, checkParentExists, notifyOnPayment, sendCustomMessage, processUploadedFile, whatsappWebhook, chatWithSpot, notifyOnPresence, autoAbsenceReminder."}}
[info] ✔  functions[us-central1-sendAbsenceNotifications]: http function initialized (http://127.0.0.1:5001/learnaria-483e7/us-central1/sendAbsenceNotifications). {"metadata":{"emulator":{"name":"functions"},"message":"\u001b[1mhttp\u001b[22m function initialized (http://127.0.0.1:5001/learnaria-483e7/us-central1/sendAbsenceNotifications)."}}
[debug] [2026-07-25T07:36:20.967Z] Found a v2 firestore trigger.
[debug] [2026-07-25T07:36:20.967Z] addFirestoreTrigger "{\"eventType\":\"google.cloud.firestore.document.v1.written\",\"database\":\"(default)\",\"namespace\":\"(default)\",\"document\":{\"value\":\"teachers/{teacherId}/groups/{groupId}/assignments/{assignmentId}\",\"matchType\":\"PATH_PATTERN\"}}"
[debug] [2026-07-25T07:36:20.968Z] >>> [apiv2][query] POST http://127.0.0.1:8080/emulator/v1/projects/learnaria-483e7/eventarcTrigger?eventarcTriggerId=us-central1-notifyOnNewGrades-0 [none]
[debug] [2026-07-25T07:36:20.968Z] >>> [apiv2][body] POST http://127.0.0.1:8080/emulator/v1/projects/learnaria-483e7/eventarcTrigger?eventarcTriggerId=us-central1-notifyOnNewGrades-0 "{\"eventType\":\"google.cloud.firestore.document.v1.written\",\"database\":\"(default)\",\"namespace\":\"(default)\",\"document\":{\"value\":\"teachers/{teacherId}/groups/{groupId}/assignments/{assignmentId}\",\"matchType\":\"PATH_PATTERN\"}}"
[debug] [2026-07-25T07:36:20.982Z] Jul 25, 2026 10:36:20 AM io.gapi.emulators.netty.HttpVersionRoutingHandler channelRead
INFO: Detected non-HTTP/2 connection.
 {"metadata":{"emulator":{"name":"firestore"},"message":"Jul 25, 2026 10:36:20 AM io.gapi.emulators.netty.HttpVersionRoutingHandler channelRead\nINFO: Detected non-HTTP/2 connection.\n"}}
[debug] [2026-07-25T07:36:21.110Z] Jul 25, 2026 10:36:21 AM io.gapi.emulators.netty.HttpVersionRoutingHandler channelRead
INFO: Detected HTTP/2 connection.
 {"metadata":{"emulator":{"name":"firestore"},"message":"Jul 25, 2026 10:36:21 AM io.gapi.emulators.netty.HttpVersionRoutingHandler channelRead\nINFO: Detected HTTP/2 connection.\n"}}
[debug] [2026-07-25T07:36:21.402Z] <<< [apiv2][status] POST http://127.0.0.1:8080/emulator/v1/projects/learnaria-483e7/eventarcTrigger?eventarcTriggerId=us-central1-notifyOnNewGrades-0 200
[debug] [2026-07-25T07:36:21.402Z] <<< [apiv2][body] POST http://127.0.0.1:8080/emulator/v1/projects/learnaria-483e7/eventarcTrigger?eventarcTriggerId=us-central1-notifyOnNewGrades-0 {"eventType":"google.cloud.firestore.document.v1.written","database":"(default)","namespace":"(default)","document":{"value":"teachers/{teacherId}/groups/{groupId}/assignments/{assignmentId}","matchType":"PATH_PATTERN"}}
[info] ✔  functions[us-central1-notifyOnNewGrades]: firestore function initialized. {"metadata":{"emulator":{"name":"functions"},"message":"\u001b[1mfirestore\u001b[22m function initialized."}}
[debug] [2026-07-25T07:36:21.403Z] Found a v2 firestore trigger.
[debug] [2026-07-25T07:36:21.403Z] addFirestoreTrigger "{\"eventType\":\"google.cloud.firestore.document.v1.written\",\"database\":\"(default)\",\"namespace\":\"(default)\",\"document\":{\"value\":\"teachers/{teacherId}/groups/{groupId}/exceptions/{exceptionId}\",\"matchType\":\"PATH_PATTERN\"}}"
[debug] [2026-07-25T07:36:21.403Z] >>> [apiv2][query] POST http://127.0.0.1:8080/emulator/v1/projects/learnaria-483e7/eventarcTrigger?eventarcTriggerId=us-central1-notifyOnScheduleException-0 [none]
[debug] [2026-07-25T07:36:21.403Z] >>> [apiv2][body] POST http://127.0.0.1:8080/emulator/v1/projects/learnaria-483e7/eventarcTrigger?eventarcTriggerId=us-central1-notifyOnScheduleException-0 "{\"eventType\":\"google.cloud.firestore.document.v1.written\",\"database\":\"(default)\",\"namespace\":\"(default)\",\"document\":{\"value\":\"teachers/{teacherId}/groups/{groupId}/exceptions/{exceptionId}\",\"matchType\":\"PATH_PATTERN\"}}"
[debug] [2026-07-25T07:36:21.409Z] <<< [apiv2][status] POST http://127.0.0.1:8080/emulator/v1/projects/learnaria-483e7/eventarcTrigger?eventarcTriggerId=us-central1-notifyOnScheduleException-0 200
[debug] [2026-07-25T07:36:21.409Z] <<< [apiv2][body] POST http://127.0.0.1:8080/emulator/v1/projects/learnaria-483e7/eventarcTrigger?eventarcTriggerId=us-central1-notifyOnScheduleException-0 {"eventType":"google.cloud.firestore.document.v1.written","database":"(default)","namespace":"(default)","document":{"value":"teachers/{teacherId}/groups/{groupId}/exceptions/{exceptionId}","matchType":"PATH_PATTERN"}}
[info] ✔  functions[us-central1-notifyOnScheduleException]: firestore function initialized. {"metadata":{"emulator":{"name":"functions"},"message":"\u001b[1mfirestore\u001b[22m function initialized."}}
[info] i  functions[us-central1-classReminder]: function ignored because the pubsub emulator does not exist or is not running. {"metadata":{"emulator":{"name":"functions"},"message":"function ignored because the pubsub emulator does not exist or is not running."}}
[info] i  functions[us-central1-paymentReminder]: function ignored because the pubsub emulator does not exist or is not running. {"metadata":{"emulator":{"name":"functions"},"message":"function ignored because the pubsub emulator does not exist or is not running."}}
[info] ✔  functions[us-central1-getDashboardData]: http function initialized (http://127.0.0.1:5001/learnaria-483e7/us-central1/getDashboardData). {"metadata":{"emulator":{"name":"functions"},"message":"\u001b[1mhttp\u001b[22m function initialized (http://127.0.0.1:5001/learnaria-483e7/us-central1/getDashboardData)."}}
[info] ✔  functions[us-central1-checkParentExists]: http function initialized (http://127.0.0.1:5001/learnaria-483e7/us-central1/checkParentExists). {"metadata":{"emulator":{"name":"functions"},"message":"\u001b[1mhttp\u001b[22m function initialized (http://127.0.0.1:5001/learnaria-483e7/us-central1/checkParentExists)."}}
[debug] [2026-07-25T07:36:21.410Z] Found a v2 firestore trigger.
[debug] [2026-07-25T07:36:21.410Z] addFirestoreTrigger "{\"eventType\":\"google.cloud.firestore.document.v1.written\",\"database\":\"(default)\",\"namespace\":\"(default)\",\"document\":{\"value\":\"teachers/{teacherId}/groups/{groupId}/payments/{month}\",\"matchType\":\"PATH_PATTERN\"}}"
[debug] [2026-07-25T07:36:21.410Z] >>> [apiv2][query] POST http://127.0.0.1:8080/emulator/v1/projects/learnaria-483e7/eventarcTrigger?eventarcTriggerId=us-central1-notifyOnPayment-0 [none]
[debug] [2026-07-25T07:36:21.410Z] >>> [apiv2][body] POST http://127.0.0.1:8080/emulator/v1/projects/learnaria-483e7/eventarcTrigger?eventarcTriggerId=us-central1-notifyOnPayment-0 "{\"eventType\":\"google.cloud.firestore.document.v1.written\",\"database\":\"(default)\",\"namespace\":\"(default)\",\"document\":{\"value\":\"teachers/{teacherId}/groups/{groupId}/payments/{month}\",\"matchType\":\"PATH_PATTERN\"}}"
[debug] [2026-07-25T07:36:21.415Z] <<< [apiv2][status] POST http://127.0.0.1:8080/emulator/v1/projects/learnaria-483e7/eventarcTrigger?eventarcTriggerId=us-central1-notifyOnPayment-0 200
[debug] [2026-07-25T07:36:21.415Z] <<< [apiv2][body] POST http://127.0.0.1:8080/emulator/v1/projects/learnaria-483e7/eventarcTrigger?eventarcTriggerId=us-central1-notifyOnPayment-0 {"eventType":"google.cloud.firestore.document.v1.written","database":"(default)","namespace":"(default)","document":{"value":"teachers/{teacherId}/groups/{groupId}/payments/{month}","matchType":"PATH_PATTERN"}}
[info] ✔  functions[us-central1-notifyOnPayment]: firestore function initialized. {"metadata":{"emulator":{"name":"functions"},"message":"\u001b[1mfirestore\u001b[22m function initialized."}}
[info] ✔  functions[us-central1-sendCustomMessage]: http function initialized (http://127.0.0.1:5001/learnaria-483e7/us-central1/sendCustomMessage). {"metadata":{"emulator":{"name":"functions"},"message":"\u001b[1mhttp\u001b[22m function initialized (http://127.0.0.1:5001/learnaria-483e7/us-central1/sendCustomMessage)."}}
[debug] [2026-07-25T07:36:21.415Z] addStorageTrigger {"eventTrigger":{"eventType":"google.cloud.storage.object.v1.finalized","resource":"learnaria-483e7.firebasestorage.app","eventFilters":{"bucket":"learnaria-483e7.firebasestorage.app"}}}
[info] ✔  functions[us-central1-processUploadedFile]: storage function initialized. {"metadata":{"emulator":{"name":"functions"},"message":"\u001b[1mstorage\u001b[22m function initialized."}}
[info] ✔  functions[us-central1-whatsappWebhook]: http function initialized (http://127.0.0.1:5001/learnaria-483e7/us-central1/whatsappWebhook). {"metadata":{"emulator":{"name":"functions"},"message":"\u001b[1mhttp\u001b[22m function initialized (http://127.0.0.1:5001/learnaria-483e7/us-central1/whatsappWebhook)."}}
[info] ✔  functions[us-central1-chatWithSpot]: http function initialized (http://127.0.0.1:5001/learnaria-483e7/us-central1/chatWithSpot). {"metadata":{"emulator":{"name":"functions"},"message":"\u001b[1mhttp\u001b[22m function initialized (http://127.0.0.1:5001/learnaria-483e7/us-central1/chatWithSpot)."}}
[debug] [2026-07-25T07:36:21.415Z] Found a v2 firestore trigger.
[debug] [2026-07-25T07:36:21.415Z] addFirestoreTrigger "{\"eventType\":\"google.cloud.firestore.document.v1.written\",\"database\":\"(default)\",\"namespace\":\"(default)\",\"document\":{\"value\":\"teachers/{teacherId}/groups/{groupId}/dailyAttendance/{date}\",\"matchType\":\"PATH_PATTERN\"}}"
[debug] [2026-07-25T07:36:21.415Z] >>> [apiv2][query] POST http://127.0.0.1:8080/emulator/v1/projects/learnaria-483e7/eventarcTrigger?eventarcTriggerId=us-central1-notifyOnPresence-0 [none]
[debug] [2026-07-25T07:36:21.415Z] >>> [apiv2][body] POST http://127.0.0.1:8080/emulator/v1/projects/learnaria-483e7/eventarcTrigger?eventarcTriggerId=us-central1-notifyOnPresence-0 "{\"eventType\":\"google.cloud.firestore.document.v1.written\",\"database\":\"(default)\",\"namespace\":\"(default)\",\"document\":{\"value\":\"teachers/{teacherId}/groups/{groupId}/dailyAttendance/{date}\",\"matchType\":\"PATH_PATTERN\"}}"
[debug] [2026-07-25T07:36:21.420Z] <<< [apiv2][status] POST http://127.0.0.1:8080/emulator/v1/projects/learnaria-483e7/eventarcTrigger?eventarcTriggerId=us-central1-notifyOnPresence-0 200
[debug] [2026-07-25T07:36:21.420Z] <<< [apiv2][body] POST http://127.0.0.1:8080/emulator/v1/projects/learnaria-483e7/eventarcTrigger?eventarcTriggerId=us-central1-notifyOnPresence-0 {"eventType":"google.cloud.firestore.document.v1.written","database":"(default)","namespace":"(default)","document":{"value":"teachers/{teacherId}/groups/{groupId}/dailyAttendance/{date}","matchType":"PATH_PATTERN"}}
[info] ✔  functions[us-central1-notifyOnPresence]: firestore function initialized. {"metadata":{"emulator":{"name":"functions"},"message":"\u001b[1mfirestore\u001b[22m function initialized."}}
[info] i  functions[us-central1-autoAbsenceReminder]: function ignored because the pubsub emulator does not exist or is not running. {"metadata":{"emulator":{"name":"functions"},"message":"function ignored because the pubsub emulator does not exist or is not running."}}
[debug] [2026-07-25T07:36:21.428Z] Could not find VSCode notification endpoint: FetchError: request to http://localhost:40001/vscode/notify failed, reason: . If you are not running the Firebase Data Connect VSCode extension, this is expected and not an issue.
[info] 
┌─────────────────────────────────────────────────────────────┐
│ ✔  All emulators ready! It is now safe to connect your app. │
│ i  View Emulator UI at http://127.0.0.1:4000/               │
└─────────────────────────────────────────────────────────────┘

┌────────────┬────────────────┬──────────────────────────────────┐
│ Emulator   │ Host:Port      │ View in Emulator UI              │
├────────────┼────────────────┼──────────────────────────────────┤
│ Functions  │ 127.0.0.1:5001 │ http://127.0.0.1:4000/functions  │
├────────────┼────────────────┼──────────────────────────────────┤
│ Firestore  │ 127.0.0.1:8080 │ http://127.0.0.1:4000/firestore  │
├────────────┼────────────────┼──────────────────────────────────┤
│ Hosting    │ 127.0.0.1:5002 │ n/a                              │
├────────────┼────────────────┼──────────────────────────────────┤
│ Storage    │ 127.0.0.1:9199 │ http://127.0.0.1:4000/storage    │
├────────────┼────────────────┼──────────────────────────────────┤
│ Extensions │ 127.0.0.1:5001 │ http://127.0.0.1:4000/extensions │
└────────────┴────────────────┴──────────────────────────────────┘
  Emulator Hub host: 127.0.0.1 port: 4400
  Other reserved ports: 4500, 9150
┌─────────────────────────┬───────────────┬─────────────────────┐
│ Extension Instance Name │ Extension Ref │ View in Emulator UI │
└─────────────────────────┴───────────────┴─────────────────────┘
Issues? Report them at https://github.com/firebase/firebase-tools/issues and attach the *-debug.log files.
 
[debug] [2026-07-25T07:36:39.704Z] Jul 25, 2026 10:36:39 AM com.google.cloud.datastore.emulator.firestore.websocket.WebSocketChannelHandler initChannel
INFO: Connected to new websocket client
 {"metadata":{"emulator":{"name":"firestore"},"message":"Jul 25, 2026 10:36:39 AM com.google.cloud.datastore.emulator.firestore.websocket.WebSocketChannelHandler initChannel\nINFO: Connected to new websocket client\n"}}
[debug] [2026-07-25T07:36:52.579Z] Jul 25, 2026 10:36:52 AM com.google.cloud.datastore.emulator.firestore.websocket.WebSocketChannelHandler channelClosed
INFO: Websocket client disconnected
 {"metadata":{"emulator":{"name":"firestore"},"message":"Jul 25, 2026 10:36:52 AM com.google.cloud.datastore.emulator.firestore.websocket.WebSocketChannelHandler channelClosed\nINFO: Websocket client disconnected\n"}}
[debug] [2026-09-13T14:17:29.123Z] ----------------------------------------------------------------------
[debug] [2026-09-13T14:17:29.127Z] Command:       /usr/local/bin/node /usr/local/bin/firebase emulators:start
[debug] [2026-09-13T14:17:29.127Z] CLI Version:   15.22.4
[debug] [2026-09-13T14:17:29.127Z] Platform:      darwin
[debug] [2026-09-13T14:17:29.127Z] Node Version:  v22.21.0
[debug] [2026-09-13T14:17:29.128Z] Detected Agent: unknown
[debug] [2026-09-13T14:17:29.128Z] Time:          Sun Sep 13 2026 17:17:29 GMT+0300 (Eastern European Summer Time)
[debug] [2026-09-13T14:17:29.128Z] ----------------------------------------------------------------------
[debug] 
[debug] [2026-09-13T14:17:29.130Z] >>> [apiv2][query] GET https://firebase-public.firebaseio.com/cli.json [none]
[debug] [2026-09-13T14:17:30.842Z] > command requires scopes: ["email","openid","https://www.googleapis.com/auth/cloudplatformprojects.readonly","https://www.googleapis.com/auth/firebase","https://www.googleapis.com/auth/cloud-platform"]
[debug] [2026-09-13T14:17:30.842Z] > authorizing via signed-in user (ahmadaboelghet@gmail.com)
[debug] [2026-09-13T14:17:31.270Z] <<< [apiv2][status] GET https://firebase-public.firebaseio.com/cli.json 200
[debug] [2026-09-13T14:17:31.270Z] <<< [apiv2][body] GET https://firebase-public.firebaseio.com/cli.json {"cloudBuildErrorAfter":1594252800000,"cloudBuildWarnAfter":1590019200000,"defaultNode10After":1594252800000,"minVersion":"3.0.5","node8DeploysDisabledAfter":1613390400000,"node8RuntimeDisabledAfter":1615809600000,"node8WarnAfter":1600128000000}
[debug] [2026-09-13T14:17:31.438Z] openjdk version "23.0.2" 2025-01-21

[debug] [2026-09-13T14:17:31.438Z] OpenJDK Runtime Environment Homebrew (build 23.0.2)
OpenJDK 64-Bit Server VM Homebrew (build 23.0.2, mixed mode, sharing)

[debug] [2026-09-13T14:17:31.443Z] Parsed Java major version: 23
[info] i  emulators: Starting emulators: auth, functions, firestore, hosting, storage, extensions {"metadata":{"emulator":{"name":"hub"},"message":"Starting emulators: auth, functions, firestore, hosting, storage, extensions"}}
[debug] [2026-09-13T14:17:31.445Z] Checked if tokens are valid: false, expires at: 1788865714663
[debug] [2026-09-13T14:17:31.445Z] Checked if tokens are valid: false, expires at: 1788865714663
[debug] [2026-09-13T14:17:31.445Z] > refreshing access token with scopes: []
[debug] [2026-09-13T14:17:31.447Z] >>> [apiv2][query] POST https://www.googleapis.com/oauth2/v3/token [none]
[debug] [2026-09-13T14:17:31.447Z] >>> [apiv2][body] POST https://www.googleapis.com/oauth2/v3/token [omitted]
[debug] [2026-09-13T14:17:31.715Z] <<< [apiv2][status] POST https://www.googleapis.com/oauth2/v3/token 200
[debug] [2026-09-13T14:17:31.716Z] <<< [apiv2][body] POST https://www.googleapis.com/oauth2/v3/token [omitted]
[debug] [2026-09-13T14:17:31.740Z] >>> [apiv2][query] GET https://cloudresourcemanager.googleapis.com/v1/projects/learnaria-483e7 [none]
[debug] [2026-09-13T14:17:32.825Z] <<< [apiv2][status] GET https://cloudresourcemanager.googleapis.com/v1/projects/learnaria-483e7 200
[debug] [2026-09-13T14:17:32.825Z] <<< [apiv2][body] GET https://cloudresourcemanager.googleapis.com/v1/projects/learnaria-483e7 {"projectNumber":"573038013067","projectId":"learnaria-483e7","lifecycleState":"ACTIVE","name":"Learnaria","labels":{"firebase":"enabled","firebase-core":"disabled"},"createTime":"2025-07-28T09:46:17.658480Z"}
[debug] [2026-09-13T14:17:34.452Z] [logging] Logging Emulator only supports listening on one address (127.0.0.1). Not listening on ::1
[debug] [2026-09-13T14:17:34.452Z] [auth] Authentication Emulator only supports listening on one address (127.0.0.1). Not listening on ::1
[debug] [2026-09-13T14:17:34.452Z] [firestore] Firestore Emulator only supports listening on one address (127.0.0.1). Not listening on ::1
[debug] [2026-09-13T14:17:34.452Z] [firestore.websocket] websocket server for firestore only supports listening on one address (127.0.0.1). Not listening on ::1
[debug] [2026-09-13T14:17:34.452Z] [hosting] Hosting Emulator only supports listening on one address (127.0.0.1). Not listening on ::1
[debug] [2026-09-13T14:17:34.452Z] [storage] Storage Emulator only supports listening on one address (127.0.0.1). Not listening on ::1
[debug] [2026-09-13T14:17:34.452Z] assigned listening specs for emulators {"user":{"hub":[{"address":"127.0.0.1","family":"IPv4","port":4400},{"address":"::1","family":"IPv6","port":4400}],"ui":[{"address":"127.0.0.1","family":"IPv4","port":4040},{"address":"::1","family":"IPv6","port":4040}],"logging":[{"address":"127.0.0.1","family":"IPv4","port":4500}],"auth":[{"address":"127.0.0.1","family":"IPv4","port":9090}],"firestore":[{"address":"127.0.0.1","family":"IPv4","port":8088}],"firestore.websocket":[{"address":"127.0.0.1","family":"IPv4","port":9150}],"hosting":[{"address":"127.0.0.1","family":"IPv4","port":5005}],"storage":[{"address":"127.0.0.1","family":"IPv4","port":9199}]},"metadata":{"message":"assigned listening specs for emulators"}}
[debug] [2026-09-13T14:17:34.458Z] Write emulator hub locator at /var/folders/03/w4mpjj2d0ll52y_spr67gy8h0000gq/T/hub-learnaria-483e7.json
[debug] [2026-09-13T14:17:34.468Z] [Extensions] Started Extensions emulator, this is a noop.
[debug] [2026-09-13T14:17:35.094Z] [functions] Functions Emulator only supports listening on one address (127.0.0.1). Not listening on ::1
[debug] [2026-09-13T14:17:35.094Z] [eventarc] Eventarc Emulator only supports listening on one address (127.0.0.1). Not listening on ::1
[debug] [2026-09-13T14:17:35.094Z] [tasks] Cloud Tasks Emulator only supports listening on one address (127.0.0.1). Not listening on ::1
[debug] [2026-09-13T14:17:35.094Z] late-assigned ports for functions and eventarc emulators {"user":{"hub":[{"address":"127.0.0.1","family":"IPv4","port":4400},{"address":"::1","family":"IPv6","port":4400}],"ui":[{"address":"127.0.0.1","family":"IPv4","port":4040},{"address":"::1","family":"IPv6","port":4040}],"logging":[{"address":"127.0.0.1","family":"IPv4","port":4500}],"auth":[{"address":"127.0.0.1","family":"IPv4","port":9090}],"firestore":[{"address":"127.0.0.1","family":"IPv4","port":8088}],"firestore.websocket":[{"address":"127.0.0.1","family":"IPv4","port":9150}],"hosting":[{"address":"127.0.0.1","family":"IPv4","port":5005}],"storage":[{"address":"127.0.0.1","family":"IPv4","port":9199}],"functions":[{"address":"127.0.0.1","family":"IPv4","port":5011}],"eventarc":[{"address":"127.0.0.1","family":"IPv4","port":9299}],"tasks":[{"address":"127.0.0.1","family":"IPv4","port":9499}]},"metadata":{"message":"late-assigned ports for functions and eventarc emulators"}}
[warn] ⚠  functions: The following emulators are not running, calls to these services from the Functions emulator will affect production: apphosting, database, pubsub, dataconnect {"metadata":{"emulator":{"name":"functions"},"message":"The following emulators are not running, calls to these services from the Functions emulator will affect production: \u001b[1mapphosting, database, pubsub, dataconnect\u001b[22m"}}
[debug] [2026-09-13T14:17:35.107Z] defaultcredentials: writing to file /Users/Kerolos Magdy/.config/firebase/ahmadaboelghet_gmail_com_application_default_credentials.json
[debug] [2026-09-13T14:17:35.117Z] Setting GAC to /Users/Kerolos Magdy/.config/firebase/ahmadaboelghet_gmail_com_application_default_credentials.json {"metadata":{"emulator":{"name":"functions"},"message":"Setting GAC to /Users/Kerolos Magdy/.config/firebase/ahmadaboelghet_gmail_com_application_default_credentials.json"}}
[debug] [2026-09-13T14:17:35.118Z] Checked if tokens are valid: true, expires at: 1789312650716
[debug] [2026-09-13T14:17:35.118Z] Checked if tokens are valid: true, expires at: 1789312650716
[debug] [2026-09-13T14:17:35.118Z] >>> [apiv2][query] GET https://firebase.googleapis.com/v1beta1/projects/learnaria-483e7/adminSdkConfig [none]
[debug] [2026-09-13T14:17:36.278Z] <<< [apiv2][status] GET https://firebase.googleapis.com/v1beta1/projects/learnaria-483e7/adminSdkConfig 200
[debug] [2026-09-13T14:17:36.278Z] <<< [apiv2][body] GET https://firebase.googleapis.com/v1beta1/projects/learnaria-483e7/adminSdkConfig {"projectId":"learnaria-483e7","storageBucket":"learnaria-483e7.firebasestorage.app"}
[debug] [2026-09-13T14:17:36.339Z] Ignoring unsupported arg: auto_download {"metadata":{"emulator":{"name":"firestore"},"message":"Ignoring unsupported arg: auto_download"}}
[debug] [2026-09-13T14:17:36.339Z] Ignoring unsupported arg: single_project_mode_error {"metadata":{"emulator":{"name":"firestore"},"message":"Ignoring unsupported arg: single_project_mode_error"}}
[debug] [2026-09-13T14:17:36.339Z] Starting Firestore Emulator with command {"binary":"java","args":["-Dgoogle.cloud_firestore.debug_log_level=FINE","-Duser.language=en","-jar","/Users/Kerolos Magdy/.cache/firebase/emulators/cloud-firestore-emulator-v1.21.0.jar","--host","127.0.0.1","--port",8088,"--websocket_port",9150,"--database-edition","standard","--project_id","learnaria-483e7","--rules","/Users/Kerolos Magdy/Developer/Spot Dashboard/firestore.rules","--single_project_mode",true,"--functions_emulator","127.0.0.1:5011"],"optionalArgs":["port","webchannel_port","host","rules","websocket_port","database-edition","functions_emulator","seed_from_export","project_id","single_project_mode"],"joinArgs":false,"shell":false,"port":8088} {"metadata":{"emulator":{"name":"firestore"},"message":"Starting Firestore Emulator with command {\"binary\":\"java\",\"args\":[\"-Dgoogle.cloud_firestore.debug_log_level=FINE\",\"-Duser.language=en\",\"-jar\",\"/Users/Kerolos Magdy/.cache/firebase/emulators/cloud-firestore-emulator-v1.21.0.jar\",\"--host\",\"127.0.0.1\",\"--port\",8088,\"--websocket_port\",9150,\"--database-edition\",\"standard\",\"--project_id\",\"learnaria-483e7\",\"--rules\",\"/Users/Kerolos Magdy/Developer/Spot Dashboard/firestore.rules\",\"--single_project_mode\",true,\"--functions_emulator\",\"127.0.0.1:5011\"],\"optionalArgs\":[\"port\",\"webchannel_port\",\"host\",\"rules\",\"websocket_port\",\"database-edition\",\"functions_emulator\",\"seed_from_export\",\"project_id\",\"single_project_mode\"],\"joinArgs\":false,\"shell\":false,\"port\":8088}"}}
[info] i  firestore: Firestore Emulator logging to firestore-debug.log {"metadata":{"emulator":{"name":"firestore"},"message":"Firestore Emulator logging to \u001b[1mfirestore-debug.log\u001b[22m"}}
[debug] [2026-09-13T14:17:38.292Z] Sept 13, 2026 5:17:38 PM com.google.cloud.datastore.emulator.firestore.websocket.WebSocketServer start
INFO: Started WebSocket server on ws://127.0.0.1:9150
 {"metadata":{"emulator":{"name":"firestore"},"message":"Sept 13, 2026 5:17:38 PM com.google.cloud.datastore.emulator.firestore.websocket.WebSocketServer start\nINFO: Started WebSocket server on ws://127.0.0.1:9150\n"}}
[debug] [2026-09-13T14:17:38.332Z] 
API endpoint: http:// {"metadata":{"emulator":{"name":"firestore"},"message":"\nAPI endpoint: http://"}}
[debug] [2026-09-13T14:17:38.333Z] 127.0.0.1:8088
Database Edition: STANDARD
Database Mode: CLOUD_FIRESTORE

If you are using a library that supports the FIRESTORE_EMULATOR_HOST environment variable, run:

   export FIRESTORE_EMULATOR_HOST=127.0.0.1:8088

If you are running a Firestore in Datastore Mode project, run:

   export DATASTORE_EMULATOR_HOST=127.0.0.1:8088

Note: Support for Datastore Mode is in preview. If you encounter any bugs please file at https://github.com/firebase/firebase-tools/issues.
Dev App Server is now running.

 {"metadata":{"emulator":{"name":"firestore"},"message":"127.0.0.1:8088\nDatabase Edition: STANDARD\nDatabase Mode: CLOUD_FIRESTORE\n\nIf you are using a library that supports the FIRESTORE_EMULATOR_HOST environment variable, run:\n\n   export FIRESTORE_EMULATOR_HOST=127.0.0.1:8088\n\nIf you are running a Firestore in Datastore Mode project, run:\n\n   export DATASTORE_EMULATOR_HOST=127.0.0.1:8088\n\nNote: Support for Datastore Mode is in preview. If you encounter any bugs please file at https://github.com/firebase/firebase-tools/issues.\nDev App Server is now running.\n\n"}}
[info] ✔  firestore: Firestore Emulator was started in standard edition. {"metadata":{"emulator":{"name":"firestore"},"message":"Firestore Emulator was started in standard edition."}}
[info] ✔  firestore: Firestore Emulator UI websocket is running on 9150. {"metadata":{"emulator":{"name":"firestore"},"message":"Firestore Emulator UI websocket is running on 9150."}}
[debug] [2026-09-13T14:17:43.828Z] Ignoring unsupported arg: port {"metadata":{"emulator":{"name":"storage"},"message":"Ignoring unsupported arg: port"}}
[debug] [2026-09-13T14:17:44.786Z] Temp file directory for storage emulator: /var/folders/03/w4mpjj2d0ll52y_spr67gy8h0000gq/T/firebase/storage/blobs {"metadata":{"emulator":{"name":"storage"},"message":"Temp file directory for storage emulator: /var/folders/03/w4mpjj2d0ll52y_spr67gy8h0000gq/T/firebase/storage/blobs"}}
[debug] [2026-09-13T14:17:44.788Z] Checked if tokens are valid: true, expires at: 1789312650716
[debug] [2026-09-13T14:17:44.789Z] Checked if tokens are valid: true, expires at: 1789312650716
[debug] [2026-09-13T14:17:44.789Z] >>> [apiv2][query] GET https://firebasehosting.googleapis.com/v1beta1/projects/learnaria-483e7/sites 
[debug] [2026-09-13T14:17:46.364Z] <<< [apiv2][status] GET https://firebasehosting.googleapis.com/v1beta1/projects/learnaria-483e7/sites 200
[debug] [2026-09-13T14:17:46.364Z] <<< [apiv2][body] GET https://firebasehosting.googleapis.com/v1beta1/projects/learnaria-483e7/sites {"sites":[{"name":"projects/learnaria-483e7/sites/learnaria-483e7","defaultUrl":"https://learnaria-483e7.web.app","type":"DEFAULT_SITE"}]}
[debug] [2026-09-13T14:17:46.364Z] Checked if tokens are valid: true, expires at: 1789312650716
[debug] [2026-09-13T14:17:46.364Z] Checked if tokens are valid: true, expires at: 1789312650716
[debug] [2026-09-13T14:17:46.364Z] >>> [apiv2][query] GET https://firebase.googleapis.com/v1beta1/projects/learnaria-483e7/webApps/-/config [none]
[debug] [2026-09-13T14:17:47.085Z] <<< [apiv2][status] GET https://firebase.googleapis.com/v1beta1/projects/learnaria-483e7/webApps/-/config 200
[debug] [2026-09-13T14:17:47.085Z] <<< [apiv2][body] GET https://firebase.googleapis.com/v1beta1/projects/learnaria-483e7/webApps/-/config {"projectId":"learnaria-483e7","storageBucket":"learnaria-483e7.firebasestorage.app","apiKey":"AIzaSyCcgkwdGFTLtC1wKfT5EJ8TkJoea-i1zJc","authDomain":"learnaria-483e7.firebaseapp.com","messagingSenderId":"573038013067","projectNumber":"573038013067","version":"2"}
[debug] [2026-09-13T14:17:47.111Z] Checked if tokens are valid: true, expires at: 1789312650716
[debug] [2026-09-13T14:17:47.111Z] Checked if tokens are valid: true, expires at: 1789312650716
[debug] [2026-09-13T14:17:47.112Z] >>> [apiv2][query] GET https://firebase.googleapis.com/v1beta1/projects/learnaria-483e7 [none]
[debug] [2026-09-13T14:17:47.410Z] <<< [apiv2][status] GET https://firebase.googleapis.com/v1beta1/projects/learnaria-483e7 200
[debug] [2026-09-13T14:17:47.410Z] <<< [apiv2][body] GET https://firebase.googleapis.com/v1beta1/projects/learnaria-483e7 {"projectId":"learnaria-483e7","projectNumber":"573038013067","displayName":"Learnaria","name":"projects/learnaria-483e7","resources":{"hostingSite":"learnaria-483e7"},"state":"ACTIVE","labels":{"firebase":"enabled","firebaseworkflows/environment":"unspecified","firebase/storage-default-bucket":"created"},"etag":"1_fcaa7d99-dac4-4701-8d60-3b344359af0b"}
[info] ✔  hosting[learnaria-483e7]: Local server: http://127.0.0.1:5005 {"metadata":{"emulator":{"name":"hosting"},"message":"Local server: \u001b[4m\u001b[1mhttp://127.0.0.1:5005\u001b[22m\u001b[24m"}}
[debug] [2026-09-13T14:17:47.524Z] [Extensions] Connecting Extensions emulator, this is a noop.
[info] i  functions: Watching "/Users/Kerolos Magdy/Developer/Spot Dashboard/functions" for Cloud Functions... {"metadata":{"emulator":{"name":"functions"},"message":"Watching \"/Users/Kerolos Magdy/Developer/Spot Dashboard/functions\" for Cloud Functions..."}}
[debug] [2026-09-13T14:17:47.526Z] Validating nodejs source
[warn] ⚠  functions: package.json indicates an outdated version of firebase-functions. Please upgrade using npm install --save firebase-functions@latest in your functions directory. 
[warn] ⚠  functions: Please note that there will be breaking changes when you upgrade. 
[debug] [2026-09-13T14:17:49.083Z] > [functions] package.json contents: {
  "name": "functions",
  "description": "Cloud Functions for Firebase",
  "scripts": {
    "lint": "eslint .",
    "serve": "firebase emulators:start --only functions",
    "shell": "firebase functions:shell",
    "start": "npm run shell",
    "deploy": "firebase deploy --only functions",
    "logs": "firebase functions:log"
  },
  "engines": {
    "node": "22"
  },
  "main": "index.js",
  "dependencies": {
    "@google/generative-ai": "^0.24.1",
    "arabic-reshaper": "^1.1.0",
    "axios": "^1.13.2",
    "bidi-js": "^1.0.3",
    "firebase-admin": "^13.6.0",
    "firebase-functions": "^6.0.1",
    "firebase-tools": "^15.11.0",
    "pdfkit": "^0.17.2",
    "svg-to-pdfkit": "^0.1.8",
    "twilio": "^5.12.0"
  },
  "devDependencies": {
    "eslint": "^8.15.0",
    "eslint-config-google": "^0.14.0",
    "firebase-functions-test": "^3.1.0"
  },
  "private": true
}
[debug] [2026-09-13T14:17:49.084Z] Building nodejs source
[debug] [2026-09-13T14:17:49.084Z] Failed to find version of module node: reached end of search path /Users/Kerolos Magdy/Developer/Spot Dashboard/functions/node_modules
[info] ✔  functions: Using node@22 from host. 
[debug] [2026-09-13T14:17:49.086Z] Could not find functions.yaml. Must use http discovery
[debug] [2026-09-13T14:17:49.100Z] Found firebase-functions binary at '/Users/Kerolos Magdy/Developer/Spot Dashboard/functions/node_modules/.bin/firebase-functions'
[info] Serving at port 8176

[debug] [2026-09-13T14:17:50.233Z] Got response from /__/functions.yaml {"endpoints":{"sendAbsenceNotifications":{"availableMemoryMb":null,"timeoutSeconds":null,"minInstances":null,"maxInstances":1,"ingressSettings":null,"concurrency":null,"serviceAccountEmail":null,"vpc":null,"platform":"gcfv2","labels":{},"callableTrigger":{},"entryPoint":"sendAbsenceNotifications"},"notifyOnNewGrades":{"availableMemoryMb":null,"timeoutSeconds":null,"minInstances":null,"maxInstances":1,"ingressSettings":null,"concurrency":null,"serviceAccountEmail":null,"vpc":null,"platform":"gcfv2","labels":{},"eventTrigger":{"eventType":"google.cloud.firestore.document.v1.written","eventFilters":{"database":"(default)","namespace":"(default)"},"eventFilterPathPatterns":{"document":"teachers/{teacherId}/groups/{groupId}/assignments/{assignmentId}"},"retry":false},"entryPoint":"notifyOnNewGrades"},"notifyOnScheduleException":{"availableMemoryMb":null,"timeoutSeconds":null,"minInstances":null,"maxInstances":1,"ingressSettings":null,"concurrency":null,"serviceAccountEmail":null,"vpc":null,"platform":"gcfv2","labels":{},"eventTrigger":{"eventType":"google.cloud.firestore.document.v1.written","eventFilters":{"database":"(default)","namespace":"(default)"},"eventFilterPathPatterns":{"document":"teachers/{teacherId}/groups/{groupId}/exceptions/{exceptionId}"},"retry":false},"entryPoint":"notifyOnScheduleException"},"classReminder":{"availableMemoryMb":null,"timeoutSeconds":null,"minInstances":null,"maxInstances":1,"ingressSettings":null,"concurrency":null,"serviceAccountEmail":null,"vpc":null,"platform":"gcfv2","labels":{},"scheduleTrigger":{"schedule":"*/15 * * * *","retryConfig":{},"timeZone":"Africa/Cairo"},"entryPoint":"classReminder"},"paymentReminder":{"availableMemoryMb":null,"timeoutSeconds":null,"minInstances":null,"maxInstances":1,"ingressSettings":null,"concurrency":null,"serviceAccountEmail":null,"vpc":null,"platform":"gcfv2","labels":{},"scheduleTrigger":{"schedule":"0 14 * * *","retryConfig":{},"timeZone":"Africa/Cairo"},"entryPoint":"paymentReminder"},"getDashboardData":{"availableMemoryMb":null,"timeoutSeconds":null,"minInstances":null,"maxInstances":1,"ingressSettings":null,"concurrency":null,"serviceAccountEmail":null,"vpc":null,"platform":"gcfv2","labels":{},"callableTrigger":{},"entryPoint":"getDashboardData"},"checkParentExists":{"availableMemoryMb":null,"timeoutSeconds":null,"minInstances":null,"maxInstances":1,"ingressSettings":null,"concurrency":null,"serviceAccountEmail":null,"vpc":null,"platform":"gcfv2","labels":{},"callableTrigger":{},"entryPoint":"checkParentExists"},"notifyOnPayment":{"availableMemoryMb":null,"timeoutSeconds":null,"minInstances":null,"maxInstances":1,"ingressSettings":null,"concurrency":null,"serviceAccountEmail":null,"vpc":null,"platform":"gcfv2","labels":{},"eventTrigger":{"eventType":"google.cloud.firestore.document.v1.written","eventFilters":{"database":"(default)","namespace":"(default)"},"eventFilterPathPatterns":{"document":"teachers/{teacherId}/groups/{groupId}/payments/{month}"},"retry":false},"entryPoint":"notifyOnPayment"},"sendCustomMessage":{"availableMemoryMb":null,"timeoutSeconds":null,"minInstances":null,"maxInstances":1,"ingressSettings":null,"concurrency":null,"serviceAccountEmail":null,"vpc":null,"platform":"gcfv2","labels":{},"callableTrigger":{},"entryPoint":"sendCustomMessage"},"processUploadedFile":{"platform":"gcfv2","availableMemoryMb":1024,"timeoutSeconds":540,"minInstances":null,"maxInstances":1,"ingressSettings":null,"concurrency":null,"serviceAccountEmail":null,"vpc":null,"cpu":1,"region":["europe-west1"],"labels":{},"eventTrigger":{"eventType":"google.cloud.storage.object.v1.finalized","eventFilters":{"bucket":"learnaria-483e7.firebasestorage.app"},"retry":false},"entryPoint":"processUploadedFile"},"cleanupDeletedFile":{"platform":"gcfv2","availableMemoryMb":null,"timeoutSeconds":null,"minInstances":null,"maxInstances":1,"ingressSettings":null,"concurrency":null,"serviceAccountEmail":null,"vpc":null,"region":["europe-west1"],"labels":{},"eventTrigger":{"eventType":"google.cloud.storage.object.v1.deleted","eventFilters":{"bucket":"learnaria-483e7.firebasestorage.app"},"retry":false},"entryPoint":"cleanupDeletedFile"},"whatsappWebhook":{"availableMemoryMb":null,"timeoutSeconds":null,"minInstances":null,"maxInstances":1,"ingressSettings":null,"concurrency":null,"serviceAccountEmail":null,"vpc":null,"platform":"gcfv2","labels":{},"httpsTrigger":{},"entryPoint":"whatsappWebhook"},"chatWithSpot":{"availableMemoryMb":1024,"timeoutSeconds":300,"minInstances":null,"maxInstances":1,"ingressSettings":null,"concurrency":null,"serviceAccountEmail":null,"vpc":null,"platform":"gcfv2","region":["europe-west1"],"labels":{},"callableTrigger":{},"entryPoint":"chatWithSpot"},"notifyOnPresence":{"availableMemoryMb":null,"timeoutSeconds":null,"minInstances":null,"maxInstances":1,"ingressSettings":null,"concurrency":null,"serviceAccountEmail":null,"vpc":null,"platform":"gcfv2","labels":{},"eventTrigger":{"eventType":"google.cloud.firestore.document.v1.written","eventFilters":{"database":"(default)","namespace":"(default)"},"eventFilterPathPatterns":{"document":"teachers/{teacherId}/groups/{groupId}/dailyAttendance/{date}"},"retry":false},"entryPoint":"notifyOnPresence"},"resetPassword":{"availableMemoryMb":null,"timeoutSeconds":null,"minInstances":null,"maxInstances":1,"ingressSettings":null,"concurrency":null,"serviceAccountEmail":null,"vpc":null,"platform":"gcfv2","labels":{},"callableTrigger":{},"entryPoint":"resetPassword"},"activateParentAccount":{"availableMemoryMb":null,"timeoutSeconds":null,"minInstances":null,"maxInstances":1,"ingressSettings":null,"concurrency":null,"serviceAccountEmail":null,"vpc":null,"platform":"gcfv2","labels":{},"callableTrigger":{},"entryPoint":"activateParentAccount"},"checkAuthUserExists":{"availableMemoryMb":null,"timeoutSeconds":null,"minInstances":null,"maxInstances":1,"ingressSettings":null,"concurrency":null,"serviceAccountEmail":null,"vpc":null,"platform":"gcfv2","labels":{},"callableTrigger":{},"entryPoint":"checkAuthUserExists"},"getTeacherContactForParent":{"availableMemoryMb":null,"timeoutSeconds":null,"minInstances":null,"maxInstances":1,"ingressSettings":null,"concurrency":null,"serviceAccountEmail":null,"vpc":null,"platform":"gcfv2","labels":{},"callableTrigger":{},"entryPoint":"getTeacherContactForParent"},"migrateExistingCards":{"availableMemoryMb":null,"timeoutSeconds":null,"minInstances":null,"maxInstances":1,"ingressSettings":null,"concurrency":null,"serviceAccountEmail":null,"vpc":null,"platform":"gcfv2","labels":{},"callableTrigger":{},"entryPoint":"migrateExistingCards"},"createCenter":{"availableMemoryMb":null,"timeoutSeconds":null,"minInstances":null,"maxInstances":1,"ingressSettings":null,"concurrency":null,"serviceAccountEmail":null,"vpc":null,"platform":"gcfv2","labels":{},"callableTrigger":{},"entryPoint":"createCenter"},"createTeacher":{"availableMemoryMb":null,"timeoutSeconds":null,"minInstances":null,"maxInstances":1,"ingressSettings":null,"concurrency":null,"serviceAccountEmail":null,"vpc":null,"platform":"gcfv2","labels":{},"callableTrigger":{},"entryPoint":"createTeacher"},"addTeacherToCenter":{"availableMemoryMb":null,"timeoutSeconds":null,"minInstances":null,"maxInstances":1,"ingressSettings":null,"concurrency":null,"serviceAccountEmail":null,"vpc":null,"platform":"gcfv2","labels":{},"callableTrigger":{},"entryPoint":"addTeacherToCenter"},"removeTeacherFromCenter":{"availableMemoryMb":null,"timeoutSeconds":null,"minInstances":null,"maxInstances":1,"ingressSettings":null,"concurrency":null,"serviceAccountEmail":null,"vpc":null,"platform":"gcfv2","labels":{},"callableTrigger":{},"entryPoint":"removeTeacherFromCenter"},"removeParentTokenOnLogout":{"availableMemoryMb":null,"timeoutSeconds":null,"minInstances":null,"maxInstances":1,"ingressSettings":null,"concurrency":null,"serviceAccountEmail":null,"vpc":null,"platform":"gcfv2","labels":{},"callableTrigger":{},"entryPoint":"removeParentTokenOnLogout"},"adminListUsers":{"availableMemoryMb":null,"timeoutSeconds":null,"minInstances":null,"maxInstances":1,"ingressSettings":null,"concurrency":null,"serviceAccountEmail":null,"vpc":null,"platform":"gcfv2","labels":{},"callableTrigger":{},"entryPoint":"adminListUsers"},"adminDeleteUser":{"availableMemoryMb":null,"timeoutSeconds":null,"minInstances":null,"maxInstances":1,"ingressSettings":null,"concurrency":null,"serviceAccountEmail":null,"vpc":null,"platform":"gcfv2","labels":{},"callableTrigger":{},"entryPoint":"adminDeleteUser"},"adminSendNotification":{"availableMemoryMb":null,"timeoutSeconds":null,"minInstances":null,"maxInstances":1,"ingressSettings":null,"concurrency":null,"serviceAccountEmail":null,"vpc":null,"platform":"gcfv2","labels":{},"callableTrigger":{},"entryPoint":"adminSendNotification"},"adminMoveStudent":{"availableMemoryMb":null,"timeoutSeconds":null,"minInstances":null,"maxInstances":1,"ingressSettings":null,"concurrency":null,"serviceAccountEmail":null,"vpc":null,"platform":"gcfv2","labels":{},"callableTrigger":{},"entryPoint":"adminMoveStudent"},"cleanupScanLogs":{"availableMemoryMb":null,"timeoutSeconds":null,"minInstances":null,"maxInstances":1,"ingressSettings":null,"concurrency":null,"serviceAccountEmail":null,"vpc":null,"platform":"gcfv2","labels":{},"scheduleTrigger":{"schedule":"0 2 * * *","retryConfig":{},"timeZone":"Africa/Cairo"},"entryPoint":"cleanupScanLogs"}},"specVersion":"v1alpha1","requiredAPIs":[{"api":"cloudscheduler.googleapis.com","reason":"Needed for scheduled functions."}],"extensions":{}}
[debug] [2026-09-13T14:17:54.286Z] defaultcredentials: writing to file /Users/Kerolos Magdy/.config/firebase/ahmadaboelghet_gmail_com_application_default_credentials.json
[debug] [2026-09-13T14:17:54.287Z] Setting GAC to /Users/Kerolos Magdy/.config/firebase/ahmadaboelghet_gmail_com_application_default_credentials.json {"metadata":{"emulator":{"name":"functions"},"message":"Setting GAC to /Users/Kerolos Magdy/.config/firebase/ahmadaboelghet_gmail_com_application_default_credentials.json"}}
[info] ✔  functions: Loaded functions definitions from source: sendAbsenceNotifications, notifyOnNewGrades, notifyOnScheduleException, classReminder, paymentReminder, getDashboardData, checkParentExists, notifyOnPayment, sendCustomMessage, whatsappWebhook, notifyOnPresence, resetPassword, activateParentAccount, checkAuthUserExists, getTeacherContactForParent, migrateExistingCards, createCenter, createTeacher, addTeacherToCenter, removeTeacherFromCenter, removeParentTokenOnLogout, adminListUsers, adminDeleteUser, adminSendNotification, adminMoveStudent, cleanupScanLogs, processUploadedFile, cleanupDeletedFile, chatWithSpot. {"metadata":{"emulator":{"name":"functions"},"message":"Loaded functions definitions from source: sendAbsenceNotifications, notifyOnNewGrades, notifyOnScheduleException, classReminder, paymentReminder, getDashboardData, checkParentExists, notifyOnPayment, sendCustomMessage, whatsappWebhook, notifyOnPresence, resetPassword, activateParentAccount, checkAuthUserExists, getTeacherContactForParent, migrateExistingCards, createCenter, createTeacher, addTeacherToCenter, removeTeacherFromCenter, removeParentTokenOnLogout, adminListUsers, adminDeleteUser, adminSendNotification, adminMoveStudent, cleanupScanLogs, processUploadedFile, cleanupDeletedFile, chatWithSpot."}}
[info] ✔  functions[us-central1-sendAbsenceNotifications]: http function initialized (http://127.0.0.1:5011/learnaria-483e7/us-central1/sendAbsenceNotifications). {"metadata":{"emulator":{"name":"functions"},"message":"\u001b[1mhttp\u001b[22m function initialized (http://127.0.0.1:5011/learnaria-483e7/us-central1/sendAbsenceNotifications)."}}
[debug] [2026-09-13T14:17:54.291Z] Found a v2 firestore trigger.
[debug] [2026-09-13T14:17:54.291Z] addFirestoreTrigger "{\"eventType\":\"google.cloud.firestore.document.v1.written\",\"database\":\"(default)\",\"namespace\":\"(default)\",\"document\":{\"value\":\"teachers/{teacherId}/groups/{groupId}/assignments/{assignmentId}\",\"matchType\":\"PATH_PATTERN\"}}"
[debug] [2026-09-13T14:17:54.291Z] >>> [apiv2][query] POST http://127.0.0.1:8088/emulator/v1/projects/learnaria-483e7/eventarcTrigger?eventarcTriggerId=us-central1-notifyOnNewGrades-0 [none]
[debug] [2026-09-13T14:17:54.291Z] >>> [apiv2][body] POST http://127.0.0.1:8088/emulator/v1/projects/learnaria-483e7/eventarcTrigger?eventarcTriggerId=us-central1-notifyOnNewGrades-0 "{\"eventType\":\"google.cloud.firestore.document.v1.written\",\"database\":\"(default)\",\"namespace\":\"(default)\",\"document\":{\"value\":\"teachers/{teacherId}/groups/{groupId}/assignments/{assignmentId}\",\"matchType\":\"PATH_PATTERN\"}}"
[debug] [2026-09-13T14:17:54.298Z] Sept 13, 2026 5:17:54 PM io.gapi.emulators.netty.HttpVersionRoutingHandler channelRead
INFO: Detected non-HTTP/2 connection.
 {"metadata":{"emulator":{"name":"firestore"},"message":"Sept 13, 2026 5:17:54 PM io.gapi.emulators.netty.HttpVersionRoutingHandler channelRead\nINFO: Detected non-HTTP/2 connection.\n"}}
[debug] [2026-09-13T14:17:54.493Z] Sept 13, 2026 5:17:54 PM io.grpc.netty.TcpMetrics loadEpollInfo
INFO: Epoll available during static init of TcpMetrics:false
 {"metadata":{"emulator":{"name":"firestore"},"message":"Sept 13, 2026 5:17:54 PM io.grpc.netty.TcpMetrics loadEpollInfo\nINFO: Epoll available during static init of TcpMetrics:false\n"}}
[debug] [2026-09-13T14:17:54.514Z] Sept 13, 2026 5:17:54 PM io.gapi.emulators.netty.HttpVersionRoutingHandler channelRead
INFO: Detected HTTP/2 connection.
 {"metadata":{"emulator":{"name":"firestore"},"message":"Sept 13, 2026 5:17:54 PM io.gapi.emulators.netty.HttpVersionRoutingHandler channelRead\nINFO: Detected HTTP/2 connection.\n"}}
[debug] [2026-09-13T14:17:55.380Z] <<< [apiv2][status] POST http://127.0.0.1:8088/emulator/v1/projects/learnaria-483e7/eventarcTrigger?eventarcTriggerId=us-central1-notifyOnNewGrades-0 200
[debug] [2026-09-13T14:17:55.380Z] <<< [apiv2][body] POST http://127.0.0.1:8088/emulator/v1/projects/learnaria-483e7/eventarcTrigger?eventarcTriggerId=us-central1-notifyOnNewGrades-0 {"eventType":"google.cloud.firestore.document.v1.written","database":"(default)","namespace":"(default)","document":{"value":"teachers/{teacherId}/groups/{groupId}/assignments/{assignmentId}","matchType":"PATH_PATTERN"}}
[info] ✔  functions[us-central1-notifyOnNewGrades]: firestore function initialized. {"metadata":{"emulator":{"name":"functions"},"message":"\u001b[1mfirestore\u001b[22m function initialized."}}
[debug] [2026-09-13T14:17:55.381Z] Found a v2 firestore trigger.
[debug] [2026-09-13T14:17:55.381Z] addFirestoreTrigger "{\"eventType\":\"google.cloud.firestore.document.v1.written\",\"database\":\"(default)\",\"namespace\":\"(default)\",\"document\":{\"value\":\"teachers/{teacherId}/groups/{groupId}/exceptions/{exceptionId}\",\"matchType\":\"PATH_PATTERN\"}}"
[debug] [2026-09-13T14:17:55.381Z] >>> [apiv2][query] POST http://127.0.0.1:8088/emulator/v1/projects/learnaria-483e7/eventarcTrigger?eventarcTriggerId=us-central1-notifyOnScheduleException-0 [none]
[debug] [2026-09-13T14:17:55.381Z] >>> [apiv2][body] POST http://127.0.0.1:8088/emulator/v1/projects/learnaria-483e7/eventarcTrigger?eventarcTriggerId=us-central1-notifyOnScheduleException-0 "{\"eventType\":\"google.cloud.firestore.document.v1.written\",\"database\":\"(default)\",\"namespace\":\"(default)\",\"document\":{\"value\":\"teachers/{teacherId}/groups/{groupId}/exceptions/{exceptionId}\",\"matchType\":\"PATH_PATTERN\"}}"
[debug] [2026-09-13T14:17:55.395Z] <<< [apiv2][status] POST http://127.0.0.1:8088/emulator/v1/projects/learnaria-483e7/eventarcTrigger?eventarcTriggerId=us-central1-notifyOnScheduleException-0 200
[debug] [2026-09-13T14:17:55.395Z] <<< [apiv2][body] POST http://127.0.0.1:8088/emulator/v1/projects/learnaria-483e7/eventarcTrigger?eventarcTriggerId=us-central1-notifyOnScheduleException-0 {"eventType":"google.cloud.firestore.document.v1.written","database":"(default)","namespace":"(default)","document":{"value":"teachers/{teacherId}/groups/{groupId}/exceptions/{exceptionId}","matchType":"PATH_PATTERN"}}
[info] ✔  functions[us-central1-notifyOnScheduleException]: firestore function initialized. {"metadata":{"emulator":{"name":"functions"},"message":"\u001b[1mfirestore\u001b[22m function initialized."}}
[info] i  functions[us-central1-classReminder]: function ignored because the pubsub emulator does not exist or is not running. {"metadata":{"emulator":{"name":"functions"},"message":"function ignored because the pubsub emulator does not exist or is not running."}}
[info] i  functions[us-central1-paymentReminder]: function ignored because the pubsub emulator does not exist or is not running. {"metadata":{"emulator":{"name":"functions"},"message":"function ignored because the pubsub emulator does not exist or is not running."}}
[info] ✔  functions[us-central1-getDashboardData]: http function initialized (http://127.0.0.1:5011/learnaria-483e7/us-central1/getDashboardData). {"metadata":{"emulator":{"name":"functions"},"message":"\u001b[1mhttp\u001b[22m function initialized (http://127.0.0.1:5011/learnaria-483e7/us-central1/getDashboardData)."}}
[info] ✔  functions[us-central1-checkParentExists]: http function initialized (http://127.0.0.1:5011/learnaria-483e7/us-central1/checkParentExists). {"metadata":{"emulator":{"name":"functions"},"message":"\u001b[1mhttp\u001b[22m function initialized (http://127.0.0.1:5011/learnaria-483e7/us-central1/checkParentExists)."}}
[debug] [2026-09-13T14:17:55.396Z] Found a v2 firestore trigger.
[debug] [2026-09-13T14:17:55.397Z] addFirestoreTrigger "{\"eventType\":\"google.cloud.firestore.document.v1.written\",\"database\":\"(default)\",\"namespace\":\"(default)\",\"document\":{\"value\":\"teachers/{teacherId}/groups/{groupId}/payments/{month}\",\"matchType\":\"PATH_PATTERN\"}}"
[debug] [2026-09-13T14:17:55.397Z] >>> [apiv2][query] POST http://127.0.0.1:8088/emulator/v1/projects/learnaria-483e7/eventarcTrigger?eventarcTriggerId=us-central1-notifyOnPayment-0 [none]
[debug] [2026-09-13T14:17:55.397Z] >>> [apiv2][body] POST http://127.0.0.1:8088/emulator/v1/projects/learnaria-483e7/eventarcTrigger?eventarcTriggerId=us-central1-notifyOnPayment-0 "{\"eventType\":\"google.cloud.firestore.document.v1.written\",\"database\":\"(default)\",\"namespace\":\"(default)\",\"document\":{\"value\":\"teachers/{teacherId}/groups/{groupId}/payments/{month}\",\"matchType\":\"PATH_PATTERN\"}}"
[debug] [2026-09-13T14:17:55.406Z] <<< [apiv2][status] POST http://127.0.0.1:8088/emulator/v1/projects/learnaria-483e7/eventarcTrigger?eventarcTriggerId=us-central1-notifyOnPayment-0 200
[debug] [2026-09-13T14:17:55.406Z] <<< [apiv2][body] POST http://127.0.0.1:8088/emulator/v1/projects/learnaria-483e7/eventarcTrigger?eventarcTriggerId=us-central1-notifyOnPayment-0 {"eventType":"google.cloud.firestore.document.v1.written","database":"(default)","namespace":"(default)","document":{"value":"teachers/{teacherId}/groups/{groupId}/payments/{month}","matchType":"PATH_PATTERN"}}
[info] ✔  functions[us-central1-notifyOnPayment]: firestore function initialized. {"metadata":{"emulator":{"name":"functions"},"message":"\u001b[1mfirestore\u001b[22m function initialized."}}
[info] ✔  functions[us-central1-sendCustomMessage]: http function initialized (http://127.0.0.1:5011/learnaria-483e7/us-central1/sendCustomMessage). {"metadata":{"emulator":{"name":"functions"},"message":"\u001b[1mhttp\u001b[22m function initialized (http://127.0.0.1:5011/learnaria-483e7/us-central1/sendCustomMessage)."}}
[info] ✔  functions[us-central1-whatsappWebhook]: http function initialized (http://127.0.0.1:5011/learnaria-483e7/us-central1/whatsappWebhook). {"metadata":{"emulator":{"name":"functions"},"message":"\u001b[1mhttp\u001b[22m function initialized (http://127.0.0.1:5011/learnaria-483e7/us-central1/whatsappWebhook)."}}
[debug] [2026-09-13T14:17:55.407Z] Found a v2 firestore trigger.
[debug] [2026-09-13T14:17:55.407Z] addFirestoreTrigger "{\"eventType\":\"google.cloud.firestore.document.v1.written\",\"database\":\"(default)\",\"namespace\":\"(default)\",\"document\":{\"value\":\"teachers/{teacherId}/groups/{groupId}/dailyAttendance/{date}\",\"matchType\":\"PATH_PATTERN\"}}"
[debug] [2026-09-13T14:17:55.407Z] >>> [apiv2][query] POST http://127.0.0.1:8088/emulator/v1/projects/learnaria-483e7/eventarcTrigger?eventarcTriggerId=us-central1-notifyOnPresence-0 [none]
[debug] [2026-09-13T14:17:55.407Z] >>> [apiv2][body] POST http://127.0.0.1:8088/emulator/v1/projects/learnaria-483e7/eventarcTrigger?eventarcTriggerId=us-central1-notifyOnPresence-0 "{\"eventType\":\"google.cloud.firestore.document.v1.written\",\"database\":\"(default)\",\"namespace\":\"(default)\",\"document\":{\"value\":\"teachers/{teacherId}/groups/{groupId}/dailyAttendance/{date}\",\"matchType\":\"PATH_PATTERN\"}}"
[debug] [2026-09-13T14:17:55.415Z] <<< [apiv2][status] POST http://127.0.0.1:8088/emulator/v1/projects/learnaria-483e7/eventarcTrigger?eventarcTriggerId=us-central1-notifyOnPresence-0 200
[debug] [2026-09-13T14:17:55.415Z] <<< [apiv2][body] POST http://127.0.0.1:8088/emulator/v1/projects/learnaria-483e7/eventarcTrigger?eventarcTriggerId=us-central1-notifyOnPresence-0 {"eventType":"google.cloud.firestore.document.v1.written","database":"(default)","namespace":"(default)","document":{"value":"teachers/{teacherId}/groups/{groupId}/dailyAttendance/{date}","matchType":"PATH_PATTERN"}}
[info] ✔  functions[us-central1-notifyOnPresence]: firestore function initialized. {"metadata":{"emulator":{"name":"functions"},"message":"\u001b[1mfirestore\u001b[22m function initialized."}}
[info] ✔  functions[us-central1-resetPassword]: http function initialized (http://127.0.0.1:5011/learnaria-483e7/us-central1/resetPassword). {"metadata":{"emulator":{"name":"functions"},"message":"\u001b[1mhttp\u001b[22m function initialized (http://127.0.0.1:5011/learnaria-483e7/us-central1/resetPassword)."}}
[info] ✔  functions[us-central1-activateParentAccount]: http function initialized (http://127.0.0.1:5011/learnaria-483e7/us-central1/activateParentAccount). {"metadata":{"emulator":{"name":"functions"},"message":"\u001b[1mhttp\u001b[22m function initialized (http://127.0.0.1:5011/learnaria-483e7/us-central1/activateParentAccount)."}}
[info] ✔  functions[us-central1-checkAuthUserExists]: http function initialized (http://127.0.0.1:5011/learnaria-483e7/us-central1/checkAuthUserExists). {"metadata":{"emulator":{"name":"functions"},"message":"\u001b[1mhttp\u001b[22m function initialized (http://127.0.0.1:5011/learnaria-483e7/us-central1/checkAuthUserExists)."}}
[info] ✔  functions[us-central1-getTeacherContactForParent]: http function initialized (http://127.0.0.1:5011/learnaria-483e7/us-central1/getTeacherContactForParent). {"metadata":{"emulator":{"name":"functions"},"message":"\u001b[1mhttp\u001b[22m function initialized (http://127.0.0.1:5011/learnaria-483e7/us-central1/getTeacherContactForParent)."}}
[info] ✔  functions[us-central1-migrateExistingCards]: http function initialized (http://127.0.0.1:5011/learnaria-483e7/us-central1/migrateExistingCards). {"metadata":{"emulator":{"name":"functions"},"message":"\u001b[1mhttp\u001b[22m function initialized (http://127.0.0.1:5011/learnaria-483e7/us-central1/migrateExistingCards)."}}
[info] ✔  functions[us-central1-createCenter]: http function initialized (http://127.0.0.1:5011/learnaria-483e7/us-central1/createCenter). {"metadata":{"emulator":{"name":"functions"},"message":"\u001b[1mhttp\u001b[22m function initialized (http://127.0.0.1:5011/learnaria-483e7/us-central1/createCenter)."}}
[info] ✔  functions[us-central1-createTeacher]: http function initialized (http://127.0.0.1:5011/learnaria-483e7/us-central1/createTeacher). {"metadata":{"emulator":{"name":"functions"},"message":"\u001b[1mhttp\u001b[22m function initialized (http://127.0.0.1:5011/learnaria-483e7/us-central1/createTeacher)."}}
[info] ✔  functions[us-central1-addTeacherToCenter]: http function initialized (http://127.0.0.1:5011/learnaria-483e7/us-central1/addTeacherToCenter). {"metadata":{"emulator":{"name":"functions"},"message":"\u001b[1mhttp\u001b[22m function initialized (http://127.0.0.1:5011/learnaria-483e7/us-central1/addTeacherToCenter)."}}
[info] ✔  functions[us-central1-removeTeacherFromCenter]: http function initialized (http://127.0.0.1:5011/learnaria-483e7/us-central1/removeTeacherFromCenter). {"metadata":{"emulator":{"name":"functions"},"message":"\u001b[1mhttp\u001b[22m function initialized (http://127.0.0.1:5011/learnaria-483e7/us-central1/removeTeacherFromCenter)."}}
[info] ✔  functions[us-central1-removeParentTokenOnLogout]: http function initialized (http://127.0.0.1:5011/learnaria-483e7/us-central1/removeParentTokenOnLogout). {"metadata":{"emulator":{"name":"functions"},"message":"\u001b[1mhttp\u001b[22m function initialized (http://127.0.0.1:5011/learnaria-483e7/us-central1/removeParentTokenOnLogout)."}}
[info] ✔  functions[us-central1-adminListUsers]: http function initialized (http://127.0.0.1:5011/learnaria-483e7/us-central1/adminListUsers). {"metadata":{"emulator":{"name":"functions"},"message":"\u001b[1mhttp\u001b[22m function initialized (http://127.0.0.1:5011/learnaria-483e7/us-central1/adminListUsers)."}}
[info] ✔  functions[us-central1-adminDeleteUser]: http function initialized (http://127.0.0.1:5011/learnaria-483e7/us-central1/adminDeleteUser). {"metadata":{"emulator":{"name":"functions"},"message":"\u001b[1mhttp\u001b[22m function initialized (http://127.0.0.1:5011/learnaria-483e7/us-central1/adminDeleteUser)."}}
[info] ✔  functions[us-central1-adminSendNotification]: http function initialized (http://127.0.0.1:5011/learnaria-483e7/us-central1/adminSendNotification). {"metadata":{"emulator":{"name":"functions"},"message":"\u001b[1mhttp\u001b[22m function initialized (http://127.0.0.1:5011/learnaria-483e7/us-central1/adminSendNotification)."}}
[info] ✔  functions[us-central1-adminMoveStudent]: http function initialized (http://127.0.0.1:5011/learnaria-483e7/us-central1/adminMoveStudent). {"metadata":{"emulator":{"name":"functions"},"message":"\u001b[1mhttp\u001b[22m function initialized (http://127.0.0.1:5011/learnaria-483e7/us-central1/adminMoveStudent)."}}
[info] i  functions[us-central1-cleanupScanLogs]: function ignored because the pubsub emulator does not exist or is not running. {"metadata":{"emulator":{"name":"functions"},"message":"function ignored because the pubsub emulator does not exist or is not running."}}
[debug] [2026-09-13T14:17:55.418Z] addStorageTrigger {"eventTrigger":{"eventType":"google.cloud.storage.object.v1.finalized","resource":"learnaria-483e7.firebasestorage.app","eventFilters":{"bucket":"learnaria-483e7.firebasestorage.app"}}}
[info] ✔  functions[europe-west1-processUploadedFile]: storage function initialized. {"metadata":{"emulator":{"name":"functions"},"message":"\u001b[1mstorage\u001b[22m function initialized."}}
[debug] [2026-09-13T14:17:55.419Z] addStorageTrigger {"eventTrigger":{"eventType":"google.cloud.storage.object.v1.deleted","resource":"learnaria-483e7.firebasestorage.app","eventFilters":{"bucket":"learnaria-483e7.firebasestorage.app"}}}
[info] ✔  functions[europe-west1-cleanupDeletedFile]: storage function initialized. {"metadata":{"emulator":{"name":"functions"},"message":"\u001b[1mstorage\u001b[22m function initialized."}}
[info] ✔  functions[europe-west1-chatWithSpot]: http function initialized (http://127.0.0.1:5011/learnaria-483e7/europe-west1/chatWithSpot). {"metadata":{"emulator":{"name":"functions"},"message":"\u001b[1mhttp\u001b[22m function initialized (http://127.0.0.1:5011/learnaria-483e7/europe-west1/chatWithSpot)."}}
[debug] [2026-09-13T14:17:55.436Z] Could not find VSCode notification endpoint: FetchError: request to http://localhost:40001/vscode/notify failed, reason: . If you are not running the Firebase SQL Connect VSCode extension, this is expected and not an issue.
[info] 
┌─────────────────────────────────────────────────────────────┐
│ ✔  All emulators ready! It is now safe to connect your app. │
│ i  View Emulator UI at http://127.0.0.1:4040/               │
└─────────────────────────────────────────────────────────────┘

┌────────────────┬────────────────┬──────────────────────────────────┐
│ Emulator       │ Host:Port      │ View in Emulator UI              │
├────────────────┼────────────────┼──────────────────────────────────┤
│ Authentication │ 127.0.0.1:9090 │ http://127.0.0.1:4040/auth       │
├────────────────┼────────────────┼──────────────────────────────────┤
│ Functions      │ 127.0.0.1:5011 │ http://127.0.0.1:4040/functions  │
├────────────────┼────────────────┼──────────────────────────────────┤
│ Firestore      │ 127.0.0.1:8088 │ http://127.0.0.1:4040/firestore  │
├────────────────┼────────────────┼──────────────────────────────────┤
│ Hosting        │ 127.0.0.1:5005 │ n/a                              │
├────────────────┼────────────────┼──────────────────────────────────┤
│ Storage        │ 127.0.0.1:9199 │ http://127.0.0.1:4040/storage    │
├────────────────┼────────────────┼──────────────────────────────────┤
│ Extensions     │ 127.0.0.1:5011 │ http://127.0.0.1:4040/extensions │
└────────────────┴────────────────┴──────────────────────────────────┘
  Emulator Hub host: 127.0.0.1 port: 4400
  Other reserved ports: 4500, 9150
┌─────────────────────────┬───────────────┬─────────────────────┐
│ Extension Instance Name │ Extension Ref │ View in Emulator UI │
└─────────────────────────┴───────────────┴─────────────────────┘
Issues? Report them at https://github.com/firebase/firebase-tools/issues and attach the *-debug.log files.
 
[debug] [2026-09-13T14:18:16.903Z] Sept 13, 2026 5:18:16 PM com.google.cloud.datastore.emulator.firestore.websocket.WebSocketChannelHandler initChannel
INFO: Connected to new websocket client
 {"metadata":{"emulator":{"name":"firestore"},"message":"Sept 13, 2026 5:18:16 PM com.google.cloud.datastore.emulator.firestore.websocket.WebSocketChannelHandler initChannel\nINFO: Connected to new websocket client\n"}}
[info] i  hosting: 127.0.0.1 - - [13/Sep/2026:14:19:03 +0000] "GET / HTTP/1.1" 200 - "-" "Mozilla/5.0 (Macintosh; Intel Mac OS X 10_15_7) AppleWebKit/537.36 (KHTML, like Gecko) Chrome/152.0.0.0 Safari/537.36" {"metadata":{"emulator":{"name":"hosting"},"message":"127.0.0.1 - - [13/Sep/2026:14:19:03 +0000] \"GET / HTTP/1.1\" 200 - \"-\" \"Mozilla/5.0 (Macintosh; Intel Mac OS X 10_15_7) AppleWebKit/537.36 (KHTML, like Gecko) Chrome/152.0.0.0 Safari/537.36\""}}
[info] i  hosting: 127.0.0.1 - - [13/Sep/2026:14:19:03 +0000] "GET /css/style.css HTTP/1.1" 200 - "http://127.0.0.1:5005/" "Mozilla/5.0 (Macintosh; Intel Mac OS X 10_15_7) AppleWebKit/537.36 (KHTML, like Gecko) Chrome/152.0.0.0 Safari/537.36" {"metadata":{"emulator":{"name":"hosting"},"message":"127.0.0.1 - - [13/Sep/2026:14:19:03 +0000] \"GET /css/style.css HTTP/1.1\" 200 - \"http://127.0.0.1:5005/\" \"Mozilla/5.0 (Macintosh; Intel Mac OS X 10_15_7) AppleWebKit/537.36 (KHTML, like Gecko) Chrome/152.0.0.0 Safari/537.36\""}}
[info] i  hosting: 127.0.0.1 - - [13/Sep/2026:14:19:03 +0000] "GET /assets/images/learnaria_logo.png HTTP/1.1" 200 59223 "http://127.0.0.1:5005/" "Mozilla/5.0 (Macintosh; Intel Mac OS X 10_15_7) AppleWebKit/537.36 (KHTML, like Gecko) Chrome/152.0.0.0 Safari/537.36" {"metadata":{"emulator":{"name":"hosting"},"message":"127.0.0.1 - - [13/Sep/2026:14:19:03 +0000] \"GET /assets/images/learnaria_logo.png HTTP/1.1\" 200 59223 \"http://127.0.0.1:5005/\" \"Mozilla/5.0 (Macintosh; Intel Mac OS X 10_15_7) AppleWebKit/537.36 (KHTML, like Gecko) Chrome/152.0.0.0 Safari/537.36\""}}
[info] i  hosting: 127.0.0.1 - - [13/Sep/2026:14:19:03 +0000] "GET /css/landing.css HTTP/1.1" 200 - "http://127.0.0.1:5005/" "Mozilla/5.0 (Macintosh; Intel Mac OS X 10_15_7) AppleWebKit/537.36 (KHTML, like Gecko) Chrome/152.0.0.0 Safari/537.36" {"metadata":{"emulator":{"name":"hosting"},"message":"127.0.0.1 - - [13/Sep/2026:14:19:03 +0000] \"GET /css/landing.css HTTP/1.1\" 200 - \"http://127.0.0.1:5005/\" \"Mozilla/5.0 (Macintosh; Intel Mac OS X 10_15_7) AppleWebKit/537.36 (KHTML, like Gecko) Chrome/152.0.0.0 Safari/537.36\""}}
[info] i  hosting: 127.0.0.1 - - [13/Sep/2026:14:19:03 +0000] "GET /css/tailwind.css HTTP/1.1" 200 - "http://127.0.0.1:5005/" "Mozilla/5.0 (Macintosh; Intel Mac OS X 10_15_7) AppleWebKit/537.36 (KHTML, like Gecko) Chrome/152.0.0.0 Safari/537.36" {"metadata":{"emulator":{"name":"hosting"},"message":"127.0.0.1 - - [13/Sep/2026:14:19:03 +0000] \"GET /css/tailwind.css HTTP/1.1\" 200 - \"http://127.0.0.1:5005/\" \"Mozilla/5.0 (Macintosh; Intel Mac OS X 10_15_7) AppleWebKit/537.36 (KHTML, like Gecko) Chrome/152.0.0.0 Safari/537.36\""}}
[info] i  hosting: 127.0.0.1 - - [13/Sep/2026:14:19:03 +0000] "GET /js/landing.js HTTP/1.1" 200 - "http://127.0.0.1:5005/" "Mozilla/5.0 (Macintosh; Intel Mac OS X 10_15_7) AppleWebKit/537.36 (KHTML, like Gecko) Chrome/152.0.0.0 Safari/537.36" {"metadata":{"emulator":{"name":"hosting"},"message":"127.0.0.1 - - [13/Sep/2026:14:19:03 +0000] \"GET /js/landing.js HTTP/1.1\" 200 - \"http://127.0.0.1:5005/\" \"Mozilla/5.0 (Macintosh; Intel Mac OS X 10_15_7) AppleWebKit/537.36 (KHTML, like Gecko) Chrome/152.0.0.0 Safari/537.36\""}}
[info] i  hosting: 127.0.0.1 - - [13/Sep/2026:14:19:04 +0000] "GET /favicon.ico HTTP/1.1" 200 - "http://127.0.0.1:5005/" "Mozilla/5.0 (Macintosh; Intel Mac OS X 10_15_7) AppleWebKit/537.36 (KHTML, like Gecko) Chrome/152.0.0.0 Safari/537.36" {"metadata":{"emulator":{"name":"hosting"},"message":"127.0.0.1 - - [13/Sep/2026:14:19:04 +0000] \"GET /favicon.ico HTTP/1.1\" 200 - \"http://127.0.0.1:5005/\" \"Mozilla/5.0 (Macintosh; Intel Mac OS X 10_15_7) AppleWebKit/537.36 (KHTML, like Gecko) Chrome/152.0.0.0 Safari/537.36\""}}
[info] i  hosting: 127.0.0.1 - - [13/Sep/2026:14:19:05 +0000] "GET /dashboard HTTP/1.1" 200 - "http://127.0.0.1:5005/" "Mozilla/5.0 (Macintosh; Intel Mac OS X 10_15_7) AppleWebKit/537.36 (KHTML, like Gecko) Chrome/152.0.0.0 Safari/537.36" {"metadata":{"emulator":{"name":"hosting"},"message":"127.0.0.1 - - [13/Sep/2026:14:19:05 +0000] \"GET /dashboard HTTP/1.1\" 200 - \"http://127.0.0.1:5005/\" \"Mozilla/5.0 (Macintosh; Intel Mac OS X 10_15_7) AppleWebKit/537.36 (KHTML, like Gecko) Chrome/152.0.0.0 Safari/537.36\""}}
[info] i  hosting: 127.0.0.1 - - [13/Sep/2026:14:19:06 +0000] "GET /css/style.css?v=2 HTTP/1.1" 200 - "http://127.0.0.1:5005/dashboard" "Mozilla/5.0 (Macintosh; Intel Mac OS X 10_15_7) AppleWebKit/537.36 (KHTML, like Gecko) Chrome/152.0.0.0 Safari/537.36" {"metadata":{"emulator":{"name":"hosting"},"message":"127.0.0.1 - - [13/Sep/2026:14:19:06 +0000] \"GET /css/style.css?v=2 HTTP/1.1\" 200 - \"http://127.0.0.1:5005/dashboard\" \"Mozilla/5.0 (Macintosh; Intel Mac OS X 10_15_7) AppleWebKit/537.36 (KHTML, like Gecko) Chrome/152.0.0.0 Safari/537.36\""}}
[info] i  hosting: 127.0.0.1 - - [13/Sep/2026:14:19:06 +0000] "GET /assets/images/favicon.png HTTP/1.1" 200 4410 "http://127.0.0.1:5005/dashboard" "Mozilla/5.0 (Macintosh; Intel Mac OS X 10_15_7) AppleWebKit/537.36 (KHTML, like Gecko) Chrome/152.0.0.0 Safari/537.36" {"metadata":{"emulator":{"name":"hosting"},"message":"127.0.0.1 - - [13/Sep/2026:14:19:06 +0000] \"GET /assets/images/favicon.png HTTP/1.1\" 200 4410 \"http://127.0.0.1:5005/dashboard\" \"Mozilla/5.0 (Macintosh; Intel Mac OS X 10_15_7) AppleWebKit/537.36 (KHTML, like Gecko) Chrome/152.0.0.0 Safari/537.36\""}}
[info] i  hosting: 127.0.0.1 - - [13/Sep/2026:14:19:06 +0000] "GET /manifest.json HTTP/1.1" 200 419 "http://127.0.0.1:5005/dashboard" "Mozilla/5.0 (Macintosh; Intel Mac OS X 10_15_7) AppleWebKit/537.36 (KHTML, like Gecko) Chrome/152.0.0.0 Safari/537.36" {"metadata":{"emulator":{"name":"hosting"},"message":"127.0.0.1 - - [13/Sep/2026:14:19:06 +0000] \"GET /manifest.json HTTP/1.1\" 200 419 \"http://127.0.0.1:5005/dashboard\" \"Mozilla/5.0 (Macintosh; Intel Mac OS X 10_15_7) AppleWebKit/537.36 (KHTML, like Gecko) Chrome/152.0.0.0 Safari/537.36\""}}
[info] i  hosting: 127.0.0.1 - - [13/Sep/2026:14:19:06 +0000] "GET /js/script.js?v=18 HTTP/1.1" 200 - "http://127.0.0.1:5005/dashboard" "Mozilla/5.0 (Macintosh; Intel Mac OS X 10_15_7) AppleWebKit/537.36 (KHTML, like Gecko) Chrome/152.0.0.0 Safari/537.36" {"metadata":{"emulator":{"name":"hosting"},"message":"127.0.0.1 - - [13/Sep/2026:14:19:06 +0000] \"GET /js/script.js?v=18 HTTP/1.1\" 200 - \"http://127.0.0.1:5005/dashboard\" \"Mozilla/5.0 (Macintosh; Intel Mac OS X 10_15_7) AppleWebKit/537.36 (KHTML, like Gecko) Chrome/152.0.0.0 Safari/537.36\""}}
[debug] [2026-09-13T14:19:16.488Z] Sept 13, 2026 5:19:16 PM io.gapi.emulators.netty.HttpVersionRoutingHandler channelRead
INFO: Detected non-HTTP/2 connection.
 {"metadata":{"emulator":{"name":"firestore"},"message":"Sept 13, 2026 5:19:16 PM io.gapi.emulators.netty.HttpVersionRoutingHandler channelRead\nINFO: Detected non-HTTP/2 connection.\n"}}
[debug] [2026-09-13T14:19:16.910Z] Sept 13, 2026 5:19:16 PM io.gapi.emulators.netty.HttpVersionRoutingHandler channelRead
INFO: Detected non-HTTP/2 connection.
 {"metadata":{"emulator":{"name":"firestore"},"message":"Sept 13, 2026 5:19:16 PM io.gapi.emulators.netty.HttpVersionRoutingHandler channelRead\nINFO: Detected non-HTTP/2 connection.\n"}}
[debug] [2026-09-13T14:20:16.971Z] Sept 13, 2026 5:20:16 PM io.gapi.emulators.netty.HttpVersionRoutingHandler channelRead
INFO: Detected non-HTTP/2 connection.
 {"metadata":{"emulator":{"name":"firestore"},"message":"Sept 13, 2026 5:20:16 PM io.gapi.emulators.netty.HttpVersionRoutingHandler channelRead\nINFO: Detected non-HTTP/2 connection.\n"}}
[debug] [2026-09-13T14:20:26.282Z] >>> [apiv2][query] POST http://127.0.0.1:5011/functions/projects/learnaria-483e7/trigger_multicast [none]
[debug] [2026-09-13T14:20:26.283Z] >>> [apiv2][body] POST http://127.0.0.1:5011/functions/projects/learnaria-483e7/trigger_multicast {"eventId":"2429e199-ec64-4c36-998b-bd4d541e1c27","eventType":"providers/firebase.auth/eventTypes/user.create","resource":{"name":"projects/learnaria-483e7","service":"firebaseauth.googleapis.com"},"params":{},"timestamp":"2026-09-13T14:20:26.282Z","data":{"uid":"0RkiWM9K34FSZCv4rp2Ytm5pM4lk","email":"ahmadaboelghet@gmail.com","emailVerified":true,"displayName":"","photoURL":"","phoneNumber":"+201001133246","metadata":{"creationTime":"2026-09-13T14:20:26.281Z","lastSignInTime":"2026-09-13T14:20:26.281Z"},"customClaims":{},"providerData":[{"rawId":"ahmadaboelghet@gmail.com","providerId":"password","displayName":"","email":"ahmadaboelghet@gmail.com","federatedId":"ahmadaboelghet@gmail.com","photoURL":""},{"rawId":"+201001133246","providerId":"phone","phoneNumber":"+201001133246"}],"mfaInfo":[]}}
[debug] [2026-09-13T14:20:26.287Z] <<< [apiv2][status] POST http://127.0.0.1:5011/functions/projects/learnaria-483e7/trigger_multicast 200
[debug] [2026-09-13T14:20:26.287Z] <<< [apiv2][body] POST http://127.0.0.1:5011/functions/projects/learnaria-483e7/trigger_multicast {"status":"multicast_acknowledged"}
[debug] [2026-09-13T14:20:34.324Z] Sept 13, 2026 5:20:34 PM io.gapi.emulators.netty.HttpVersionRoutingHandler channelRead
INFO: Detected non-HTTP/2 connection.
 {"metadata":{"emulator":{"name":"firestore"},"message":"Sept 13, 2026 5:20:34 PM io.gapi.emulators.netty.HttpVersionRoutingHandler channelRead\nINFO: Detected non-HTTP/2 connection.\n"}}
[info] i  hosting: 127.0.0.1 - - [13/Sep/2026:14:20:37 +0000] "GET /dashboard HTTP/1.1" 200 - "http://127.0.0.1:5005/" "Mozilla/5.0 (Macintosh; Intel Mac OS X 10_15_7) AppleWebKit/537.36 (KHTML, like Gecko) Chrome/152.0.0.0 Safari/537.36" {"metadata":{"emulator":{"name":"hosting"},"message":"127.0.0.1 - - [13/Sep/2026:14:20:37 +0000] \"GET /dashboard HTTP/1.1\" 200 - \"http://127.0.0.1:5005/\" \"Mozilla/5.0 (Macintosh; Intel Mac OS X 10_15_7) AppleWebKit/537.36 (KHTML, like Gecko) Chrome/152.0.0.0 Safari/537.36\""}}
[info] i  hosting: 127.0.0.1 - - [13/Sep/2026:14:20:37 +0000] "GET /js/script.js?v=18 HTTP/1.1" 200 - "http://127.0.0.1:5005/dashboard" "Mozilla/5.0 (Macintosh; Intel Mac OS X 10_15_7) AppleWebKit/537.36 (KHTML, like Gecko) Chrome/152.0.0.0 Safari/537.36" {"metadata":{"emulator":{"name":"hosting"},"message":"127.0.0.1 - - [13/Sep/2026:14:20:37 +0000] \"GET /js/script.js?v=18 HTTP/1.1\" 200 - \"http://127.0.0.1:5005/dashboard\" \"Mozilla/5.0 (Macintosh; Intel Mac OS X 10_15_7) AppleWebKit/537.36 (KHTML, like Gecko) Chrome/152.0.0.0 Safari/537.36\""}}
[debug] [2026-09-13T14:21:08.478Z] Sept 13, 2026 5:21:08 PM io.gapi.emulators.netty.HttpVersionRoutingHandler channelRead
INFO: Detected non-HTTP/2 connection.
 {"metadata":{"emulator":{"name":"firestore"},"message":"Sept 13, 2026 5:21:08 PM io.gapi.emulators.netty.HttpVersionRoutingHandler channelRead\nINFO: Detected non-HTTP/2 connection.\n"}}
[debug] [2026-09-13T14:21:08.506Z] Sept 13, 2026 5:21:08 PM io.gapi.emulators.netty.HttpVersionRoutingHandler channelRead
INFO: Detected non-HTTP/2 connection.
 {"metadata":{"emulator":{"name":"firestore"},"message":"Sept 13, 2026 5:21:08 PM io.gapi.emulators.netty.HttpVersionRoutingHandler channelRead\nINFO: Detected non-HTTP/2 connection.\n"}}
[info] i  hosting: 127.0.0.1 - - [13/Sep/2026:14:21:11 +0000] "GET /.well-known/appspecific/com.chrome.devtools.json HTTP/1.1" 404 187 "-" "Mozilla/5.0 (Macintosh; Intel Mac OS X 10_15_7) AppleWebKit/537.36 (KHTML, like Gecko) Chrome/152.0.0.0 Safari/537.36" {"metadata":{"emulator":{"name":"hosting"},"message":"127.0.0.1 - - [13/Sep/2026:14:21:11 +0000] \"GET /.well-known/appspecific/com.chrome.devtools.json HTTP/1.1\" 404 187 \"-\" \"Mozilla/5.0 (Macintosh; Intel Mac OS X 10_15_7) AppleWebKit/537.36 (KHTML, like Gecko) Chrome/152.0.0.0 Safari/537.36\""}}
[info] i  hosting: 127.0.0.1 - - [13/Sep/2026:14:21:46 +0000] "GET /admin HTTP/1.1" 200 - "-" "Mozilla/5.0 (Macintosh; Intel Mac OS X 10_15_7) AppleWebKit/537.36 (KHTML, like Gecko) Chrome/152.0.0.0 Safari/537.36" {"metadata":{"emulator":{"name":"hosting"},"message":"127.0.0.1 - - [13/Sep/2026:14:21:46 +0000] \"GET /admin HTTP/1.1\" 200 - \"-\" \"Mozilla/5.0 (Macintosh; Intel Mac OS X 10_15_7) AppleWebKit/537.36 (KHTML, like Gecko) Chrome/152.0.0.0 Safari/537.36\""}}
[info] i  hosting: 127.0.0.1 - - [13/Sep/2026:14:21:46 +0000] "GET /.well-known/appspecific/com.chrome.devtools.json HTTP/1.1" 404 187 "-" "Mozilla/5.0 (Macintosh; Intel Mac OS X 10_15_7) AppleWebKit/537.36 (KHTML, like Gecko) Chrome/152.0.0.0 Safari/537.36" {"metadata":{"emulator":{"name":"hosting"},"message":"127.0.0.1 - - [13/Sep/2026:14:21:46 +0000] \"GET /.well-known/appspecific/com.chrome.devtools.json HTTP/1.1\" 404 187 \"-\" \"Mozilla/5.0 (Macintosh; Intel Mac OS X 10_15_7) AppleWebKit/537.36 (KHTML, like Gecko) Chrome/152.0.0.0 Safari/537.36\""}}
[info] i  hosting: 127.0.0.1 - - [13/Sep/2026:14:21:55 +0000] "GET /.well-known/appspecific/com.chrome.devtools.json HTTP/1.1" 404 187 "-" "Mozilla/5.0 (Macintosh; Intel Mac OS X 10_15_7) AppleWebKit/537.36 (KHTML, like Gecko) Chrome/152.0.0.0 Safari/537.36" {"metadata":{"emulator":{"name":"hosting"},"message":"127.0.0.1 - - [13/Sep/2026:14:21:55 +0000] \"GET /.well-known/appspecific/com.chrome.devtools.json HTTP/1.1\" 404 187 \"-\" \"Mozilla/5.0 (Macintosh; Intel Mac OS X 10_15_7) AppleWebKit/537.36 (KHTML, like Gecko) Chrome/152.0.0.0 Safari/537.36\""}}
[info] i  hosting: 127.0.0.1 - - [13/Sep/2026:14:21:55 +0000] "GET /.well-known/appspecific/com.chrome.devtools.json HTTP/1.1" 404 187 "-" "Mozilla/5.0 (Macintosh; Intel Mac OS X 10_15_7) AppleWebKit/537.36 (KHTML, like Gecko) Chrome/152.0.0.0 Safari/537.36" {"metadata":{"emulator":{"name":"hosting"},"message":"127.0.0.1 - - [13/Sep/2026:14:21:55 +0000] \"GET /.well-known/appspecific/com.chrome.devtools.json HTTP/1.1\" 404 187 \"-\" \"Mozilla/5.0 (Macintosh; Intel Mac OS X 10_15_7) AppleWebKit/537.36 (KHTML, like Gecko) Chrome/152.0.0.0 Safari/537.36\""}}
[debug] [2026-09-13T14:21:57.559Z] Sept 13, 2026 5:21:57 PM io.gapi.emulators.netty.HttpVersionRoutingHandler channelRead
INFO: Detected non-HTTP/2 connection.
 {"metadata":{"emulator":{"name":"firestore"},"message":"Sept 13, 2026 5:21:57 PM io.gapi.emulators.netty.HttpVersionRoutingHandler channelRead\nINFO: Detected non-HTTP/2 connection.\n"}}
[debug] [2026-09-13T14:21:57.604Z] Sept 13, 2026 5:21:57 PM io.gapi.emulators.netty.HttpVersionRoutingHandler channelRead
INFO: Detected non-HTTP/2 connection.
 {"metadata":{"emulator":{"name":"firestore"},"message":"Sept 13, 2026 5:21:57 PM io.gapi.emulators.netty.HttpVersionRoutingHandler channelRead\nINFO: Detected non-HTTP/2 connection.\n"}}
[debug] [2026-09-13T14:22:11.255Z] Sept 13, 2026 5:22:11 PM io.gapi.emulators.netty.HttpVersionRoutingHandler channelRead
INFO: Detected non-HTTP/2 connection.
 {"metadata":{"emulator":{"name":"firestore"},"message":"Sept 13, 2026 5:22:11 PM io.gapi.emulators.netty.HttpVersionRoutingHandler channelRead\nINFO: Detected non-HTTP/2 connection.\n"}}
[debug] [2026-09-13T14:22:43.025Z] Sept 13, 2026 5:22:43 PM io.gapi.emulators.netty.HttpVersionRoutingHandler channelRead
INFO: Detected non-HTTP/2 connection.
 {"metadata":{"emulator":{"name":"firestore"},"message":"Sept 13, 2026 5:22:43 PM io.gapi.emulators.netty.HttpVersionRoutingHandler channelRead\nINFO: Detected non-HTTP/2 connection.\n"}}
[debug] [2026-09-13T14:23:46.805Z] Sept 13, 2026 5:23:46 PM io.gapi.emulators.netty.HttpVersionRoutingHandler channelRead
INFO: Detected non-HTTP/2 connection.
 {"metadata":{"emulator":{"name":"firestore"},"message":"Sept 13, 2026 5:23:46 PM io.gapi.emulators.netty.HttpVersionRoutingHandler channelRead\nINFO: Detected non-HTTP/2 connection.\n"}}
[debug] [2026-09-13T14:24:01.213Z] Sept 13, 2026 5:24:01 PM io.gapi.emulators.netty.HttpVersionRoutingHandler channelRead
INFO: Detected non-HTTP/2 connection.
 {"metadata":{"emulator":{"name":"firestore"},"message":"Sept 13, 2026 5:24:01 PM io.gapi.emulators.netty.HttpVersionRoutingHandler channelRead\nINFO: Detected non-HTTP/2 connection.\n"}}
[debug] [2026-09-13T14:24:56.985Z] Sept 13, 2026 5:24:56 PM io.gapi.emulators.netty.HttpVersionRoutingHandler channelRead
INFO: Detected non-HTTP/2 connection.
 {"metadata":{"emulator":{"name":"firestore"},"message":"Sept 13, 2026 5:24:56 PM io.gapi.emulators.netty.HttpVersionRoutingHandler channelRead\nINFO: Detected non-HTTP/2 connection.\n"}}
[debug] [2026-09-13T14:24:57.017Z] Sept 13, 2026 5:24:57 PM io.gapi.emulators.netty.HttpVersionRoutingHandler channelRead
INFO: Detected non-HTTP/2 connection.
 {"metadata":{"emulator":{"name":"firestore"},"message":"Sept 13, 2026 5:24:57 PM io.gapi.emulators.netty.HttpVersionRoutingHandler channelRead\nINFO: Detected non-HTTP/2 connection.\n"}}
[debug] [2026-09-13T14:24:57.030Z] Sept 13, 2026 5:24:57 PM io.gapi.emulators.netty.HttpVersionRoutingHandler channelRead
INFO: Detected non-HTTP/2 connection.
 {"metadata":{"emulator":{"name":"firestore"},"message":"Sept 13, 2026 5:24:57 PM io.gapi.emulators.netty.HttpVersionRoutingHandler channelRead\nINFO: Detected non-HTTP/2 connection.\n"}}
[debug] [2026-09-13T14:24:57.200Z] Sept 13, 2026 5:24:57 PM io.gapi.emulators.netty.HttpVersionRoutingHandler channelRead
INFO: Detected non-HTTP/2 connection.
 {"metadata":{"emulator":{"name":"firestore"},"message":"Sept 13, 2026 5:24:57 PM io.gapi.emulators.netty.HttpVersionRoutingHandler channelRead\nINFO: Detected non-HTTP/2 connection.\n"}}
[debug] [2026-09-13T14:24:57.348Z] Sept 13, 2026 5:24:57 PM io.gapi.emulators.netty.HttpVersionRoutingHandler channelRead
INFO: Detected non-HTTP/2 connection.
 {"metadata":{"emulator":{"name":"firestore"},"message":"Sept 13, 2026 5:24:57 PM io.gapi.emulators.netty.HttpVersionRoutingHandler channelRead\nINFO: Detected non-HTTP/2 connection.\n"}}
[debug] [2026-09-13T14:24:57.348Z] Sept 13, 2026 5:24:57 PM io.gapi.emulators.netty.HttpVersionRoutingHandler channelRead
INFO: Detected non-HTTP/2 connection.
 {"metadata":{"emulator":{"name":"firestore"},"message":"Sept 13, 2026 5:24:57 PM io.gapi.emulators.netty.HttpVersionRoutingHandler channelRead\nINFO: Detected non-HTTP/2 connection.\n"}}
[debug] [2026-09-13T14:25:01.238Z] Sept 13, 2026 5:25:01 PM io.gapi.emulators.netty.HttpVersionRoutingHandler channelRead
INFO: Detected non-HTTP/2 connection.
 {"metadata":{"emulator":{"name":"firestore"},"message":"Sept 13, 2026 5:25:01 PM io.gapi.emulators.netty.HttpVersionRoutingHandler channelRead\nINFO: Detected non-HTTP/2 connection.\n"}}
[debug] [2026-09-13T14:25:02.743Z] Sept 13, 2026 5:25:02 PM io.gapi.emulators.netty.HttpVersionRoutingHandler channelRead
INFO: Detected non-HTTP/2 connection.
 {"metadata":{"emulator":{"name":"firestore"},"message":"Sept 13, 2026 5:25:02 PM io.gapi.emulators.netty.HttpVersionRoutingHandler channelRead\nINFO: Detected non-HTTP/2 connection.\n"}}
[info] i  hosting: 127.0.0.1 - - [13/Sep/2026:14:25:04 +0000] "GET /dashboard HTTP/1.1" 200 - "http://127.0.0.1:5005/" "Mozilla/5.0 (Macintosh; Intel Mac OS X 10_15_7) AppleWebKit/537.36 (KHTML, like Gecko) Chrome/152.0.0.0 Safari/537.36" {"metadata":{"emulator":{"name":"hosting"},"message":"127.0.0.1 - - [13/Sep/2026:14:25:04 +0000] \"GET /dashboard HTTP/1.1\" 200 - \"http://127.0.0.1:5005/\" \"Mozilla/5.0 (Macintosh; Intel Mac OS X 10_15_7) AppleWebKit/537.36 (KHTML, like Gecko) Chrome/152.0.0.0 Safari/537.36\""}}
[info] i  hosting: 127.0.0.1 - - [13/Sep/2026:14:25:04 +0000] "GET /.well-known/appspecific/com.chrome.devtools.json HTTP/1.1" 404 187 "-" "Mozilla/5.0 (Macintosh; Intel Mac OS X 10_15_7) AppleWebKit/537.36 (KHTML, like Gecko) Chrome/152.0.0.0 Safari/537.36" {"metadata":{"emulator":{"name":"hosting"},"message":"127.0.0.1 - - [13/Sep/2026:14:25:04 +0000] \"GET /.well-known/appspecific/com.chrome.devtools.json HTTP/1.1\" 404 187 \"-\" \"Mozilla/5.0 (Macintosh; Intel Mac OS X 10_15_7) AppleWebKit/537.36 (KHTML, like Gecko) Chrome/152.0.0.0 Safari/537.36\""}}
[info] i  hosting: 127.0.0.1 - - [13/Sep/2026:14:25:04 +0000] "GET /js/script.js?v=18 HTTP/1.1" 200 - "http://127.0.0.1:5005/dashboard" "Mozilla/5.0 (Macintosh; Intel Mac OS X 10_15_7) AppleWebKit/537.36 (KHTML, like Gecko) Chrome/152.0.0.0 Safari/537.36" {"metadata":{"emulator":{"name":"hosting"},"message":"127.0.0.1 - - [13/Sep/2026:14:25:04 +0000] \"GET /js/script.js?v=18 HTTP/1.1\" 200 - \"http://127.0.0.1:5005/dashboard\" \"Mozilla/5.0 (Macintosh; Intel Mac OS X 10_15_7) AppleWebKit/537.36 (KHTML, like Gecko) Chrome/152.0.0.0 Safari/537.36\""}}
[debug] [2026-09-13T14:25:13.509Z] Sept 13, 2026 5:25:13 PM io.gapi.emulators.netty.HttpVersionRoutingHandler channelRead
INFO: Detected non-HTTP/2 connection.
 {"metadata":{"emulator":{"name":"firestore"},"message":"Sept 13, 2026 5:25:13 PM io.gapi.emulators.netty.HttpVersionRoutingHandler channelRead\nINFO: Detected non-HTTP/2 connection.\n"}}
[debug] [2026-09-13T14:25:13.541Z] Sept 13, 2026 5:25:13 PM io.gapi.emulators.netty.HttpVersionRoutingHandler channelRead
INFO: Detected non-HTTP/2 connection.
 {"metadata":{"emulator":{"name":"firestore"},"message":"Sept 13, 2026 5:25:13 PM io.gapi.emulators.netty.HttpVersionRoutingHandler channelRead\nINFO: Detected non-HTTP/2 connection.\n"}}
[debug] [2026-09-13T14:25:42.722Z] Sept 13, 2026 5:25:42 PM io.gapi.emulators.netty.HttpVersionRoutingHandler channelRead
INFO: Detected non-HTTP/2 connection.
 {"metadata":{"emulator":{"name":"firestore"},"message":"Sept 13, 2026 5:25:42 PM io.gapi.emulators.netty.HttpVersionRoutingHandler channelRead\nINFO: Detected non-HTTP/2 connection.\n"}}
[debug] [2026-09-13T14:25:57.227Z] Sept 13, 2026 5:25:57 PM io.gapi.emulators.netty.HttpVersionRoutingHandler channelRead
INFO: Detected non-HTTP/2 connection.
 {"metadata":{"emulator":{"name":"firestore"},"message":"Sept 13, 2026 5:25:57 PM io.gapi.emulators.netty.HttpVersionRoutingHandler channelRead\nINFO: Detected non-HTTP/2 connection.\n"}}
[debug] [2026-09-13T14:25:58.024Z] Sept 13, 2026 5:25:58 PM io.gapi.emulators.netty.HttpVersionRoutingHandler channelRead
INFO: Detected non-HTTP/2 connection.
 {"metadata":{"emulator":{"name":"firestore"},"message":"Sept 13, 2026 5:25:58 PM io.gapi.emulators.netty.HttpVersionRoutingHandler channelRead\nINFO: Detected non-HTTP/2 connection.\n"}}
[debug] [2026-09-13T14:25:58.031Z] Sept 13, 2026 5:25:58 PM com.google.cloud.datastore.emulator.firestore.webchannel.FirestoreV1WebChannelAdapter$FirestoreWriteHandler onClose
INFO: channel closed
 {"metadata":{"emulator":{"name":"firestore"},"message":"Sept 13, 2026 5:25:58 PM com.google.cloud.datastore.emulator.firestore.webchannel.FirestoreV1WebChannelAdapter$FirestoreWriteHandler onClose\nINFO: channel closed\n"}}
[debug] [2026-09-13T14:26:01.683Z] Sept 13, 2026 5:26:01 PM io.gapi.emulators.netty.HttpVersionRoutingHandler channelRead
INFO: Detected non-HTTP/2 connection.
 {"metadata":{"emulator":{"name":"firestore"},"message":"Sept 13, 2026 5:26:01 PM io.gapi.emulators.netty.HttpVersionRoutingHandler channelRead\nINFO: Detected non-HTTP/2 connection.\n"}}
[debug] [2026-09-13T14:26:13.365Z] Sept 13, 2026 5:26:13 PM io.gapi.emulators.netty.HttpVersionRoutingHandler channelRead
INFO: Detected non-HTTP/2 connection.
 {"metadata":{"emulator":{"name":"firestore"},"message":"Sept 13, 2026 5:26:13 PM io.gapi.emulators.netty.HttpVersionRoutingHandler channelRead\nINFO: Detected non-HTTP/2 connection.\n"}}
[debug] [2026-09-13T14:26:13.368Z] Sept 13, 2026 5:26:13 PM io.gapi.emulators.netty.HttpVersionRoutingHandler channelRead
INFO: Detected non-HTTP/2 connection.
 {"metadata":{"emulator":{"name":"firestore"},"message":"Sept 13, 2026 5:26:13 PM io.gapi.emulators.netty.HttpVersionRoutingHandler channelRead\nINFO: Detected non-HTTP/2 connection.\n"}}
[debug] [2026-09-13T14:26:14.749Z] Sept 13, 2026 5:26:14 PM io.gapi.emulators.netty.HttpVersionRoutingHandler channelRead
INFO: Detected non-HTTP/2 connection.
 {"metadata":{"emulator":{"name":"firestore"},"message":"Sept 13, 2026 5:26:14 PM io.gapi.emulators.netty.HttpVersionRoutingHandler channelRead\nINFO: Detected non-HTTP/2 connection.\n"}}
[debug] [2026-09-13T14:26:14.754Z] Sept 13, 2026 5:26:14 PM com.google.cloud.datastore.emulator.firestore.webchannel.FirestoreV1WebChannelAdapter$FirestoreListenHandler onClose
INFO: channel closed
 {"metadata":{"emulator":{"name":"firestore"},"message":"Sept 13, 2026 5:26:14 PM com.google.cloud.datastore.emulator.firestore.webchannel.FirestoreV1WebChannelAdapter$FirestoreListenHandler onClose\nINFO: channel closed\n"}}
[debug] [2026-09-13T14:26:16.319Z] Sept 13, 2026 5:26:16 PM com.google.cloud.datastore.emulator.firestore.websocket.WebSocketChannelHandler channelClosed
INFO: Websocket client disconnected
 {"metadata":{"emulator":{"name":"firestore"},"message":"Sept 13, 2026 5:26:16 PM com.google.cloud.datastore.emulator.firestore.websocket.WebSocketChannelHandler channelClosed\nINFO: Websocket client disconnected\n"}}
[debug] [2026-09-13T14:26:16.647Z] Sept 13, 2026 5:26:16 PM com.google.cloud.datastore.emulator.firestore.websocket.WebSocketChannelHandler initChannel
INFO: Connected to new websocket client
 {"metadata":{"emulator":{"name":"firestore"},"message":"Sept 13, 2026 5:26:16 PM com.google.cloud.datastore.emulator.firestore.websocket.WebSocketChannelHandler initChannel\nINFO: Connected to new websocket client\n"}}
[debug] [2026-09-13T14:26:17.793Z] Sept 13, 2026 5:26:17 PM io.gapi.emulators.netty.HttpVersionRoutingHandler channelRead
INFO: Detected non-HTTP/2 connection.
 {"metadata":{"emulator":{"name":"firestore"},"message":"Sept 13, 2026 5:26:17 PM io.gapi.emulators.netty.HttpVersionRoutingHandler channelRead\nINFO: Detected non-HTTP/2 connection.\n"}}
[debug] [2026-09-13T14:26:17.809Z] Sept 13, 2026 5:26:17 PM io.gapi.emulators.netty.HttpVersionRoutingHandler channelRead
INFO: Detected non-HTTP/2 connection.
 {"metadata":{"emulator":{"name":"firestore"},"message":"Sept 13, 2026 5:26:17 PM io.gapi.emulators.netty.HttpVersionRoutingHandler channelRead\nINFO: Detected non-HTTP/2 connection.\n"}}
[debug] [2026-09-13T14:26:17.855Z] Sept 13, 2026 5:26:17 PM io.gapi.emulators.netty.HttpVersionRoutingHandler channelRead
INFO: Detected non-HTTP/2 connection.
 {"metadata":{"emulator":{"name":"firestore"},"message":"Sept 13, 2026 5:26:17 PM io.gapi.emulators.netty.HttpVersionRoutingHandler channelRead\nINFO: Detected non-HTTP/2 connection.\n"}}
[debug] [2026-09-13T14:26:48.680Z] Sept 13, 2026 5:26:48 PM io.gapi.emulators.netty.HttpVersionRoutingHandler channelRead
INFO: Detected non-HTTP/2 connection.
 {"metadata":{"emulator":{"name":"firestore"},"message":"Sept 13, 2026 5:26:48 PM io.gapi.emulators.netty.HttpVersionRoutingHandler channelRead\nINFO: Detected non-HTTP/2 connection.\n"}}
[debug] [2026-09-13T14:27:17.873Z] Sept 13, 2026 5:27:17 PM io.gapi.emulators.netty.HttpVersionRoutingHandler channelRead
INFO: Detected non-HTTP/2 connection.
 {"metadata":{"emulator":{"name":"firestore"},"message":"Sept 13, 2026 5:27:17 PM io.gapi.emulators.netty.HttpVersionRoutingHandler channelRead\nINFO: Detected non-HTTP/2 connection.\n"}}
[debug] [2026-09-13T14:27:48.723Z] Sept 13, 2026 5:27:48 PM io.gapi.emulators.netty.HttpVersionRoutingHandler channelRead
INFO: Detected non-HTTP/2 connection.
 {"metadata":{"emulator":{"name":"firestore"},"message":"Sept 13, 2026 5:27:48 PM io.gapi.emulators.netty.HttpVersionRoutingHandler channelRead\nINFO: Detected non-HTTP/2 connection.\n"}}
[debug] [2026-09-13T14:27:51.297Z] Sept 13, 2026 5:27:51 PM io.gapi.emulators.netty.HttpVersionRoutingHandler channelRead
INFO: Detected non-HTTP/2 connection.
 {"metadata":{"emulator":{"name":"firestore"},"message":"Sept 13, 2026 5:27:51 PM io.gapi.emulators.netty.HttpVersionRoutingHandler channelRead\nINFO: Detected non-HTTP/2 connection.\n"}}
[debug] [2026-09-13T14:27:51.304Z] Sept 13, 2026 5:27:51 PM com.google.cloud.datastore.emulator.firestore.webchannel.FirestoreV1WebChannelAdapter$FirestoreListenHandler onClose
INFO: channel closed
 {"metadata":{"emulator":{"name":"firestore"},"message":"Sept 13, 2026 5:27:51 PM com.google.cloud.datastore.emulator.firestore.webchannel.FirestoreV1WebChannelAdapter$FirestoreListenHandler onClose\nINFO: channel closed\n"}}
[debug] [2026-09-13T14:28:07.005Z] >>> [apiv2][query] POST http://127.0.0.1:5011/functions/projects/learnaria-483e7/trigger_multicast [none]
[debug] [2026-09-13T14:28:07.006Z] >>> [apiv2][body] POST http://127.0.0.1:5011/functions/projects/learnaria-483e7/trigger_multicast {"eventId":"62b72b28-df22-4099-a0ab-577516a59f24","eventType":"providers/firebase.auth/eventTypes/user.create","resource":{"name":"projects/learnaria-483e7","service":"firebaseauth.googleapis.com"},"params":{},"timestamp":"2026-09-13T14:28:07.005Z","data":{"uid":"mAdOI1mJsk8bboHu2shf7bNAEBto","email":"ahmadaboelghet@gmail.com","emailVerified":false,"displayName":"","photoURL":"","phoneNumber":"+201001133246","metadata":{"creationTime":"2026-09-13T14:28:07.004Z","lastSignInTime":"2026-09-13T14:28:07.004Z"},"customClaims":{},"providerData":[{"rawId":"+201001133246","providerId":"phone","phoneNumber":"+201001133246"}],"mfaInfo":[]}}
[debug] [2026-09-13T14:28:07.011Z] <<< [apiv2][status] POST http://127.0.0.1:5011/functions/projects/learnaria-483e7/trigger_multicast 200
[debug] [2026-09-13T14:28:07.011Z] <<< [apiv2][body] POST http://127.0.0.1:5011/functions/projects/learnaria-483e7/trigger_multicast {"status":"multicast_acknowledged"}
[debug] [2026-09-13T14:28:20.777Z] Sept 13, 2026 5:28:20 PM io.gapi.emulators.netty.HttpVersionRoutingHandler channelRead
INFO: Detected non-HTTP/2 connection.
 {"metadata":{"emulator":{"name":"firestore"},"message":"Sept 13, 2026 5:28:20 PM io.gapi.emulators.netty.HttpVersionRoutingHandler channelRead\nINFO: Detected non-HTTP/2 connection.\n"}}
[debug] [2026-09-13T14:28:50.835Z] Sept 13, 2026 5:28:50 PM io.gapi.emulators.netty.HttpVersionRoutingHandler channelRead
INFO: Detected non-HTTP/2 connection.
 {"metadata":{"emulator":{"name":"firestore"},"message":"Sept 13, 2026 5:28:50 PM io.gapi.emulators.netty.HttpVersionRoutingHandler channelRead\nINFO: Detected non-HTTP/2 connection.\n"}}
[debug] [2026-09-13T14:29:50.875Z] Sept 13, 2026 5:29:50 PM io.gapi.emulators.netty.HttpVersionRoutingHandler channelRead
INFO: Detected non-HTTP/2 connection.
 {"metadata":{"emulator":{"name":"firestore"},"message":"Sept 13, 2026 5:29:50 PM io.gapi.emulators.netty.HttpVersionRoutingHandler channelRead\nINFO: Detected non-HTTP/2 connection.\n"}}
[debug] [2026-09-13T14:31:29.573Z] Received signal SIGHUP 1
[info]  
[info] i  emulators: Received SIGHUP for the first time. Starting a clean shutdown. 
[info] i  emulators: Please wait for a clean shutdown or send the SIGHUP signal again to stop right now. 
[debug] [2026-09-13T14:31:29.608Z] Error: write EIO
    at afterWriteDispatched (node:internal/stream_base_commons:159:15)
    at writeGeneric (node:internal/stream_base_commons:150:3)
    at Socket._writeGeneric (node:net:966:11)
    at Socket._write (node:net:978:8)
    at writeOrBuffer (node:internal/streams/writable:572:12)
    at _write (node:internal/streams/writable:501:10)
    at Writable.write (node:internal/streams/writable:510:10)
    at Console.log (/usr/local/lib/node_modules/firebase-tools/node_modules/winston/lib/winston/transports/console.js:87:23)
    at Console._write (/usr/local/lib/node_modules/firebase-tools/node_modules/winston-transport/modern.js:103:17)
    at doWrite (/usr/local/lib/node_modules/firebase-tools/node_modules/winston-transport/node_modules/readable-stream/lib/_stream_writable.js:390:139)
[error] 
[error] Error: An unexpected error has occurred.
[debug] [2026-09-13T14:31:29.615Z] Error: write EIO
    at afterWriteDispatched (node:internal/stream_base_commons:159:15)
    at writeGeneric (node:internal/stream_base_commons:150:3)
    at Socket._writeGeneric (node:net:966:11)
    at Socket._write (node:net:978:8)
    at writeOrBuffer (node:internal/streams/writable:572:12)
    at _write (node:internal/streams/writable:501:10)
    at Writable.write (node:internal/streams/writable:510:10)
    at Console.log (/usr/local/lib/node_modules/firebase-tools/node_modules/winston/lib/winston/transports/console.js:87:23)
    at Console._write (/usr/local/lib/node_modules/firebase-tools/node_modules/winston-transport/modern.js:103:17)
    at doWrite (/usr/local/lib/node_modules/firebase-tools/node_modules/winston-transport/node_modules/readable-stream/lib/_stream_writable.js:390:139)
[error] 
[error] Error: An unexpected error has occurred.
[debug] [2026-09-13T14:31:29.617Z] Error: write EIO
    at afterWriteDispatched (node:internal/stream_base_commons:159:15)
    at writeGeneric (node:internal/stream_base_commons:150:3)
    at Socket._writeGeneric (node:net:966:11)
    at Socket._write (node:net:978:8)
    at writeOrBuffer (node:internal/streams/writable:572:12)
    at _write (node:internal/streams/writable:501:10)
    at Writable.write (node:internal/streams/writable:510:10)
    at Console.log (/usr/local/lib/node_modules/firebase-tools/node_modules/winston/lib/winston/transports/console.js:87:23)
    at Console._write (/usr/local/lib/node_modules/firebase-tools/node_modules/winston-transport/modern.js:103:17)
    at doWrite (/usr/local/lib/node_modules/firebase-tools/node_modules/winston-transport/node_modules/readable-stream/lib/_stream_writable.js:390:139)
[error] 
[error] Error: An unexpected error has occurred.
[debug] [2026-09-13T14:31:29.620Z] Error: write EIO
    at afterWriteDispatched (node:internal/stream_base_commons:159:15)
    at writeGeneric (node:internal/stream_base_commons:150:3)
    at Socket._writeGeneric (node:net:966:11)
    at Socket._write (node:net:978:8)
    at writeOrBuffer (node:internal/streams/writable:572:12)
    at _write (node:internal/streams/writable:501:10)
    at Writable.write (node:internal/streams/writable:510:10)
    at Console.log (/usr/local/lib/node_modules/firebase-tools/node_modules/winston/lib/winston/transports/console.js:87:23)
    at Console._write (/usr/local/lib/node_modules/firebase-tools/node_modules/winston-transport/modern.js:103:17)
    at doWrite (/usr/local/lib/node_modules/firebase-tools/node_modules/winston-transport/node_modules/readable-stream/lib/_stream_writable.js:390:139)
[error] 
[error] Error: An unexpected error has occurred.
[debug] [2026-09-13T14:31:29.621Z] Error: write EIO
    at afterWriteDispatched (node:internal/stream_base_commons:159:15)
    at writeGeneric (node:internal/stream_base_commons:150:3)
    at Socket._writeGeneric (node:net:966:11)
    at Socket._write (node:net:978:8)
    at writeOrBuffer (node:internal/streams/writable:572:12)
    at _write (node:internal/streams/writable:501:10)
    at Writable.write (node:internal/streams/writable:510:10)
    at Console.log (/usr/local/lib/node_modules/firebase-tools/node_modules/winston/lib/winston/transports/console.js:87:23)
    at Console._write (/usr/local/lib/node_modules/firebase-tools/node_modules/winston-transport/modern.js:103:17)
    at doWrite (/usr/local/lib/node_modules/firebase-tools/node_modules/winston-transport/node_modules/readable-stream/lib/_stream_writable.js:390:139)
[error] 
[error] Error: An unexpected error has occurred.
[debug] [2026-09-13T14:31:29.621Z] Error: write EIO
    at afterWriteDispatched (node:internal/stream_base_commons:159:15)
    at writeGeneric (node:internal/stream_base_commons:150:3)
    at Socket._writeGeneric (node:net:966:11)
    at Socket._write (node:net:978:8)
    at writeOrBuffer (node:internal/streams/writable:572:12)
    at _write (node:internal/streams/writable:501:10)
    at Writable.write (node:internal/streams/writable:510:10)
    at Console.log (/usr/local/lib/node_modules/firebase-tools/node_modules/winston/lib/winston/transports/console.js:87:23)
    at Console._write (/usr/local/lib/node_modules/firebase-tools/node_modules/winston-transport/modern.js:103:17)
    at doWrite (/usr/local/lib/node_modules/firebase-tools/node_modules/winston-transport/node_modules/readable-stream/lib/_stream_writable.js:390:139)
[error] 
[error] Error: An unexpected error has occurred.
[debug] [2026-09-13T14:31:29.623Z] Error: write EIO
    at afterWriteDispatched (node:internal/stream_base_commons:159:15)
    at writeGeneric (node:internal/stream_base_commons:150:3)
    at Socket._writeGeneric (node:net:966:11)
    at Socket._write (node:net:978:8)
    at writeOrBuffer (node:internal/streams/writable:572:12)
    at _write (node:internal/streams/writable:501:10)
    at Writable.write (node:internal/streams/writable:510:10)
    at Console.log (/usr/local/lib/node_modules/firebase-tools/node_modules/winston/lib/winston/transports/console.js:87:23)
    at Console._write (/usr/local/lib/node_modules/firebase-tools/node_modules/winston-transport/modern.js:103:17)
    at doWrite (/usr/local/lib/node_modules/firebase-tools/node_modules/winston-transport/node_modules/readable-stream/lib/_stream_writable.js:390:139)
[error] 
[error] Error: An unexpected error has occurred.
[debug] [2026-09-13T14:31:29.624Z] Error: write EIO
    at afterWriteDispatched (node:internal/stream_base_commons:159:15)
    at writeGeneric (node:internal/stream_base_commons:150:3)
    at Socket._writeGeneric (node:net:966:11)
    at Socket._write (node:net:978:8)
    at writeOrBuffer (node:internal/streams/writable:572:12)
    at _write (node:internal/streams/writable:501:10)
    at Writable.write (node:internal/streams/writable:510:10)
    at Console.log (/usr/local/lib/node_modules/firebase-tools/node_modules/winston/lib/winston/transports/console.js:87:23)
    at Console._write (/usr/local/lib/node_modules/firebase-tools/node_modules/winston-transport/modern.js:103:17)
    at doWrite (/usr/local/lib/node_modules/firebase-tools/node_modules/winston-transport/node_modules/readable-stream/lib/_stream_writable.js:390:139)
[error] 
[error] Error: An unexpected error has occurred.
[debug] [2026-09-13T14:31:29.627Z] Error: write EIO
    at afterWriteDispatched (node:internal/stream_base_commons:159:15)
    at writeGeneric (node:internal/stream_base_commons:150:3)
    at Socket._writeGeneric (node:net:966:11)
    at Socket._write (node:net:978:8)
    at writeOrBuffer (node:internal/streams/writable:572:12)
    at _write (node:internal/streams/writable:501:10)
    at Writable.write (node:internal/streams/writable:510:10)
    at Console.log (/usr/local/lib/node_modules/firebase-tools/node_modules/winston/lib/winston/transports/console.js:87:23)
    at Console._write (/usr/local/lib/node_modules/firebase-tools/node_modules/winston-transport/modern.js:103:17)
    at doWrite (/usr/local/lib/node_modules/firebase-tools/node_modules/winston-transport/node_modules/readable-stream/lib/_stream_writable.js:390:139)
[error] 
[error] Error: An unexpected error has occurred.
[debug] [2026-09-13T14:31:29.631Z] Error: write EIO
    at afterWriteDispatched (node:internal/stream_base_commons:159:15)
    at writeGeneric (node:internal/stream_base_commons:150:3)
    at Socket._writeGeneric (node:net:966:11)
    at Socket._write (node:net:978:8)
    at writeOrBuffer (node:internal/streams/writable:572:12)
    at _write (node:internal/streams/writable:501:10)
    at Writable.write (node:internal/streams/writable:510:10)
    at Console.log (/usr/local/lib/node_modules/firebase-tools/node_modules/winston/lib/winston/transports/console.js:87:23)
    at Console._write (/usr/local/lib/node_modules/firebase-tools/node_modules/winston-transport/modern.js:103:17)
    at doWrite (/usr/local/lib/node_modules/firebase-tools/node_modules/winston-transport/node_modules/readable-stream/lib/_stream_writable.js:390:139)
[error] 
[error] Error: An unexpected error has occurred.
[debug] [2026-09-13T14:31:29.631Z] Error: write EIO
    at afterWriteDispatched (node:internal/stream_base_commons:159:15)
    at writeGeneric (node:internal/stream_base_commons:150:3)
    at Socket._writeGeneric (node:net:966:11)
    at Socket._write (node:net:978:8)
    at writeOrBuffer (node:internal/streams/writable:572:12)
    at _write (node:internal/streams/writable:501:10)
    at Writable.write (node:internal/streams/writable:510:10)
    at Console.log (/usr/local/lib/node_modules/firebase-tools/node_modules/winston/lib/winston/transports/console.js:87:23)
    at Console._write (/usr/local/lib/node_modules/firebase-tools/node_modules/winston-transport/modern.js:103:17)
    at doWrite (/usr/local/lib/node_modules/firebase-tools/node_modules/winston-transport/node_modules/readable-stream/lib/_stream_writable.js:390:139)
[error] 
[error] Error: An unexpected error has occurred.
[debug] [2026-09-13T14:31:29.632Z] Error: write EIO
    at afterWriteDispatched (node:internal/stream_base_commons:159:15)
    at writeGeneric (node:internal/stream_base_commons:150:3)
    at Socket._writeGeneric (node:net:966:11)
    at Socket._write (node:net:978:8)
    at writeOrBuffer (node:internal/streams/writable:572:12)
    at _write (node:internal/streams/writable:501:10)
    at Writable.write (node:internal/streams/writable:510:10)
    at Console.log (/usr/local/lib/node_modules/firebase-tools/node_modules/winston/lib/winston/transports/console.js:87:23)
    at Console._write (/usr/local/lib/node_modules/firebase-tools/node_modules/winston-transport/modern.js:103:17)
    at doWrite (/usr/local/lib/node_modules/firebase-tools/node_modules/winston-transport/node_modules/readable-stream/lib/_stream_writable.js:390:139)
[error] 
[error] Error: An unexpected error has occurred.
[debug] [2026-09-13T14:31:29.633Z] Error: write EIO
    at afterWriteDispatched (node:internal/stream_base_commons:159:15)
    at writeGeneric (node:internal/stream_base_commons:150:3)
    at Socket._writeGeneric (node:net:966:11)
    at Socket._write (node:net:978:8)
    at writeOrBuffer (node:internal/streams/writable:572:12)
    at _write (node:internal/streams/writable:501:10)
    at Writable.write (node:internal/streams/writable:510:10)
    at Console.log (/usr/local/lib/node_modules/firebase-tools/node_modules/winston/lib/winston/transports/console.js:87:23)
    at Console._write (/usr/local/lib/node_modules/firebase-tools/node_modules/winston-transport/modern.js:103:17)
    at doWrite (/usr/local/lib/node_modules/firebase-tools/node_modules/winston-transport/node_modules/readable-stream/lib/_stream_writable.js:390:139)
[error] 
[error] Error: An unexpected error has occurred.
[debug] [2026-09-13T14:31:29.634Z] Error: write EIO
    at afterWriteDispatched (node:internal/stream_base_commons:159:15)
    at writeGeneric (node:internal/stream_base_commons:150:3)
    at Socket._writeGeneric (node:net:966:11)
    at Socket._write (node:net:978:8)
    at writeOrBuffer (node:internal/streams/writable:572:12)
    at _write (node:internal/streams/writable:501:10)
    at Writable.write (node:internal/streams/writable:510:10)
    at Console.log (/usr/local/lib/node_modules/firebase-tools/node_modules/winston/lib/winston/transports/console.js:87:23)
    at Console._write (/usr/local/lib/node_modules/firebase-tools/node_modules/winston-transport/modern.js:103:17)
    at doWrite (/usr/local/lib/node_modules/firebase-tools/node_modules/winston-transport/node_modules/readable-stream/lib/_stream_writable.js:390:139)
[error] 
[error] Error: An unexpected error has occurred.
[debug] [2026-09-13T14:31:29.635Z] Error: write EIO
    at afterWriteDispatched (node:internal/stream_base_commons:159:15)
    at writeGeneric (node:internal/stream_base_commons:150:3)
    at Socket._writeGeneric (node:net:966:11)
    at Socket._write (node:net:978:8)
    at writeOrBuffer (node:internal/streams/writable:572:12)
    at _write (node:internal/streams/writable:501:10)
    at Writable.write (node:internal/streams/writable:510:10)
    at Console.log (/usr/local/lib/node_modules/firebase-tools/node_modules/winston/lib/winston/transports/console.js:87:23)
    at Console._write (/usr/local/lib/node_modules/firebase-tools/node_modules/winston-transport/modern.js:103:17)
    at doWrite (/usr/local/lib/node_modules/firebase-tools/node_modules/winston-transport/node_modules/readable-stream/lib/_stream_writable.js:390:139)
[error] 
[error] Error: An unexpected error has occurred.
[debug] [2026-09-13T14:31:29.636Z] Error: write EIO
    at afterWriteDispatched (node:internal/stream_base_commons:159:15)
    at writeGeneric (node:internal/stream_base_commons:150:3)
    at Socket._writeGeneric (node:net:966:11)
    at Socket._write (node:net:978:8)
    at writeOrBuffer (node:internal/streams/writable:572:12)
    at _write (node:internal/streams/writable:501:10)
    at Writable.write (node:internal/streams/writable:510:10)
    at Console.log (/usr/local/lib/node_modules/firebase-tools/node_modules/winston/lib/winston/transports/console.js:87:23)
    at Console._write (/usr/local/lib/node_modules/firebase-tools/node_modules/winston-transport/modern.js:103:17)
    at doWrite (/usr/local/lib/node_modules/firebase-tools/node_modules/winston-transport/node_modules/readable-stream/lib/_stream_writable.js:390:139)
[error] 
[error] Error: An unexpected error has occurred.
[debug] [2026-09-13T14:31:29.637Z] Error: write EIO
    at afterWriteDispatched (node:internal/stream_base_commons:159:15)
    at writeGeneric (node:internal/stream_base_commons:150:3)
    at Socket._writeGeneric (node:net:966:11)
    at Socket._write (node:net:978:8)
    at writeOrBuffer (node:internal/streams/writable:572:12)
    at _write (node:internal/streams/writable:501:10)
    at Writable.write (node:internal/streams/writable:510:10)
    at Console.log (/usr/local/lib/node_modules/firebase-tools/node_modules/winston/lib/winston/transports/console.js:87:23)
    at Console._write (/usr/local/lib/node_modules/firebase-tools/node_modules/winston-transport/modern.js:103:17)
    at doWrite (/usr/local/lib/node_modules/firebase-tools/node_modules/winston-transport/node_modules/readable-stream/lib/_stream_writable.js:390:139)
[error] 
[error] Error: An unexpected error has occurred.
[debug] [2026-09-13T14:31:29.638Z] Error: write EIO
    at afterWriteDispatched (node:internal/stream_base_commons:159:15)
    at writeGeneric (node:internal/stream_base_commons:150:3)
    at Socket._writeGeneric (node:net:966:11)
    at Socket._write (node:net:978:8)
    at writeOrBuffer (node:internal/streams/writable:572:12)
    at _write (node:internal/streams/writable:501:10)
    at Writable.write (node:internal/streams/writable:510:10)
    at Console.log (/usr/local/lib/node_modules/firebase-tools/node_modules/winston/lib/winston/transports/console.js:87:23)
    at Console._write (/usr/local/lib/node_modules/firebase-tools/node_modules/winston-transport/modern.js:103:17)
    at doWrite (/usr/local/lib/node_modules/firebase-tools/node_modules/winston-transport/node_modules/readable-stream/lib/_stream_writable.js:390:139)
[error] 
[error] Error: An unexpected error has occurred.
[debug] [2026-09-13T14:31:29.641Z] Error: write EIO
    at afterWriteDispatched (node:internal/stream_base_commons:159:15)
    at writeGeneric (node:internal/stream_base_commons:150:3)
    at Socket._writeGeneric (node:net:966:11)
    at Socket._write (node:net:978:8)
    at writeOrBuffer (node:internal/streams/writable:572:12)
    at _write (node:internal/streams/writable:501:10)
    at Writable.write (node:internal/streams/writable:510:10)
    at Console.log (/usr/local/lib/node_modules/firebase-tools/node_modules/winston/lib/winston/transports/console.js:87:23)
    at Console._write (/usr/local/lib/node_modules/firebase-tools/node_modules/winston-transport/modern.js:103:17)
    at doWrite (/usr/local/lib/node_modules/firebase-tools/node_modules/winston-transport/node_modules/readable-stream/lib/_stream_writable.js:390:139)
[error] 
[error] Error: An unexpected error has occurred.
[debug] [2026-09-13T14:31:29.647Z] Error: write EIO
    at afterWriteDispatched (node:internal/stream_base_commons:159:15)
    at writeGeneric (node:internal/stream_base_commons:150:3)
    at Socket._writeGeneric (node:net:966:11)
    at Socket._write (node:net:978:8)
    at writeOrBuffer (node:internal/streams/writable:572:12)
    at _write (node:internal/streams/writable:501:10)
    at Writable.write (node:internal/streams/writable:510:10)
    at Console.log (/usr/local/lib/node_modules/firebase-tools/node_modules/winston/lib/winston/transports/console.js:87:23)
    at Console._write (/usr/local/lib/node_modules/firebase-tools/node_modules/winston-transport/modern.js:103:17)
    at doWrite (/usr/local/lib/node_modules/firebase-tools/node_modules/winston-transport/node_modules/readable-stream/lib/_stream_writable.js:390:139)
[error] 
[error] Error: An unexpected error has occurred.
[debug] [2026-09-13T14:31:29.649Z] Ignoring signal SIGHUP due to short delay of 77ms
[debug] [2026-09-13T14:31:29.650Z] Error: write EIO
    at afterWriteDispatched (node:internal/stream_base_commons:159:15)
    at writeGeneric (node:internal/stream_base_commons:150:3)
    at Socket._writeGeneric (node:net:966:11)
    at Socket._write (node:net:978:8)
    at writeOrBuffer (node:internal/streams/writable:572:12)
    at _write (node:internal/streams/writable:501:10)
    at Writable.write (node:internal/streams/writable:510:10)
    at Console.log (/usr/local/lib/node_modules/firebase-tools/node_modules/winston/lib/winston/transports/console.js:87:23)
    at Console._write (/usr/local/lib/node_modules/firebase-tools/node_modules/winston-transport/modern.js:103:17)
    at doWrite (/usr/local/lib/node_modules/firebase-tools/node_modules/winston-transport/node_modules/readable-stream/lib/_stream_writable.js:390:139)
[error] 
[error] Error: An unexpected error has occurred.
[debug] [2026-09-13T14:31:29.652Z] Error: write EIO
    at afterWriteDispatched (node:internal/stream_base_commons:159:15)
    at writeGeneric (node:internal/stream_base_commons:150:3)
    at Socket._writeGeneric (node:net:966:11)
    at Socket._write (node:net:978:8)
    at writeOrBuffer (node:internal/streams/writable:572:12)
    at _write (node:internal/streams/writable:501:10)
    at Writable.write (node:internal/streams/writable:510:10)
    at Console.log (/usr/local/lib/node_modules/firebase-tools/node_modules/winston/lib/winston/transports/console.js:87:23)
    at Console._write (/usr/local/lib/node_modules/firebase-tools/node_modules/winston-transport/modern.js:103:17)
    at doWrite (/usr/local/lib/node_modules/firebase-tools/node_modules/winston-transport/node_modules/readable-stream/lib/_stream_writable.js:390:139)
[error] 
[error] Error: An unexpected error has occurred.
[debug] [2026-09-13T14:31:29.653Z] Error: write EIO
    at afterWriteDispatched (node:internal/stream_base_commons:159:15)
    at writeGeneric (node:internal/stream_base_commons:150:3)
    at Socket._writeGeneric (node:net:966:11)
    at Socket._write (node:net:978:8)
    at writeOrBuffer (node:internal/streams/writable:572:12)
    at _write (node:internal/streams/writable:501:10)
    at Writable.write (node:internal/streams/writable:510:10)
    at Console.log (/usr/local/lib/node_modules/firebase-tools/node_modules/winston/lib/winston/transports/console.js:87:23)
    at Console._write (/usr/local/lib/node_modules/firebase-tools/node_modules/winston-transport/modern.js:103:17)
    at doWrite (/usr/local/lib/node_modules/firebase-tools/node_modules/winston-transport/node_modules/readable-stream/lib/_stream_writable.js:390:139)
[error] 
[error] Error: An unexpected error has occurred.
[debug] [2026-09-13T14:31:29.653Z] Error: write EIO
    at afterWriteDispatched (node:internal/stream_base_commons:159:15)
    at writeGeneric (node:internal/stream_base_commons:150:3)
    at Socket._writeGeneric (node:net:966:11)
    at Socket._write (node:net:978:8)
    at writeOrBuffer (node:internal/streams/writable:572:12)
    at _write (node:internal/streams/writable:501:10)
    at Writable.write (node:internal/streams/writable:510:10)
    at Console.log (/usr/local/lib/node_modules/firebase-tools/node_modules/winston/lib/winston/transports/console.js:87:23)
    at Console._write (/usr/local/lib/node_modules/firebase-tools/node_modules/winston-transport/modern.js:103:17)
    at doWrite (/usr/local/lib/node_modules/firebase-tools/node_modules/winston-transport/node_modules/readable-stream/lib/_stream_writable.js:390:139)
[error] 
[error] Error: An unexpected error has occurred.
[debug] [2026-09-13T14:31:29.654Z] Error: write EIO
    at afterWriteDispatched (node:internal/stream_base_commons:159:15)
    at writeGeneric (node:internal/stream_base_commons:150:3)
    at Socket._writeGeneric (node:net:966:11)
    at Socket._write (node:net:978:8)
    at writeOrBuffer (node:internal/streams/writable:572:12)
    at _write (node:internal/streams/writable:501:10)
    at Writable.write (node:internal/streams/writable:510:10)
    at Console.log (/usr/local/lib/node_modules/firebase-tools/node_modules/winston/lib/winston/transports/console.js:87:23)
    at Console._write (/usr/local/lib/node_modules/firebase-tools/node_modules/winston-transport/modern.js:103:17)
    at doWrite (/usr/local/lib/node_modules/firebase-tools/node_modules/winston-transport/node_modules/readable-stream/lib/_stream_writable.js:390:139)
[error] 
[error] Error: An unexpected error has occurred.
[debug] [2026-09-13T14:31:29.654Z] Error: write EIO
    at afterWriteDispatched (node:internal/stream_base_commons:159:15)
    at writeGeneric (node:internal/stream_base_commons:150:3)
    at Socket._writeGeneric (node:net:966:11)
    at Socket._write (node:net:978:8)
    at writeOrBuffer (node:internal/streams/writable:572:12)
    at _write (node:internal/streams/writable:501:10)
    at Writable.write (node:internal/streams/writable:510:10)
    at Console.log (/usr/local/lib/node_modules/firebase-tools/node_modules/winston/lib/winston/transports/console.js:87:23)
    at Console._write (/usr/local/lib/node_modules/firebase-tools/node_modules/winston-transport/modern.js:103:17)
    at doWrite (/usr/local/lib/node_modules/firebase-tools/node_modules/winston-transport/node_modules/readable-stream/lib/_stream_writable.js:390:139)
[error] 
[error] Error: An unexpected error has occurred.
[debug] [2026-09-13T14:31:29.655Z] Error: write EIO
    at afterWriteDispatched (node:internal/stream_base_commons:159:15)
    at writeGeneric (node:internal/stream_base_commons:150:3)
    at Socket._writeGeneric (node:net:966:11)
    at Socket._write (node:net:978:8)
    at writeOrBuffer (node:internal/streams/writable:572:12)
    at _write (node:internal/streams/writable:501:10)
    at Writable.write (node:internal/streams/writable:510:10)
    at Console.log (/usr/local/lib/node_modules/firebase-tools/node_modules/winston/lib/winston/transports/console.js:87:23)
    at Console._write (/usr/local/lib/node_modules/firebase-tools/node_modules/winston-transport/modern.js:103:17)
    at doWrite (/usr/local/lib/node_modules/firebase-tools/node_modules/winston-transport/node_modules/readable-stream/lib/_stream_writable.js:390:139)
[error] 
[error] Error: An unexpected error has occurred.
[debug] [2026-09-13T14:31:29.656Z] Error: write EIO
    at afterWriteDispatched (node:internal/stream_base_commons:159:15)
    at writeGeneric (node:internal/stream_base_commons:150:3)
    at Socket._writeGeneric (node:net:966:11)
    at Socket._write (node:net:978:8)
    at writeOrBuffer (node:internal/streams/writable:572:12)
    at _write (node:internal/streams/writable:501:10)
    at Writable.write (node:internal/streams/writable:510:10)
    at Console.log (/usr/local/lib/node_modules/firebase-tools/node_modules/winston/lib/winston/transports/console.js:87:23)
    at Console._write (/usr/local/lib/node_modules/firebase-tools/node_modules/winston-transport/modern.js:103:17)
    at doWrite (/usr/local/lib/node_modules/firebase-tools/node_modules/winston-transport/node_modules/readable-stream/lib/_stream_writable.js:390:139)
[error] 
[error] Error: An unexpected error has occurred.
[debug] [2026-09-13T14:31:29.657Z] Error: write EIO
    at afterWriteDispatched (node:internal/stream_base_commons:159:15)
    at writeGeneric (node:internal/stream_base_commons:150:3)
    at Socket._writeGeneric (node:net:966:11)
    at Socket._write (node:net:978:8)
    at writeOrBuffer (node:internal/streams/writable:572:12)
    at _write (node:internal/streams/writable:501:10)
    at Writable.write (node:internal/streams/writable:510:10)
    at Console.log (/usr/local/lib/node_modules/firebase-tools/node_modules/winston/lib/winston/transports/console.js:87:23)
    at Console._write (/usr/local/lib/node_modules/firebase-tools/node_modules/winston-transport/modern.js:103:17)
    at doWrite (/usr/local/lib/node_modules/firebase-tools/node_modules/winston-transport/node_modules/readable-stream/lib/_stream_writable.js:390:139)
[error] 
[error] Error: An unexpected error has occurred.
[debug] [2026-09-13T14:31:29.658Z] Error: write EIO
    at afterWriteDispatched (node:internal/stream_base_commons:159:15)
    at writeGeneric (node:internal/stream_base_commons:150:3)
    at Socket._writeGeneric (node:net:966:11)
    at Socket._write (node:net:978:8)
    at writeOrBuffer (node:internal/streams/writable:572:12)
    at _write (node:internal/streams/writable:501:10)
    at Writable.write (node:internal/streams/writable:510:10)
    at Console.log (/usr/local/lib/node_modules/firebase-tools/node_modules/winston/lib/winston/transports/console.js:87:23)
    at Console._write (/usr/local/lib/node_modules/firebase-tools/node_modules/winston-transport/modern.js:103:17)
    at doWrite (/usr/local/lib/node_modules/firebase-tools/node_modules/winston-transport/node_modules/readable-stream/lib/_stream_writable.js:390:139)
[error] 
[error] Error: An unexpected error has occurred.
[debug] [2026-09-13T14:31:29.660Z] Error: write EIO
    at afterWriteDispatched (node:internal/stream_base_commons:159:15)
    at writeGeneric (node:internal/stream_base_commons:150:3)
    at Socket._writeGeneric (node:net:966:11)
    at Socket._write (node:net:978:8)
    at writeOrBuffer (node:internal/streams/writable:572:12)
    at _write (node:internal/streams/writable:501:10)
    at Writable.write (node:internal/streams/writable:510:10)
    at Console.log (/usr/local/lib/node_modules/firebase-tools/node_modules/winston/lib/winston/transports/console.js:87:23)
    at Console._write (/usr/local/lib/node_modules/firebase-tools/node_modules/winston-transport/modern.js:103:17)
    at doWrite (/usr/local/lib/node_modules/firebase-tools/node_modules/winston-transport/node_modules/readable-stream/lib/_stream_writable.js:390:139)
[error] 
[error] Error: An unexpected error has occurred.
[debug] [2026-09-13T14:31:29.661Z] Error: write EIO
    at afterWriteDispatched (node:internal/stream_base_commons:159:15)
    at writeGeneric (node:internal/stream_base_commons:150:3)
    at Socket._writeGeneric (node:net:966:11)
    at Socket._write (node:net:978:8)
    at writeOrBuffer (node:internal/streams/writable:572:12)
    at _write (node:internal/streams/writable:501:10)
    at Writable.write (node:internal/streams/writable:510:10)
    at Console.log (/usr/local/lib/node_modules/firebase-tools/node_modules/winston/lib/winston/transports/console.js:87:23)
    at Console._write (/usr/local/lib/node_modules/firebase-tools/node_modules/winston-transport/modern.js:103:17)
    at doWrite (/usr/local/lib/node_modules/firebase-tools/node_modules/winston-transport/node_modules/readable-stream/lib/_stream_writable.js:390:139)
[error] 
[error] Error: An unexpected error has occurred.
[debug] [2026-09-13T14:31:29.661Z] Error: write EIO
    at afterWriteDispatched (node:internal/stream_base_commons:159:15)
    at writeGeneric (node:internal/stream_base_commons:150:3)
    at Socket._writeGeneric (node:net:966:11)
    at Socket._write (node:net:978:8)
    at writeOrBuffer (node:internal/streams/writable:572:12)
    at _write (node:internal/streams/writable:501:10)
    at Writable.write (node:internal/streams/writable:510:10)
    at Console.log (/usr/local/lib/node_modules/firebase-tools/node_modules/winston/lib/winston/transports/console.js:87:23)
    at Console._write (/usr/local/lib/node_modules/firebase-tools/node_modules/winston-transport/modern.js:103:17)
    at doWrite (/usr/local/lib/node_modules/firebase-tools/node_modules/winston-transport/node_modules/readable-stream/lib/_stream_writable.js:390:139)
[error] 
[error] Error: An unexpected error has occurred.
[debug] [2026-09-13T14:31:29.662Z] Error: write EIO
    at afterWriteDispatched (node:internal/stream_base_commons:159:15)
    at writeGeneric (node:internal/stream_base_commons:150:3)
    at Socket._writeGeneric (node:net:966:11)
    at Socket._write (node:net:978:8)
    at writeOrBuffer (node:internal/streams/writable:572:12)
    at _write (node:internal/streams/writable:501:10)
    at Writable.write (node:internal/streams/writable:510:10)
    at Console.log (/usr/local/lib/node_modules/firebase-tools/node_modules/winston/lib/winston/transports/console.js:87:23)
    at Console._write (/usr/local/lib/node_modules/firebase-tools/node_modules/winston-transport/modern.js:103:17)
    at doWrite (/usr/local/lib/node_modules/firebase-tools/node_modules/winston-transport/node_modules/readable-stream/lib/_stream_writable.js:390:139)
[error] 
[error] Error: An unexpected error has occurred.
[debug] [2026-09-13T14:31:29.662Z] Error: write EIO
    at afterWriteDispatched (node:internal/stream_base_commons:159:15)
    at writeGeneric (node:internal/stream_base_commons:150:3)
    at Socket._writeGeneric (node:net:966:11)
    at Socket._write (node:net:978:8)
    at writeOrBuffer (node:internal/streams/writable:572:12)
    at _write (node:internal/streams/writable:501:10)
    at Writable.write (node:internal/streams/writable:510:10)
    at Console.log (/usr/local/lib/node_modules/firebase-tools/node_modules/winston/lib/winston/transports/console.js:87:23)
    at Console._write (/usr/local/lib/node_modules/firebase-tools/node_modules/winston-transport/modern.js:103:17)
    at doWrite (/usr/local/lib/node_modules/firebase-tools/node_modules/winston-transport/node_modules/readable-stream/lib/_stream_writable.js:390:139)
[error] 
[error] Error: An unexpected error has occurred.
[debug] [2026-09-13T14:31:29.663Z] Error: write EIO
    at afterWriteDispatched (node:internal/stream_base_commons:159:15)
    at writeGeneric (node:internal/stream_base_commons:150:3)
    at Socket._writeGeneric (node:net:966:11)
    at Socket._write (node:net:978:8)
    at writeOrBuffer (node:internal/streams/writable:572:12)
    at _write (node:internal/streams/writable:501:10)
    at Writable.write (node:internal/streams/writable:510:10)
    at Console.log (/usr/local/lib/node_modules/firebase-tools/node_modules/winston/lib/winston/transports/console.js:87:23)
    at Console._write (/usr/local/lib/node_modules/firebase-tools/node_modules/winston-transport/modern.js:103:17)
    at doWrite (/usr/local/lib/node_modules/firebase-tools/node_modules/winston-transport/node_modules/readable-stream/lib/_stream_writable.js:390:139)
[error] 
[error] Error: An unexpected error has occurred.
[debug] [2026-09-13T14:31:29.663Z] Error: write EIO
    at afterWriteDispatched (node:internal/stream_base_commons:159:15)
    at writeGeneric (node:internal/stream_base_commons:150:3)
    at Socket._writeGeneric (node:net:966:11)
    at Socket._write (node:net:978:8)
    at writeOrBuffer (node:internal/streams/writable:572:12)
    at _write (node:internal/streams/writable:501:10)
    at Writable.write (node:internal/streams/writable:510:10)
    at Console.log (/usr/local/lib/node_modules/firebase-tools/node_modules/winston/lib/winston/transports/console.js:87:23)
    at Console._write (/usr/local/lib/node_modules/firebase-tools/node_modules/winston-transport/modern.js:103:17)
    at doWrite (/usr/local/lib/node_modules/firebase-tools/node_modules/winston-transport/node_modules/readable-stream/lib/_stream_writable.js:390:139)
[error] 
[error] Error: An unexpected error has occurred.
[debug] [2026-09-13T14:31:29.665Z] Error: write EIO
    at afterWriteDispatched (node:internal/stream_base_commons:159:15)
    at writeGeneric (node:internal/stream_base_commons:150:3)
    at Socket._writeGeneric (node:net:966:11)
    at Socket._write (node:net:978:8)
    at writeOrBuffer (node:internal/streams/writable:572:12)
    at _write (node:internal/streams/writable:501:10)
    at Writable.write (node:internal/streams/writable:510:10)
    at Console.log (/usr/local/lib/node_modules/firebase-tools/node_modules/winston/lib/winston/transports/console.js:87:23)
    at Console._write (/usr/local/lib/node_modules/firebase-tools/node_modules/winston-transport/modern.js:103:17)
    at doWrite (/usr/local/lib/node_modules/firebase-tools/node_modules/winston-transport/node_modules/readable-stream/lib/_stream_writable.js:390:139)
[error] 
[error] Error: An unexpected error has occurred.
[debug] [2026-09-13T14:31:29.666Z] Error: write EIO
    at afterWriteDispatched (node:internal/stream_base_commons:159:15)
    at writeGeneric (node:internal/stream_base_commons:150:3)
    at Socket._writeGeneric (node:net:966:11)
    at Socket._write (node:net:978:8)
    at writeOrBuffer (node:internal/streams/writable:572:12)
    at _write (node:internal/streams/writable:501:10)
    at Writable.write (node:internal/streams/writable:510:10)
    at Console.log (/usr/local/lib/node_modules/firebase-tools/node_modules/winston/lib/winston/transports/console.js:87:23)
    at Console._write (/usr/local/lib/node_modules/firebase-tools/node_modules/winston-transport/modern.js:103:17)
    at doWrite (/usr/local/lib/node_modules/firebase-tools/node_modules/winston-transport/node_modules/readable-stream/lib/_stream_writable.js:390:139)
[error] 
[error] Error: An unexpected error has occurred.
[debug] [2026-09-13T14:31:29.666Z] Error: write EIO
    at afterWriteDispatched (node:internal/stream_base_commons:159:15)
    at writeGeneric (node:internal/stream_base_commons:150:3)
    at Socket._writeGeneric (node:net:966:11)
    at Socket._write (node:net:978:8)
    at writeOrBuffer (node:internal/streams/writable:572:12)
    at _write (node:internal/streams/writable:501:10)
    at Writable.write (node:internal/streams/writable:510:10)
    at Console.log (/usr/local/lib/node_modules/firebase-tools/node_modules/winston/lib/winston/transports/console.js:87:23)
    at Console._write (/usr/local/lib/node_modules/firebase-tools/node_modules/winston-transport/modern.js:103:17)
    at doWrite (/usr/local/lib/node_modules/firebase-tools/node_modules/winston-transport/node_modules/readable-stream/lib/_stream_writable.js:390:139)
[error] 
[error] Error: An unexpected error has occurred.
[debug] [2026-09-13T14:31:29.667Z] Error: write EIO
    at afterWriteDispatched (node:internal/stream_base_commons:159:15)
    at writeGeneric (node:internal/stream_base_commons:150:3)
    at Socket._writeGeneric (node:net:966:11)
    at Socket._write (node:net:978:8)
    at writeOrBuffer (node:internal/streams/writable:572:12)
    at _write (node:internal/streams/writable:501:10)
    at Writable.write (node:internal/streams/writable:510:10)
    at Console.log (/usr/local/lib/node_modules/firebase-tools/node_modules/winston/lib/winston/transports/console.js:87:23)
    at Console._write (/usr/local/lib/node_modules/firebase-tools/node_modules/winston-transport/modern.js:103:17)
    at doWrite (/usr/local/lib/node_modules/firebase-tools/node_modules/winston-transport/node_modules/readable-stream/lib/_stream_writable.js:390:139)
[error] 
[error] Error: An unexpected error has occurred.
[debug] [2026-09-13T14:31:29.667Z] Error: write EIO
    at afterWriteDispatched (node:internal/stream_base_commons:159:15)
    at writeGeneric (node:internal/stream_base_commons:150:3)
    at Socket._writeGeneric (node:net:966:11)
    at Socket._write (node:net:978:8)
    at writeOrBuffer (node:internal/streams/writable:572:12)
    at _write (node:internal/streams/writable:501:10)
    at Writable.write (node:internal/streams/writable:510:10)
    at Console.log (/usr/local/lib/node_modules/firebase-tools/node_modules/winston/lib/winston/transports/console.js:87:23)
    at Console._write (/usr/local/lib/node_modules/firebase-tools/node_modules/winston-transport/modern.js:103:17)
    at doWrite (/usr/local/lib/node_modules/firebase-tools/node_modules/winston-transport/node_modules/readable-stream/lib/_stream_writable.js:390:139)
[error] 
[error] Error: An unexpected error has occurred.
[debug] [2026-09-13T14:31:29.667Z] Error: write EIO
    at afterWriteDispatched (node:internal/stream_base_commons:159:15)
    at writeGeneric (node:internal/stream_base_commons:150:3)
    at Socket._writeGeneric (node:net:966:11)
    at Socket._write (node:net:978:8)
    at writeOrBuffer (node:internal/streams/writable:572:12)
    at _write (node:internal/streams/writable:501:10)
    at Writable.write (node:internal/streams/writable:510:10)
    at Console.log (/usr/local/lib/node_modules/firebase-tools/node_modules/winston/lib/winston/transports/console.js:87:23)
    at Console._write (/usr/local/lib/node_modules/firebase-tools/node_modules/winston-transport/modern.js:103:17)
    at doWrite (/usr/local/lib/node_modules/firebase-tools/node_modules/winston-transport/node_modules/readable-stream/lib/_stream_writable.js:390:139)
[error] 
[error] Error: An unexpected error has occurred.
[debug] [2026-09-13T14:31:29.668Z] Error: write EIO
    at afterWriteDispatched (node:internal/stream_base_commons:159:15)
    at writeGeneric (node:internal/stream_base_commons:150:3)
    at Socket._writeGeneric (node:net:966:11)
    at Socket._write (node:net:978:8)
    at writeOrBuffer (node:internal/streams/writable:572:12)
    at _write (node:internal/streams/writable:501:10)
    at Writable.write (node:internal/streams/writable:510:10)
    at Console.log (/usr/local/lib/node_modules/firebase-tools/node_modules/winston/lib/winston/transports/console.js:87:23)
    at Console._write (/usr/local/lib/node_modules/firebase-tools/node_modules/winston-transport/modern.js:103:17)
    at doWrite (/usr/local/lib/node_modules/firebase-tools/node_modules/winston-transport/node_modules/readable-stream/lib/_stream_writable.js:390:139)
[error] 
[error] Error: An unexpected error has occurred.
[debug] [2026-09-13T14:31:29.669Z] Error: write EIO
    at afterWriteDispatched (node:internal/stream_base_commons:159:15)
    at writeGeneric (node:internal/stream_base_commons:150:3)
    at Socket._writeGeneric (node:net:966:11)
    at Socket._write (node:net:978:8)
    at writeOrBuffer (node:internal/streams/writable:572:12)
    at _write (node:internal/streams/writable:501:10)
    at Writable.write (node:internal/streams/writable:510:10)
    at Console.log (/usr/local/lib/node_modules/firebase-tools/node_modules/winston/lib/winston/transports/console.js:87:23)
    at Console._write (/usr/local/lib/node_modules/firebase-tools/node_modules/winston-transport/modern.js:103:17)
    at doWrite (/usr/local/lib/node_modules/firebase-tools/node_modules/winston-transport/node_modules/readable-stream/lib/_stream_writable.js:390:139)
[error] 
[error] Error: An unexpected error has occurred.
[debug] [2026-09-13T14:31:29.669Z] Error: write EIO
    at afterWriteDispatched (node:internal/stream_base_commons:159:15)
    at writeGeneric (node:internal/stream_base_commons:150:3)
    at Socket._writeGeneric (node:net:966:11)
    at Socket._write (node:net:978:8)
    at writeOrBuffer (node:internal/streams/writable:572:12)
    at _write (node:internal/streams/writable:501:10)
    at Writable.write (node:internal/streams/writable:510:10)
    at Console.log (/usr/local/lib/node_modules/firebase-tools/node_modules/winston/lib/winston/transports/console.js:87:23)
    at Console._write (/usr/local/lib/node_modules/firebase-tools/node_modules/winston-transport/modern.js:103:17)
    at doWrite (/usr/local/lib/node_modules/firebase-tools/node_modules/winston-transport/node_modules/readable-stream/lib/_stream_writable.js:390:139)
[error] 
[error] Error: An unexpected error has occurred.
[debug] [2026-09-13T14:31:29.670Z] Error: write EIO
    at afterWriteDispatched (node:internal/stream_base_commons:159:15)
    at writeGeneric (node:internal/stream_base_commons:150:3)
    at Socket._writeGeneric (node:net:966:11)
    at Socket._write (node:net:978:8)
    at writeOrBuffer (node:internal/streams/writable:572:12)
    at _write (node:internal/streams/writable:501:10)
    at Writable.write (node:internal/streams/writable:510:10)
    at Console.log (/usr/local/lib/node_modules/firebase-tools/node_modules/winston/lib/winston/transports/console.js:87:23)
    at Console._write (/usr/local/lib/node_modules/firebase-tools/node_modules/winston-transport/modern.js:103:17)
    at doWrite (/usr/local/lib/node_modules/firebase-tools/node_modules/winston-transport/node_modules/readable-stream/lib/_stream_writable.js:390:139)
[error] 
[error] Error: An unexpected error has occurred.
[debug] [2026-09-13T14:31:29.670Z] Error: write EIO
    at afterWriteDispatched (node:internal/stream_base_commons:159:15)
    at writeGeneric (node:internal/stream_base_commons:150:3)
    at Socket._writeGeneric (node:net:966:11)
    at Socket._write (node:net:978:8)
    at writeOrBuffer (node:internal/streams/writable:572:12)
    at _write (node:internal/streams/writable:501:10)
    at Writable.write (node:internal/streams/writable:510:10)
    at Console.log (/usr/local/lib/node_modules/firebase-tools/node_modules/winston/lib/winston/transports/console.js:87:23)
    at Console._write (/usr/local/lib/node_modules/firebase-tools/node_modules/winston-transport/modern.js:103:17)
    at doWrite (/usr/local/lib/node_modules/firebase-tools/node_modules/winston-transport/node_modules/readable-stream/lib/_stream_writable.js:390:139)
[error] 
[error] Error: An unexpected error has occurred.
[debug] [2026-09-13T14:31:29.680Z] Error: write EIO
    at afterWriteDispatched (node:internal/stream_base_commons:159:15)
    at writeGeneric (node:internal/stream_base_commons:150:3)
    at Socket._writeGeneric (node:net:966:11)
    at Socket._write (node:net:978:8)
    at writeOrBuffer (node:internal/streams/writable:572:12)
    at _write (node:internal/streams/writable:501:10)
    at Writable.write (node:internal/streams/writable:510:10)
    at Console.log (/usr/local/lib/node_modules/firebase-tools/node_modules/winston/lib/winston/transports/console.js:87:23)
    at Console._write (/usr/local/lib/node_modules/firebase-tools/node_modules/winston-transport/modern.js:103:17)
    at doWrite (/usr/local/lib/node_modules/firebase-tools/node_modules/winston-transport/node_modules/readable-stream/lib/_stream_writable.js:390:139)
[error] 
[error] Error: An unexpected error has occurred.
[debug] [2026-09-13T14:31:29.681Z] Error: write EIO
    at afterWriteDispatched (node:internal/stream_base_commons:159:15)
    at writeGeneric (node:internal/stream_base_commons:150:3)
    at Socket._writeGeneric (node:net:966:11)
    at Socket._write (node:net:978:8)
    at writeOrBuffer (node:internal/streams/writable:572:12)
    at _write (node:internal/streams/writable:501:10)
    at Writable.write (node:internal/streams/writable:510:10)
    at Console.log (/usr/local/lib/node_modules/firebase-tools/node_modules/winston/lib/winston/transports/console.js:87:23)
    at Console._write (/usr/local/lib/node_modules/firebase-tools/node_modules/winston-transport/modern.js:103:17)
    at doWrite (/usr/local/lib/node_modules/firebase-tools/node_modules/winston-transport/node_modules/readable-stream/lib/_stream_writable.js:390:139)
[error] 
[error] Error: An unexpected error has occurred.
[debug] [2026-09-13T14:31:29.681Z] Error: write EIO
    at afterWriteDispatched (node:internal/stream_base_commons:159:15)
    at writeGeneric (node:internal/stream_base_commons:150:3)
    at Socket._writeGeneric (node:net:966:11)
    at Socket._write (node:net:978:8)
    at writeOrBuffer (node:internal/streams/writable:572:12)
    at _write (node:internal/streams/writable:501:10)
    at Writable.write (node:internal/streams/writable:510:10)
    at Console.log (/usr/local/lib/node_modules/firebase-tools/node_modules/winston/lib/winston/transports/console.js:87:23)
    at Console._write (/usr/local/lib/node_modules/firebase-tools/node_modules/winston-transport/modern.js:103:17)
    at doWrite (/usr/local/lib/node_modules/firebase-tools/node_modules/winston-transport/node_modules/readable-stream/lib/_stream_writable.js:390:139)
[error] 
[error] Error: An unexpected error has occurred.
[debug] [2026-09-13T14:31:29.681Z] Error: write EIO
    at afterWriteDispatched (node:internal/stream_base_commons:159:15)
    at writeGeneric (node:internal/stream_base_commons:150:3)
    at Socket._writeGeneric (node:net:966:11)
    at Socket._write (node:net:978:8)
    at writeOrBuffer (node:internal/streams/writable:572:12)
    at _write (node:internal/streams/writable:501:10)
    at Writable.write (node:internal/streams/writable:510:10)
    at Console.log (/usr/local/lib/node_modules/firebase-tools/node_modules/winston/lib/winston/transports/console.js:87:23)
    at Console._write (/usr/local/lib/node_modules/firebase-tools/node_modules/winston-transport/modern.js:103:17)
    at doWrite (/usr/local/lib/node_modules/firebase-tools/node_modules/winston-transport/node_modules/readable-stream/lib/_stream_writable.js:390:139)
[error] 
[error] Error: An unexpected error has occurred.
[debug] [2026-09-13T14:31:29.682Z] Error: write EIO
    at afterWriteDispatched (node:internal/stream_base_commons:159:15)
    at writeGeneric (node:internal/stream_base_commons:150:3)
    at Socket._writeGeneric (node:net:966:11)
    at Socket._write (node:net:978:8)
    at writeOrBuffer (node:internal/streams/writable:572:12)
    at _write (node:internal/streams/writable:501:10)
    at Writable.write (node:internal/streams/writable:510:10)
    at Console.log (/usr/local/lib/node_modules/firebase-tools/node_modules/winston/lib/winston/transports/console.js:87:23)
    at Console._write (/usr/local/lib/node_modules/firebase-tools/node_modules/winston-transport/modern.js:103:17)
    at doWrite (/usr/local/lib/node_modules/firebase-tools/node_modules/winston-transport/node_modules/readable-stream/lib/_stream_writable.js:390:139)
[error] 
[error] Error: An unexpected error has occurred.
[debug] [2026-09-13T14:31:29.682Z] Error: write EIO
    at afterWriteDispatched (node:internal/stream_base_commons:159:15)
    at writeGeneric (node:internal/stream_base_commons:150:3)
    at Socket._writeGeneric (node:net:966:11)
    at Socket._write (node:net:978:8)
    at writeOrBuffer (node:internal/streams/writable:572:12)
    at _write (node:internal/streams/writable:501:10)
    at Writable.write (node:internal/streams/writable:510:10)
    at Console.log (/usr/local/lib/node_modules/firebase-tools/node_modules/winston/lib/winston/transports/console.js:87:23)
    at Console._write (/usr/local/lib/node_modules/firebase-tools/node_modules/winston-transport/modern.js:103:17)
    at doWrite (/usr/local/lib/node_modules/firebase-tools/node_modules/winston-transport/node_modules/readable-stream/lib/_stream_writable.js:390:139)
[error] 
[error] Error: An unexpected error has occurred.
[debug] [2026-09-13T14:31:29.682Z] Error: write EIO
    at afterWriteDispatched (node:internal/stream_base_commons:159:15)
    at writeGeneric (node:internal/stream_base_commons:150:3)
    at Socket._writeGeneric (node:net:966:11)
    at Socket._write (node:net:978:8)
    at writeOrBuffer (node:internal/streams/writable:572:12)
    at _write (node:internal/streams/writable:501:10)
    at Writable.write (node:internal/streams/writable:510:10)
    at Console.log (/usr/local/lib/node_modules/firebase-tools/node_modules/winston/lib/winston/transports/console.js:87:23)
    at Console._write (/usr/local/lib/node_modules/firebase-tools/node_modules/winston-transport/modern.js:103:17)
    at doWrite (/usr/local/lib/node_modules/firebase-tools/node_modules/winston-transport/node_modules/readable-stream/lib/_stream_writable.js:390:139)
[error] 
[error] Error: An unexpected error has occurred.
[debug] [2026-09-13T14:31:29.683Z] Error: write EIO
    at afterWriteDispatched (node:internal/stream_base_commons:159:15)
    at writeGeneric (node:internal/stream_base_commons:150:3)
    at Socket._writeGeneric (node:net:966:11)
    at Socket._write (node:net:978:8)
    at writeOrBuffer (node:internal/streams/writable:572:12)
    at _write (node:internal/streams/writable:501:10)
    at Writable.write (node:internal/streams/writable:510:10)
    at Console.log (/usr/local/lib/node_modules/firebase-tools/node_modules/winston/lib/winston/transports/console.js:87:23)
    at Console._write (/usr/local/lib/node_modules/firebase-tools/node_modules/winston-transport/modern.js:103:17)
    at doWrite (/usr/local/lib/node_modules/firebase-tools/node_modules/winston-transport/node_modules/readable-stream/lib/_stream_writable.js:390:139)
[error] 
[error] Error: An unexpected error has occurred.
[debug] [2026-09-13T14:31:29.683Z] Error: write EIO
    at afterWriteDispatched (node:internal/stream_base_commons:159:15)
    at writeGeneric (node:internal/stream_base_commons:150:3)
    at Socket._writeGeneric (node:net:966:11)
    at Socket._write (node:net:978:8)
    at writeOrBuffer (node:internal/streams/writable:572:12)
    at _write (node:internal/streams/writable:501:10)
    at Writable.write (node:internal/streams/writable:510:10)
    at Console.log (/usr/local/lib/node_modules/firebase-tools/node_modules/winston/lib/winston/transports/console.js:87:23)
    at Console._write (/usr/local/lib/node_modules/firebase-tools/node_modules/winston-transport/modern.js:103:17)
    at doWrite (/usr/local/lib/node_modules/firebase-tools/node_modules/winston-transport/node_modules/readable-stream/lib/_stream_writable.js:390:139)
[error] 
[error] Error: An unexpected error has occurred.
[debug] [2026-09-13T14:31:29.684Z] Error: write EIO
    at afterWriteDispatched (node:internal/stream_base_commons:159:15)
    at writeGeneric (node:internal/stream_base_commons:150:3)
    at Socket._writeGeneric (node:net:966:11)
    at Socket._write (node:net:978:8)
    at writeOrBuffer (node:internal/streams/writable:572:12)
    at _write (node:internal/streams/writable:501:10)
    at Writable.write (node:internal/streams/writable:510:10)
    at Console.log (/usr/local/lib/node_modules/firebase-tools/node_modules/winston/lib/winston/transports/console.js:87:23)
    at Console._write (/usr/local/lib/node_modules/firebase-tools/node_modules/winston-transport/modern.js:103:17)
    at doWrite (/usr/local/lib/node_modules/firebase-tools/node_modules/winston-transport/node_modules/readable-stream/lib/_stream_writable.js:390:139)
[error] 
[error] Error: An unexpected error has occurred.
[debug] [2026-09-13T14:31:29.684Z] Error: write EIO
    at afterWriteDispatched (node:internal/stream_base_commons:159:15)
    at writeGeneric (node:internal/stream_base_commons:150:3)
    at Socket._writeGeneric (node:net:966:11)
    at Socket._write (node:net:978:8)
    at writeOrBuffer (node:internal/streams/writable:572:12)
    at _write (node:internal/streams/writable:501:10)
    at Writable.write (node:internal/streams/writable:510:10)
    at Console.log (/usr/local/lib/node_modules/firebase-tools/node_modules/winston/lib/winston/transports/console.js:87:23)
    at Console._write (/usr/local/lib/node_modules/firebase-tools/node_modules/winston-transport/modern.js:103:17)
    at doWrite (/usr/local/lib/node_modules/firebase-tools/node_modules/winston-transport/node_modules/readable-stream/lib/_stream_writable.js:390:139)
[error] 
[error] Error: An unexpected error has occurred.
[debug] [2026-09-13T14:31:29.685Z] Error: write EIO
    at afterWriteDispatched (node:internal/stream_base_commons:159:15)
    at writeGeneric (node:internal/stream_base_commons:150:3)
    at Socket._writeGeneric (node:net:966:11)
    at Socket._write (node:net:978:8)
    at writeOrBuffer (node:internal/streams/writable:572:12)
    at _write (node:internal/streams/writable:501:10)
    at Writable.write (node:internal/streams/writable:510:10)
    at Console.log (/usr/local/lib/node_modules/firebase-tools/node_modules/winston/lib/winston/transports/console.js:87:23)
    at Console._write (/usr/local/lib/node_modules/firebase-tools/node_modules/winston-transport/modern.js:103:17)
    at doWrite (/usr/local/lib/node_modules/firebase-tools/node_modules/winston-transport/node_modules/readable-stream/lib/_stream_writable.js:390:139)
[error] 
[error] Error: An unexpected error has occurred.
[debug] [2026-09-13T14:31:29.686Z] Error: write EIO
    at afterWriteDispatched (node:internal/stream_base_commons:159:15)
    at writeGeneric (node:internal/stream_base_commons:150:3)
    at Socket._writeGeneric (node:net:966:11)
    at Socket._write (node:net:978:8)
    at writeOrBuffer (node:internal/streams/writable:572:12)
    at _write (node:internal/streams/writable:501:10)
    at Writable.write (node:internal/streams/writable:510:10)
    at Console.log (/usr/local/lib/node_modules/firebase-tools/node_modules/winston/lib/winston/transports/console.js:87:23)
    at Console._write (/usr/local/lib/node_modules/firebase-tools/node_modules/winston-transport/modern.js:103:17)
    at doWrite (/usr/local/lib/node_modules/firebase-tools/node_modules/winston-transport/node_modules/readable-stream/lib/_stream_writable.js:390:139)
[error] 
[error] Error: An unexpected error has occurred.
[debug] [2026-09-13T14:31:29.686Z] Error: write EIO
    at afterWriteDispatched (node:internal/stream_base_commons:159:15)
    at writeGeneric (node:internal/stream_base_commons:150:3)
    at Socket._writeGeneric (node:net:966:11)
    at Socket._write (node:net:978:8)
    at writeOrBuffer (node:internal/streams/writable:572:12)
    at _write (node:internal/streams/writable:501:10)
    at Writable.write (node:internal/streams/writable:510:10)
    at Console.log (/usr/local/lib/node_modules/firebase-tools/node_modules/winston/lib/winston/transports/console.js:87:23)
    at Console._write (/usr/local/lib/node_modules/firebase-tools/node_modules/winston-transport/modern.js:103:17)
    at doWrite (/usr/local/lib/node_modules/firebase-tools/node_modules/winston-transport/node_modules/readable-stream/lib/_stream_writable.js:390:139)
[error] 
[error] Error: An unexpected error has occurred.
[debug] [2026-09-13T14:31:29.687Z] Error: write EIO
    at afterWriteDispatched (node:internal/stream_base_commons:159:15)
    at writeGeneric (node:internal/stream_base_commons:150:3)
    at Socket._writeGeneric (node:net:966:11)
    at Socket._write (node:net:978:8)
    at writeOrBuffer (node:internal/streams/writable:572:12)
    at _write (node:internal/streams/writable:501:10)
    at Writable.write (node:internal/streams/writable:510:10)
    at Console.log (/usr/local/lib/node_modules/firebase-tools/node_modules/winston/lib/winston/transports/console.js:87:23)
    at Console._write (/usr/local/lib/node_modules/firebase-tools/node_modules/winston-transport/modern.js:103:17)
    at doWrite (/usr/local/lib/node_modules/firebase-tools/node_modules/winston-transport/node_modules/readable-stream/lib/_stream_writable.js:390:139)
[error] 
[error] Error: An unexpected error has occurred.
[debug] [2026-09-13T14:31:29.687Z] Error: write EIO
    at afterWriteDispatched (node:internal/stream_base_commons:159:15)
    at writeGeneric (node:internal/stream_base_commons:150:3)
    at Socket._writeGeneric (node:net:966:11)
    at Socket._write (node:net:978:8)
    at writeOrBuffer (node:internal/streams/writable:572:12)
    at _write (node:internal/streams/writable:501:10)
    at Writable.write (node:internal/streams/writable:510:10)
    at Console.log (/usr/local/lib/node_modules/firebase-tools/node_modules/winston/lib/winston/transports/console.js:87:23)
    at Console._write (/usr/local/lib/node_modules/firebase-tools/node_modules/winston-transport/modern.js:103:17)
    at doWrite (/usr/local/lib/node_modules/firebase-tools/node_modules/winston-transport/node_modules/readable-stream/lib/_stream_writable.js:390:139)
[error] 
[error] Error: An unexpected error has occurred.
[debug] [2026-09-13T14:31:29.687Z] Error: write EIO
    at afterWriteDispatched (node:internal/stream_base_commons:159:15)
    at writeGeneric (node:internal/stream_base_commons:150:3)
    at Socket._writeGeneric (node:net:966:11)
    at Socket._write (node:net:978:8)
    at writeOrBuffer (node:internal/streams/writable:572:12)
    at _write (node:internal/streams/writable:501:10)
    at Writable.write (node:internal/streams/writable:510:10)
    at Console.log (/usr/local/lib/node_modules/firebase-tools/node_modules/winston/lib/winston/transports/console.js:87:23)
    at Console._write (/usr/local/lib/node_modules/firebase-tools/node_modules/winston-transport/modern.js:103:17)
    at doWrite (/usr/local/lib/node_modules/firebase-tools/node_modules/winston-transport/node_modules/readable-stream/lib/_stream_writable.js:390:139)
[error] 
[error] Error: An unexpected error has occurred.
[debug] [2026-09-13T14:31:29.688Z] Error: write EIO
    at afterWriteDispatched (node:internal/stream_base_commons:159:15)
    at writeGeneric (node:internal/stream_base_commons:150:3)
    at Socket._writeGeneric (node:net:966:11)
    at Socket._write (node:net:978:8)
    at writeOrBuffer (node:internal/streams/writable:572:12)
    at _write (node:internal/streams/writable:501:10)
    at Writable.write (node:internal/streams/writable:510:10)
    at Console.log (/usr/local/lib/node_modules/firebase-tools/node_modules/winston/lib/winston/transports/console.js:87:23)
    at Console._write (/usr/local/lib/node_modules/firebase-tools/node_modules/winston-transport/modern.js:103:17)
    at doWrite (/usr/local/lib/node_modules/firebase-tools/node_modules/winston-transport/node_modules/readable-stream/lib/_stream_writable.js:390:139)
[error] 
[error] Error: An unexpected error has occurred.
[debug] [2026-09-13T14:31:29.688Z] Error: write EIO
    at afterWriteDispatched (node:internal/stream_base_commons:159:15)
    at writeGeneric (node:internal/stream_base_commons:150:3)
    at Socket._writeGeneric (node:net:966:11)
    at Socket._write (node:net:978:8)
    at writeOrBuffer (node:internal/streams/writable:572:12)
    at _write (node:internal/streams/writable:501:10)
    at Writable.write (node:internal/streams/writable:510:10)
    at Console.log (/usr/local/lib/node_modules/firebase-tools/node_modules/winston/lib/winston/transports/console.js:87:23)
    at Console._write (/usr/local/lib/node_modules/firebase-tools/node_modules/winston-transport/modern.js:103:17)
    at doWrite (/usr/local/lib/node_modules/firebase-tools/node_modules/winston-transport/node_modules/readable-stream/lib/_stream_writable.js:390:139)
[error] 
[error] Error: An unexpected error has occurred.
[debug] [2026-09-13T14:31:29.688Z] Error: write EIO
    at afterWriteDispatched (node:internal/stream_base_commons:159:15)
    at writeGeneric (node:internal/stream_base_commons:150:3)
    at Socket._writeGeneric (node:net:966:11)
    at Socket._write (node:net:978:8)
    at writeOrBuffer (node:internal/streams/writable:572:12)
    at _write (node:internal/streams/writable:501:10)
    at Writable.write (node:internal/streams/writable:510:10)
    at Console.log (/usr/local/lib/node_modules/firebase-tools/node_modules/winston/lib/winston/transports/console.js:87:23)
    at Console._write (/usr/local/lib/node_modules/firebase-tools/node_modules/winston-transport/modern.js:103:17)
    at doWrite (/usr/local/lib/node_modules/firebase-tools/node_modules/winston-transport/node_modules/readable-stream/lib/_stream_writable.js:390:139)
[error] 
[error] Error: An unexpected error has occurred.
[debug] [2026-09-13T14:31:29.689Z] Error: write EIO
    at afterWriteDispatched (node:internal/stream_base_commons:159:15)
    at writeGeneric (node:internal/stream_base_commons:150:3)
    at Socket._writeGeneric (node:net:966:11)
    at Socket._write (node:net:978:8)
    at writeOrBuffer (node:internal/streams/writable:572:12)
    at _write (node:internal/streams/writable:501:10)
    at Writable.write (node:internal/streams/writable:510:10)
    at Console.log (/usr/local/lib/node_modules/firebase-tools/node_modules/winston/lib/winston/transports/console.js:87:23)
    at Console._write (/usr/local/lib/node_modules/firebase-tools/node_modules/winston-transport/modern.js:103:17)
    at doWrite (/usr/local/lib/node_modules/firebase-tools/node_modules/winston-transport/node_modules/readable-stream/lib/_stream_writable.js:390:139)
[error] 
[error] Error: An unexpected error has occurred.
[debug] [2026-09-13T14:31:29.689Z] Error: write EIO
    at afterWriteDispatched (node:internal/stream_base_commons:159:15)
    at writeGeneric (node:internal/stream_base_commons:150:3)
    at Socket._writeGeneric (node:net:966:11)
    at Socket._write (node:net:978:8)
    at writeOrBuffer (node:internal/streams/writable:572:12)
    at _write (node:internal/streams/writable:501:10)
    at Writable.write (node:internal/streams/writable:510:10)
    at Console.log (/usr/local/lib/node_modules/firebase-tools/node_modules/winston/lib/winston/transports/console.js:87:23)
    at Console._write (/usr/local/lib/node_modules/firebase-tools/node_modules/winston-transport/modern.js:103:17)
    at doWrite (/usr/local/lib/node_modules/firebase-tools/node_modules/winston-transport/node_modules/readable-stream/lib/_stream_writable.js:390:139)
[error] 
[error] Error: An unexpected error has occurred.
[debug] [2026-09-13T14:31:29.689Z] Error: write EIO
    at afterWriteDispatched (node:internal/stream_base_commons:159:15)
    at writeGeneric (node:internal/stream_base_commons:150:3)
    at Socket._writeGeneric (node:net:966:11)
    at Socket._write (node:net:978:8)
    at writeOrBuffer (node:internal/streams/writable:572:12)
    at _write (node:internal/streams/writable:501:10)
    at Writable.write (node:internal/streams/writable:510:10)
    at Console.log (/usr/local/lib/node_modules/firebase-tools/node_modules/winston/lib/winston/transports/console.js:87:23)
    at Console._write (/usr/local/lib/node_modules/firebase-tools/node_modules/winston-transport/modern.js:103:17)
    at doWrite (/usr/local/lib/node_modules/firebase-tools/node_modules/winston-transport/node_modules/readable-stream/lib/_stream_writable.js:390:139)
[error] 
[error] Error: An unexpected error has occurred.
[debug] [2026-09-13T14:31:29.690Z] Error: write EIO
    at afterWriteDispatched (node:internal/stream_base_commons:159:15)
    at writeGeneric (node:internal/stream_base_commons:150:3)
    at Socket._writeGeneric (node:net:966:11)
    at Socket._write (node:net:978:8)
    at writeOrBuffer (node:internal/streams/writable:572:12)
    at _write (node:internal/streams/writable:501:10)
    at Writable.write (node:internal/streams/writable:510:10)
    at Console.log (/usr/local/lib/node_modules/firebase-tools/node_modules/winston/lib/winston/transports/console.js:87:23)
    at Console._write (/usr/local/lib/node_modules/firebase-tools/node_modules/winston-transport/modern.js:103:17)
    at doWrite (/usr/local/lib/node_modules/firebase-tools/node_modules/winston-transport/node_modules/readable-stream/lib/_stream_writable.js:390:139)
[error] 
[error] Error: An unexpected error has occurred.
[debug] [2026-09-13T14:31:29.690Z] Error: write EIO
    at afterWriteDispatched (node:internal/stream_base_commons:159:15)
    at writeGeneric (node:internal/stream_base_commons:150:3)
    at Socket._writeGeneric (node:net:966:11)
    at Socket._write (node:net:978:8)
    at writeOrBuffer (node:internal/streams/writable:572:12)
    at _write (node:internal/streams/writable:501:10)
    at Writable.write (node:internal/streams/writable:510:10)
    at Console.log (/usr/local/lib/node_modules/firebase-tools/node_modules/winston/lib/winston/transports/console.js:87:23)
    at Console._write (/usr/local/lib/node_modules/firebase-tools/node_modules/winston-transport/modern.js:103:17)
    at doWrite (/usr/local/lib/node_modules/firebase-tools/node_modules/winston-transport/node_modules/readable-stream/lib/_stream_writable.js:390:139)
[error] 
[error] Error: An unexpected error has occurred.
[debug] [2026-09-13T14:31:29.693Z] Error: write EIO
    at afterWriteDispatched (node:internal/stream_base_commons:159:15)
    at writeGeneric (node:internal/stream_base_commons:150:3)
    at Socket._writeGeneric (node:net:966:11)
    at Socket._write (node:net:978:8)
    at writeOrBuffer (node:internal/streams/writable:572:12)
    at _write (node:internal/streams/writable:501:10)
    at Writable.write (node:internal/streams/writable:510:10)
    at Console.log (/usr/local/lib/node_modules/firebase-tools/node_modules/winston/lib/winston/transports/console.js:87:23)
    at Console._write (/usr/local/lib/node_modules/firebase-tools/node_modules/winston-transport/modern.js:103:17)
    at doWrite (/usr/local/lib/node_modules/firebase-tools/node_modules/winston-transport/node_modules/readable-stream/lib/_stream_writable.js:390:139)
[error] 
[error] Error: An unexpected error has occurred.
[debug] [2026-09-13T14:31:29.694Z] Error: write EIO
    at afterWriteDispatched (node:internal/stream_base_commons:159:15)
    at writeGeneric (node:internal/stream_base_commons:150:3)
    at Socket._writeGeneric (node:net:966:11)
    at Socket._write (node:net:978:8)
    at writeOrBuffer (node:internal/streams/writable:572:12)
    at _write (node:internal/streams/writable:501:10)
    at Writable.write (node:internal/streams/writable:510:10)
    at Console.log (/usr/local/lib/node_modules/firebase-tools/node_modules/winston/lib/winston/transports/console.js:87:23)
    at Console._write (/usr/local/lib/node_modules/firebase-tools/node_modules/winston-transport/modern.js:103:17)
    at doWrite (/usr/local/lib/node_modules/firebase-tools/node_modules/winston-transport/node_modules/readable-stream/lib/_stream_writable.js:390:139)
[error] 
[error] Error: An unexpected error has occurred.
[debug] [2026-09-13T14:31:29.694Z] Error: write EIO
    at afterWriteDispatched (node:internal/stream_base_commons:159:15)
    at writeGeneric (node:internal/stream_base_commons:150:3)
    at Socket._writeGeneric (node:net:966:11)
    at Socket._write (node:net:978:8)
    at writeOrBuffer (node:internal/streams/writable:572:12)
    at _write (node:internal/streams/writable:501:10)
    at Writable.write (node:internal/streams/writable:510:10)
    at Console.log (/usr/local/lib/node_modules/firebase-tools/node_modules/winston/lib/winston/transports/console.js:87:23)
    at Console._write (/usr/local/lib/node_modules/firebase-tools/node_modules/winston-transport/modern.js:103:17)
    at doWrite (/usr/local/lib/node_modules/firebase-tools/node_modules/winston-transport/node_modules/readable-stream/lib/_stream_writable.js:390:139)
[error] 
[error] Error: An unexpected error has occurred.
[debug] [2026-09-13T14:31:29.699Z] Error: write EIO
    at afterWriteDispatched (node:internal/stream_base_commons:159:15)
    at writeGeneric (node:internal/stream_base_commons:150:3)
    at Socket._writeGeneric (node:net:966:11)
    at Socket._write (node:net:978:8)
    at writeOrBuffer (node:internal/streams/writable:572:12)
    at _write (node:internal/streams/writable:501:10)
    at Writable.write (node:internal/streams/writable:510:10)
    at Console.log (/usr/local/lib/node_modules/firebase-tools/node_modules/winston/lib/winston/transports/console.js:87:23)
    at Console._write (/usr/local/lib/node_modules/firebase-tools/node_modules/winston-transport/modern.js:103:17)
    at doWrite (/usr/local/lib/node_modules/firebase-tools/node_modules/winston-transport/node_modules/readable-stream/lib/_stream_writable.js:390:139)
[error] 
[error] Error: An unexpected error has occurred.
[debug] [2026-09-13T14:31:29.699Z] Error: write EIO
    at afterWriteDispatched (node:internal/stream_base_commons:159:15)
    at writeGeneric (node:internal/stream_base_commons:150:3)
    at Socket._writeGeneric (node:net:966:11)
    at Socket._write (node:net:978:8)
    at writeOrBuffer (node:internal/streams/writable:572:12)
    at _write (node:internal/streams/writable:501:10)
    at Writable.write (node:internal/streams/writable:510:10)
    at Console.log (/usr/local/lib/node_modules/firebase-tools/node_modules/winston/lib/winston/transports/console.js:87:23)
    at Console._write (/usr/local/lib/node_modules/firebase-tools/node_modules/winston-transport/modern.js:103:17)
    at doWrite (/usr/local/lib/node_modules/firebase-tools/node_modules/winston-transport/node_modules/readable-stream/lib/_stream_writable.js:390:139)
[error] 
[error] Error: An unexpected error has occurred.
[debug] [2026-09-13T14:31:29.700Z] Error: write EIO
    at afterWriteDispatched (node:internal/stream_base_commons:159:15)
    at writeGeneric (node:internal/stream_base_commons:150:3)
    at Socket._writeGeneric (node:net:966:11)
    at Socket._write (node:net:978:8)
    at writeOrBuffer (node:internal/streams/writable:572:12)
    at _write (node:internal/streams/writable:501:10)
    at Writable.write (node:internal/streams/writable:510:10)
    at Console.log (/usr/local/lib/node_modules/firebase-tools/node_modules/winston/lib/winston/transports/console.js:87:23)
    at Console._write (/usr/local/lib/node_modules/firebase-tools/node_modules/winston-transport/modern.js:103:17)
    at doWrite (/usr/local/lib/node_modules/firebase-tools/node_modules/winston-transport/node_modules/readable-stream/lib/_stream_writable.js:390:139)
[error] 
[error] Error: An unexpected error has occurred.
[debug] [2026-09-13T14:31:29.701Z] Error: write EIO
    at afterWriteDispatched (node:internal/stream_base_commons:159:15)
    at writeGeneric (node:internal/stream_base_commons:150:3)
    at Socket._writeGeneric (node:net:966:11)
    at Socket._write (node:net:978:8)
    at writeOrBuffer (node:internal/streams/writable:572:12)
    at _write (node:internal/streams/writable:501:10)
    at Writable.write (node:internal/streams/writable:510:10)
    at Console.log (/usr/local/lib/node_modules/firebase-tools/node_modules/winston/lib/winston/transports/console.js:87:23)
    at Console._write (/usr/local/lib/node_modules/firebase-tools/node_modules/winston-transport/modern.js:103:17)
    at doWrite (/usr/local/lib/node_modules/firebase-tools/node_modules/winston-transport/node_modules/readable-stream/lib/_stream_writable.js:390:139)
[error] 
[error] Error: An unexpected error has occurred.
[debug] [2026-09-13T14:31:29.701Z] Error: write EIO
    at afterWriteDispatched (node:internal/stream_base_commons:159:15)
    at writeGeneric (node:internal/stream_base_commons:150:3)
    at Socket._writeGeneric (node:net:966:11)
    at Socket._write (node:net:978:8)
    at writeOrBuffer (node:internal/streams/writable:572:12)
    at _write (node:internal/streams/writable:501:10)
    at Writable.write (node:internal/streams/writable:510:10)
    at Console.log (/usr/local/lib/node_modules/firebase-tools/node_modules/winston/lib/winston/transports/console.js:87:23)
    at Console._write (/usr/local/lib/node_modules/firebase-tools/node_modules/winston-transport/modern.js:103:17)
    at doWrite (/usr/local/lib/node_modules/firebase-tools/node_modules/winston-transport/node_modules/readable-stream/lib/_stream_writable.js:390:139)
[error] 
[error] Error: An unexpected error has occurred.
[debug] [2026-09-13T14:31:29.701Z] Error: write EIO
    at afterWriteDispatched (node:internal/stream_base_commons:159:15)
    at writeGeneric (node:internal/stream_base_commons:150:3)
    at Socket._writeGeneric (node:net:966:11)
    at Socket._write (node:net:978:8)
    at writeOrBuffer (node:internal/streams/writable:572:12)
    at _write (node:internal/streams/writable:501:10)
    at Writable.write (node:internal/streams/writable:510:10)
    at Console.log (/usr/local/lib/node_modules/firebase-tools/node_modules/winston/lib/winston/transports/console.js:87:23)
    at Console._write (/usr/local/lib/node_modules/firebase-tools/node_modules/winston-transport/modern.js:103:17)
    at doWrite (/usr/local/lib/node_modules/firebase-tools/node_modules/winston-transport/node_modules/readable-stream/lib/_stream_writable.js:390:139)
[error] 
[error] Error: An unexpected error has occurred.
[debug] [2026-09-13T14:31:29.701Z] Error: write EIO
    at afterWriteDispatched (node:internal/stream_base_commons:159:15)
    at writeGeneric (node:internal/stream_base_commons:150:3)
    at Socket._writeGeneric (node:net:966:11)
    at Socket._write (node:net:978:8)
    at writeOrBuffer (node:internal/streams/writable:572:12)
    at _write (node:internal/streams/writable:501:10)
    at Writable.write (node:internal/streams/writable:510:10)
    at Console.log (/usr/local/lib/node_modules/firebase-tools/node_modules/winston/lib/winston/transports/console.js:87:23)
    at Console._write (/usr/local/lib/node_modules/firebase-tools/node_modules/winston-transport/modern.js:103:17)
    at doWrite (/usr/local/lib/node_modules/firebase-tools/node_modules/winston-transport/node_modules/readable-stream/lib/_stream_writable.js:390:139)
[error] 
[error] Error: An unexpected error has occurred.
[debug] [2026-09-13T14:31:29.702Z] Error: write EIO
    at afterWriteDispatched (node:internal/stream_base_commons:159:15)
    at writeGeneric (node:internal/stream_base_commons:150:3)
    at Socket._writeGeneric (node:net:966:11)
    at Socket._write (node:net:978:8)
    at writeOrBuffer (node:internal/streams/writable:572:12)
    at _write (node:internal/streams/writable:501:10)
    at Writable.write (node:internal/streams/writable:510:10)
    at Console.log (/usr/local/lib/node_modules/firebase-tools/node_modules/winston/lib/winston/transports/console.js:87:23)
    at Console._write (/usr/local/lib/node_modules/firebase-tools/node_modules/winston-transport/modern.js:103:17)
    at doWrite (/usr/local/lib/node_modules/firebase-tools/node_modules/winston-transport/node_modules/readable-stream/lib/_stream_writable.js:390:139)
[error] 
[error] Error: An unexpected error has occurred.
[debug] [2026-09-13T14:31:29.705Z] Error: write EIO
    at afterWriteDispatched (node:internal/stream_base_commons:159:15)
    at writeGeneric (node:internal/stream_base_commons:150:3)
    at Socket._writeGeneric (node:net:966:11)
    at Socket._write (node:net:978:8)
    at writeOrBuffer (node:internal/streams/writable:572:12)
    at _write (node:internal/streams/writable:501:10)
    at Writable.write (node:internal/streams/writable:510:10)
    at Console.log (/usr/local/lib/node_modules/firebase-tools/node_modules/winston/lib/winston/transports/console.js:87:23)
    at Console._write (/usr/local/lib/node_modules/firebase-tools/node_modules/winston-transport/modern.js:103:17)
    at doWrite (/usr/local/lib/node_modules/firebase-tools/node_modules/winston-transport/node_modules/readable-stream/lib/_stream_writable.js:390:139)
[error] 
[error] Error: An unexpected error has occurred.
[debug] [2026-09-13T14:31:29.706Z] Error: write EIO
    at afterWriteDispatched (node:internal/stream_base_commons:159:15)
    at writeGeneric (node:internal/stream_base_commons:150:3)
    at Socket._writeGeneric (node:net:966:11)
    at Socket._write (node:net:978:8)
    at writeOrBuffer (node:internal/streams/writable:572:12)
    at _write (node:internal/streams/writable:501:10)
    at Writable.write (node:internal/streams/writable:510:10)
    at Console.log (/usr/local/lib/node_modules/firebase-tools/node_modules/winston/lib/winston/transports/console.js:87:23)
    at Console._write (/usr/local/lib/node_modules/firebase-tools/node_modules/winston-transport/modern.js:103:17)
    at doWrite (/usr/local/lib/node_modules/firebase-tools/node_modules/winston-transport/node_modules/readable-stream/lib/_stream_writable.js:390:139)
[error] 
[error] Error: An unexpected error has occurred.
[debug] [2026-09-13T14:31:29.707Z] Error: write EIO
    at afterWriteDispatched (node:internal/stream_base_commons:159:15)
    at writeGeneric (node:internal/stream_base_commons:150:3)
    at Socket._writeGeneric (node:net:966:11)
    at Socket._write (node:net:978:8)
    at writeOrBuffer (node:internal/streams/writable:572:12)
    at _write (node:internal/streams/writable:501:10)
    at Writable.write (node:internal/streams/writable:510:10)
    at Console.log (/usr/local/lib/node_modules/firebase-tools/node_modules/winston/lib/winston/transports/console.js:87:23)
    at Console._write (/usr/local/lib/node_modules/firebase-tools/node_modules/winston-transport/modern.js:103:17)
    at doWrite (/usr/local/lib/node_modules/firebase-tools/node_modules/winston-transport/node_modules/readable-stream/lib/_stream_writable.js:390:139)
[error] 
[error] Error: An unexpected error has occurred.
[debug] [2026-09-13T14:31:29.708Z] Error: write EIO
    at afterWriteDispatched (node:internal/stream_base_commons:159:15)
    at writeGeneric (node:internal/stream_base_commons:150:3)
    at Socket._writeGeneric (node:net:966:11)
    at Socket._write (node:net:978:8)
    at writeOrBuffer (node:internal/streams/writable:572:12)
    at _write (node:internal/streams/writable:501:10)
    at Writable.write (node:internal/streams/writable:510:10)
    at Console.log (/usr/local/lib/node_modules/firebase-tools/node_modules/winston/lib/winston/transports/console.js:87:23)
    at Console._write (/usr/local/lib/node_modules/firebase-tools/node_modules/winston-transport/modern.js:103:17)
    at doWrite (/usr/local/lib/node_modules/firebase-tools/node_modules/winston-transport/node_modules/readable-stream/lib/_stream_writable.js:390:139)
[error] 
[error] Error: An unexpected error has occurred.
[debug] [2026-09-13T14:31:29.709Z] Error: write EIO
    at afterWriteDispatched (node:internal/stream_base_commons:159:15)
    at writeGeneric (node:internal/stream_base_commons:150:3)
    at Socket._writeGeneric (node:net:966:11)
    at Socket._write (node:net:978:8)
    at writeOrBuffer (node:internal/streams/writable:572:12)
    at _write (node:internal/streams/writable:501:10)
    at Writable.write (node:internal/streams/writable:510:10)
    at Console.log (/usr/local/lib/node_modules/firebase-tools/node_modules/winston/lib/winston/transports/console.js:87:23)
    at Console._write (/usr/local/lib/node_modules/firebase-tools/node_modules/winston-transport/modern.js:103:17)
    at doWrite (/usr/local/lib/node_modules/firebase-tools/node_modules/winston-transport/node_modules/readable-stream/lib/_stream_writable.js:390:139)
[error] 
[error] Error: An unexpected error has occurred.
[debug] [2026-09-13T14:31:29.710Z] Error: write EIO
    at afterWriteDispatched (node:internal/stream_base_commons:159:15)
    at writeGeneric (node:internal/stream_base_commons:150:3)
    at Socket._writeGeneric (node:net:966:11)
    at Socket._write (node:net:978:8)
    at writeOrBuffer (node:internal/streams/writable:572:12)
    at _write (node:internal/streams/writable:501:10)
    at Writable.write (node:internal/streams/writable:510:10)
    at Console.log (/usr/local/lib/node_modules/firebase-tools/node_modules/winston/lib/winston/transports/console.js:87:23)
    at Console._write (/usr/local/lib/node_modules/firebase-tools/node_modules/winston-transport/modern.js:103:17)
    at doWrite (/usr/local/lib/node_modules/firebase-tools/node_modules/winston-transport/node_modules/readable-stream/lib/_stream_writable.js:390:139)
[error] 
[error] Error: An unexpected error has occurred.
[debug] [2026-09-13T14:31:29.711Z] Error: write EIO
    at afterWriteDispatched (node:internal/stream_base_commons:159:15)
    at writeGeneric (node:internal/stream_base_commons:150:3)
    at Socket._writeGeneric (node:net:966:11)
    at Socket._write (node:net:978:8)
    at writeOrBuffer (node:internal/streams/writable:572:12)
    at _write (node:internal/streams/writable:501:10)
    at Writable.write (node:internal/streams/writable:510:10)
    at Console.log (/usr/local/lib/node_modules/firebase-tools/node_modules/winston/lib/winston/transports/console.js:87:23)
    at Console._write (/usr/local/lib/node_modules/firebase-tools/node_modules/winston-transport/modern.js:103:17)
    at doWrite (/usr/local/lib/node_modules/firebase-tools/node_modules/winston-transport/node_modules/readable-stream/lib/_stream_writable.js:390:139)
[error] 
[error] Error: An unexpected error has occurred.
[debug] [2026-09-13T14:31:29.712Z] Error: write EIO
    at afterWriteDispatched (node:internal/stream_base_commons:159:15)
    at writeGeneric (node:internal/stream_base_commons:150:3)
    at Socket._writeGeneric (node:net:966:11)
    at Socket._write (node:net:978:8)
    at writeOrBuffer (node:internal/streams/writable:572:12)
    at _write (node:internal/streams/writable:501:10)
    at Writable.write (node:internal/streams/writable:510:10)
    at Console.log (/usr/local/lib/node_modules/firebase-tools/node_modules/winston/lib/winston/transports/console.js:87:23)
    at Console._write (/usr/local/lib/node_modules/firebase-tools/node_modules/winston-transport/modern.js:103:17)
    at doWrite (/usr/local/lib/node_modules/firebase-tools/node_modules/winston-transport/node_modules/readable-stream/lib/_stream_writable.js:390:139)
[error] 
[error] Error: An unexpected error has occurred.
[debug] [2026-09-13T14:31:29.713Z] Error: write EIO
    at afterWriteDispatched (node:internal/stream_base_commons:159:15)
    at writeGeneric (node:internal/stream_base_commons:150:3)
    at Socket._writeGeneric (node:net:966:11)
    at Socket._write (node:net:978:8)
    at writeOrBuffer (node:internal/streams/writable:572:12)
    at _write (node:internal/streams/writable:501:10)
    at Writable.write (node:internal/streams/writable:510:10)
    at Console.log (/usr/local/lib/node_modules/firebase-tools/node_modules/winston/lib/winston/transports/console.js:87:23)
    at Console._write (/usr/local/lib/node_modules/firebase-tools/node_modules/winston-transport/modern.js:103:17)
    at doWrite (/usr/local/lib/node_modules/firebase-tools/node_modules/winston-transport/node_modules/readable-stream/lib/_stream_writable.js:390:139)
[error] 
[error] Error: An unexpected error has occurred.
[debug] [2026-09-13T14:31:29.716Z] Error: write EIO
    at afterWriteDispatched (node:internal/stream_base_commons:159:15)
    at writeGeneric (node:internal/stream_base_commons:150:3)
    at Socket._writeGeneric (node:net:966:11)
    at Socket._write (node:net:978:8)
    at writeOrBuffer (node:internal/streams/writable:572:12)
    at _write (node:internal/streams/writable:501:10)
    at Writable.write (node:internal/streams/writable:510:10)
    at Console.log (/usr/local/lib/node_modules/firebase-tools/node_modules/winston/lib/winston/transports/console.js:87:23)
    at Console._write (/usr/local/lib/node_modules/firebase-tools/node_modules/winston-transport/modern.js:103:17)
    at doWrite (/usr/local/lib/node_modules/firebase-tools/node_modules/winston-transport/node_modules/readable-stream/lib/_stream_writable.js:390:139)
[error] 
[error] Error: An unexpected error has occurred.
[debug] [2026-09-13T14:31:29.716Z] Error: write EIO
    at afterWriteDispatched (node:internal/stream_base_commons:159:15)
    at writeGeneric (node:internal/stream_base_commons:150:3)
    at Socket._writeGeneric (node:net:966:11)
    at Socket._write (node:net:978:8)
    at writeOrBuffer (node:internal/streams/writable:572:12)
    at _write (node:internal/streams/writable:501:10)
    at Writable.write (node:internal/streams/writable:510:10)
    at Console.log (/usr/local/lib/node_modules/firebase-tools/node_modules/winston/lib/winston/transports/console.js:87:23)
    at Console._write (/usr/local/lib/node_modules/firebase-tools/node_modules/winston-transport/modern.js:103:17)
    at doWrite (/usr/local/lib/node_modules/firebase-tools/node_modules/winston-transport/node_modules/readable-stream/lib/_stream_writable.js:390:139)
[error] 
[error] Error: An unexpected error has occurred.
[debug] [2026-09-13T14:31:29.717Z] Error: write EIO
    at afterWriteDispatched (node:internal/stream_base_commons:159:15)
    at writeGeneric (node:internal/stream_base_commons:150:3)
    at Socket._writeGeneric (node:net:966:11)
    at Socket._write (node:net:978:8)
    at writeOrBuffer (node:internal/streams/writable:572:12)
    at _write (node:internal/streams/writable:501:10)
    at Writable.write (node:internal/streams/writable:510:10)
    at Console.log (/usr/local/lib/node_modules/firebase-tools/node_modules/winston/lib/winston/transports/console.js:87:23)
    at Console._write (/usr/local/lib/node_modules/firebase-tools/node_modules/winston-transport/modern.js:103:17)
    at doWrite (/usr/local/lib/node_modules/firebase-tools/node_modules/winston-transport/node_modules/readable-stream/lib/_stream_writable.js:390:139)
[error] 
[error] Error: An unexpected error has occurred.
[debug] [2026-09-13T14:31:29.717Z] Error: write EIO
    at afterWriteDispatched (node:internal/stream_base_commons:159:15)
    at writeGeneric (node:internal/stream_base_commons:150:3)
    at Socket._writeGeneric (node:net:966:11)
    at Socket._write (node:net:978:8)
    at writeOrBuffer (node:internal/streams/writable:572:12)
    at _write (node:internal/streams/writable:501:10)
    at Writable.write (node:internal/streams/writable:510:10)
    at Console.log (/usr/local/lib/node_modules/firebase-tools/node_modules/winston/lib/winston/transports/console.js:87:23)
    at Console._write (/usr/local/lib/node_modules/firebase-tools/node_modules/winston-transport/modern.js:103:17)
    at doWrite (/usr/local/lib/node_modules/firebase-tools/node_modules/winston-transport/node_modules/readable-stream/lib/_stream_writable.js:390:139)
[error] 
[error] Error: An unexpected error has occurred.
[debug] [2026-09-13T14:31:29.717Z] Error: write EIO
    at afterWriteDispatched (node:internal/stream_base_commons:159:15)
    at writeGeneric (node:internal/stream_base_commons:150:3)
    at Socket._writeGeneric (node:net:966:11)
    at Socket._write (node:net:978:8)
    at writeOrBuffer (node:internal/streams/writable:572:12)
    at _write (node:internal/streams/writable:501:10)
    at Writable.write (node:internal/streams/writable:510:10)
    at Console.log (/usr/local/lib/node_modules/firebase-tools/node_modules/winston/lib/winston/transports/console.js:87:23)
    at Console._write (/usr/local/lib/node_modules/firebase-tools/node_modules/winston-transport/modern.js:103:17)
    at doWrite (/usr/local/lib/node_modules/firebase-tools/node_modules/winston-transport/node_modules/readable-stream/lib/_stream_writable.js:390:139)
[error] 
[error] Error: An unexpected error has occurred.
[debug] [2026-09-13T14:31:29.717Z] Error: write EIO
    at afterWriteDispatched (node:internal/stream_base_commons:159:15)
    at writeGeneric (node:internal/stream_base_commons:150:3)
    at Socket._writeGeneric (node:net:966:11)
    at Socket._write (node:net:978:8)
    at writeOrBuffer (node:internal/streams/writable:572:12)
    at _write (node:internal/streams/writable:501:10)
    at Writable.write (node:internal/streams/writable:510:10)
    at Console.log (/usr/local/lib/node_modules/firebase-tools/node_modules/winston/lib/winston/transports/console.js:87:23)
    at Console._write (/usr/local/lib/node_modules/firebase-tools/node_modules/winston-transport/modern.js:103:17)
    at doWrite (/usr/local/lib/node_modules/firebase-tools/node_modules/winston-transport/node_modules/readable-stream/lib/_stream_writable.js:390:139)
[error] 
[error] Error: An unexpected error has occurred.
[debug] [2026-09-13T14:31:29.717Z] Error: write EIO
    at afterWriteDispatched (node:internal/stream_base_commons:159:15)
    at writeGeneric (node:internal/stream_base_commons:150:3)
    at Socket._writeGeneric (node:net:966:11)
    at Socket._write (node:net:978:8)
    at writeOrBuffer (node:internal/streams/writable:572:12)
    at _write (node:internal/streams/writable:501:10)
    at Writable.write (node:internal/streams/writable:510:10)
    at Console.log (/usr/local/lib/node_modules/firebase-tools/node_modules/winston/lib/winston/transports/console.js:87:23)
    at Console._write (/usr/local/lib/node_modules/firebase-tools/node_modules/winston-transport/modern.js:103:17)
    at doWrite (/usr/local/lib/node_modules/firebase-tools/node_modules/winston-transport/node_modules/readable-stream/lib/_stream_writable.js:390:139)
[error] 
[error] Error: An unexpected error has occurred.
[debug] [2026-09-13T14:31:29.718Z] Error: write EIO
    at afterWriteDispatched (node:internal/stream_base_commons:159:15)
    at writeGeneric (node:internal/stream_base_commons:150:3)
    at Socket._writeGeneric (node:net:966:11)
    at Socket._write (node:net:978:8)
    at writeOrBuffer (node:internal/streams/writable:572:12)
    at _write (node:internal/streams/writable:501:10)
    at Writable.write (node:internal/streams/writable:510:10)
    at Console.log (/usr/local/lib/node_modules/firebase-tools/node_modules/winston/lib/winston/transports/console.js:87:23)
    at Console._write (/usr/local/lib/node_modules/firebase-tools/node_modules/winston-transport/modern.js:103:17)
    at doWrite (/usr/local/lib/node_modules/firebase-tools/node_modules/winston-transport/node_modules/readable-stream/lib/_stream_writable.js:390:139)
[error] 
[error] Error: An unexpected error has occurred.
[debug] [2026-09-13T14:31:29.718Z] Error: write EIO
    at afterWriteDispatched (node:internal/stream_base_commons:159:15)
    at writeGeneric (node:internal/stream_base_commons:150:3)
    at Socket._writeGeneric (node:net:966:11)
    at Socket._write (node:net:978:8)
    at writeOrBuffer (node:internal/streams/writable:572:12)
    at _write (node:internal/streams/writable:501:10)
    at Writable.write (node:internal/streams/writable:510:10)
    at Console.log (/usr/local/lib/node_modules/firebase-tools/node_modules/winston/lib/winston/transports/console.js:87:23)
    at Console._write (/usr/local/lib/node_modules/firebase-tools/node_modules/winston-transport/modern.js:103:17)
    at doWrite (/usr/local/lib/node_modules/firebase-tools/node_modules/winston-transport/node_modules/readable-stream/lib/_stream_writable.js:390:139)
[error] 
[error] Error: An unexpected error has occurred.
[debug] [2026-09-13T14:31:29.719Z] Error: write EIO
    at afterWriteDispatched (node:internal/stream_base_commons:159:15)
    at writeGeneric (node:internal/stream_base_commons:150:3)
    at Socket._writeGeneric (node:net:966:11)
    at Socket._write (node:net:978:8)
    at writeOrBuffer (node:internal/streams/writable:572:12)
    at _write (node:internal/streams/writable:501:10)
    at Writable.write (node:internal/streams/writable:510:10)
    at Console.log (/usr/local/lib/node_modules/firebase-tools/node_modules/winston/lib/winston/transports/console.js:87:23)
    at Console._write (/usr/local/lib/node_modules/firebase-tools/node_modules/winston-transport/modern.js:103:17)
    at doWrite (/usr/local/lib/node_modules/firebase-tools/node_modules/winston-transport/node_modules/readable-stream/lib/_stream_writable.js:390:139)
[error] 
[error] Error: An unexpected error has occurred.
[debug] [2026-09-13T14:31:29.719Z] Error: write EIO
    at afterWriteDispatched (node:internal/stream_base_commons:159:15)
    at writeGeneric (node:internal/stream_base_commons:150:3)
    at Socket._writeGeneric (node:net:966:11)
    at Socket._write (node:net:978:8)
    at writeOrBuffer (node:internal/streams/writable:572:12)
    at _write (node:internal/streams/writable:501:10)
    at Writable.write (node:internal/streams/writable:510:10)
    at Console.log (/usr/local/lib/node_modules/firebase-tools/node_modules/winston/lib/winston/transports/console.js:87:23)
    at Console._write (/usr/local/lib/node_modules/firebase-tools/node_modules/winston-transport/modern.js:103:17)
    at doWrite (/usr/local/lib/node_modules/firebase-tools/node_modules/winston-transport/node_modules/readable-stream/lib/_stream_writable.js:390:139)
[error] 
[error] Error: An unexpected error has occurred.
[debug] [2026-09-13T14:31:29.721Z] Error: write EIO
    at afterWriteDispatched (node:internal/stream_base_commons:159:15)
    at writeGeneric (node:internal/stream_base_commons:150:3)
    at Socket._writeGeneric (node:net:966:11)
    at Socket._write (node:net:978:8)
    at writeOrBuffer (node:internal/streams/writable:572:12)
    at _write (node:internal/streams/writable:501:10)
    at Writable.write (node:internal/streams/writable:510:10)
    at Console.log (/usr/local/lib/node_modules/firebase-tools/node_modules/winston/lib/winston/transports/console.js:87:23)
    at Console._write (/usr/local/lib/node_modules/firebase-tools/node_modules/winston-transport/modern.js:103:17)
    at doWrite (/usr/local/lib/node_modules/firebase-tools/node_modules/winston-transport/node_modules/readable-stream/lib/_stream_writable.js:390:139)
[error] 
[error] Error: An unexpected error has occurred.
[debug] [2026-09-13T14:31:29.721Z] Error: write EIO
    at afterWriteDispatched (node:internal/stream_base_commons:159:15)
    at writeGeneric (node:internal/stream_base_commons:150:3)
    at Socket._writeGeneric (node:net:966:11)
    at Socket._write (node:net:978:8)
    at writeOrBuffer (node:internal/streams/writable:572:12)
    at _write (node:internal/streams/writable:501:10)
    at Writable.write (node:internal/streams/writable:510:10)
    at Console.log (/usr/local/lib/node_modules/firebase-tools/node_modules/winston/lib/winston/transports/console.js:87:23)
    at Console._write (/usr/local/lib/node_modules/firebase-tools/node_modules/winston-transport/modern.js:103:17)
    at doWrite (/usr/local/lib/node_modules/firebase-tools/node_modules/winston-transport/node_modules/readable-stream/lib/_stream_writable.js:390:139)
[error] 
[error] Error: An unexpected error has occurred.
[debug] [2026-09-13T14:31:29.722Z] Error: write EIO
    at afterWriteDispatched (node:internal/stream_base_commons:159:15)
    at writeGeneric (node:internal/stream_base_commons:150:3)
    at Socket._writeGeneric (node:net:966:11)
    at Socket._write (node:net:978:8)
    at writeOrBuffer (node:internal/streams/writable:572:12)
    at _write (node:internal/streams/writable:501:10)
    at Writable.write (node:internal/streams/writable:510:10)
    at Console.log (/usr/local/lib/node_modules/firebase-tools/node_modules/winston/lib/winston/transports/console.js:87:23)
    at Console._write (/usr/local/lib/node_modules/firebase-tools/node_modules/winston-transport/modern.js:103:17)
    at doWrite (/usr/local/lib/node_modules/firebase-tools/node_modules/winston-transport/node_modules/readable-stream/lib/_stream_writable.js:390:139)
[error] 
[error] Error: An unexpected error has occurred.
[debug] [2026-09-13T14:31:29.723Z] Error: write EIO
    at afterWriteDispatched (node:internal/stream_base_commons:159:15)
    at writeGeneric (node:internal/stream_base_commons:150:3)
    at Socket._writeGeneric (node:net:966:11)
    at Socket._write (node:net:978:8)
    at writeOrBuffer (node:internal/streams/writable:572:12)
    at _write (node:internal/streams/writable:501:10)
    at Writable.write (node:internal/streams/writable:510:10)
    at Console.log (/usr/local/lib/node_modules/firebase-tools/node_modules/winston/lib/winston/transports/console.js:87:23)
    at Console._write (/usr/local/lib/node_modules/firebase-tools/node_modules/winston-transport/modern.js:103:17)
    at doWrite (/usr/local/lib/node_modules/firebase-tools/node_modules/winston-transport/node_modules/readable-stream/lib/_stream_writable.js:390:139)
[error] 
[error] Error: An unexpected error has occurred.
[debug] [2026-09-13T14:31:29.723Z] Error: write EIO
    at afterWriteDispatched (node:internal/stream_base_commons:159:15)
    at writeGeneric (node:internal/stream_base_commons:150:3)
    at Socket._writeGeneric (node:net:966:11)
    at Socket._write (node:net:978:8)
    at writeOrBuffer (node:internal/streams/writable:572:12)
    at _write (node:internal/streams/writable:501:10)
    at Writable.write (node:internal/streams/writable:510:10)
    at Console.log (/usr/local/lib/node_modules/firebase-tools/node_modules/winston/lib/winston/transports/console.js:87:23)
    at Console._write (/usr/local/lib/node_modules/firebase-tools/node_modules/winston-transport/modern.js:103:17)
    at doWrite (/usr/local/lib/node_modules/firebase-tools/node_modules/winston-transport/node_modules/readable-stream/lib/_stream_writable.js:390:139)
[error] 
[error] Error: An unexpected error has occurred.
[debug] [2026-09-13T14:31:29.723Z] Error: write EIO
    at afterWriteDispatched (node:internal/stream_base_commons:159:15)
    at writeGeneric (node:internal/stream_base_commons:150:3)
    at Socket._writeGeneric (node:net:966:11)
    at Socket._write (node:net:978:8)
    at writeOrBuffer (node:internal/streams/writable:572:12)
    at _write (node:internal/streams/writable:501:10)
    at Writable.write (node:internal/streams/writable:510:10)
    at Console.log (/usr/local/lib/node_modules/firebase-tools/node_modules/winston/lib/winston/transports/console.js:87:23)
    at Console._write (/usr/local/lib/node_modules/firebase-tools/node_modules/winston-transport/modern.js:103:17)
    at doWrite (/usr/local/lib/node_modules/firebase-tools/node_modules/winston-transport/node_modules/readable-stream/lib/_stream_writable.js:390:139)
[error] 
[error] Error: An unexpected error has occurred.
[debug] [2026-09-13T14:31:29.723Z] Error: write EIO
    at afterWriteDispatched (node:internal/stream_base_commons:159:15)
    at writeGeneric (node:internal/stream_base_commons:150:3)
    at Socket._writeGeneric (node:net:966:11)
    at Socket._write (node:net:978:8)
    at writeOrBuffer (node:internal/streams/writable:572:12)
    at _write (node:internal/streams/writable:501:10)
    at Writable.write (node:internal/streams/writable:510:10)
    at Console.log (/usr/local/lib/node_modules/firebase-tools/node_modules/winston/lib/winston/transports/console.js:87:23)
    at Console._write (/usr/local/lib/node_modules/firebase-tools/node_modules/winston-transport/modern.js:103:17)
    at doWrite (/usr/local/lib/node_modules/firebase-tools/node_modules/winston-transport/node_modules/readable-stream/lib/_stream_writable.js:390:139)
[error] 
[error] Error: An unexpected error has occurred.
[debug] [2026-09-13T14:31:29.724Z] Error: write EIO
    at afterWriteDispatched (node:internal/stream_base_commons:159:15)
    at writeGeneric (node:internal/stream_base_commons:150:3)
    at Socket._writeGeneric (node:net:966:11)
    at Socket._write (node:net:978:8)
    at writeOrBuffer (node:internal/streams/writable:572:12)
    at _write (node:internal/streams/writable:501:10)
    at Writable.write (node:internal/streams/writable:510:10)
    at Console.log (/usr/local/lib/node_modules/firebase-tools/node_modules/winston/lib/winston/transports/console.js:87:23)
    at Console._write (/usr/local/lib/node_modules/firebase-tools/node_modules/winston-transport/modern.js:103:17)
    at doWrite (/usr/local/lib/node_modules/firebase-tools/node_modules/winston-transport/node_modules/readable-stream/lib/_stream_writable.js:390:139)
[error] 
[error] Error: An unexpected error has occurred.
[debug] [2026-09-13T14:31:29.724Z] Error: write EIO
    at afterWriteDispatched (node:internal/stream_base_commons:159:15)
    at writeGeneric (node:internal/stream_base_commons:150:3)
    at Socket._writeGeneric (node:net:966:11)
    at Socket._write (node:net:978:8)
    at writeOrBuffer (node:internal/streams/writable:572:12)
    at _write (node:internal/streams/writable:501:10)
    at Writable.write (node:internal/streams/writable:510:10)
    at Console.log (/usr/local/lib/node_modules/firebase-tools/node_modules/winston/lib/winston/transports/console.js:87:23)
    at Console._write (/usr/local/lib/node_modules/firebase-tools/node_modules/winston-transport/modern.js:103:17)
    at doWrite (/usr/local/lib/node_modules/firebase-tools/node_modules/winston-transport/node_modules/readable-stream/lib/_stream_writable.js:390:139)
[error] 
[error] Error: An unexpected error has occurred.
[debug] [2026-09-13T14:31:29.724Z] Error: write EIO
    at afterWriteDispatched (node:internal/stream_base_commons:159:15)
    at writeGeneric (node:internal/stream_base_commons:150:3)
    at Socket._writeGeneric (node:net:966:11)
    at Socket._write (node:net:978:8)
    at writeOrBuffer (node:internal/streams/writable:572:12)
    at _write (node:internal/streams/writable:501:10)
    at Writable.write (node:internal/streams/writable:510:10)
    at Console.log (/usr/local/lib/node_modules/firebase-tools/node_modules/winston/lib/winston/transports/console.js:87:23)
    at Console._write (/usr/local/lib/node_modules/firebase-tools/node_modules/winston-transport/modern.js:103:17)
    at doWrite (/usr/local/lib/node_modules/firebase-tools/node_modules/winston-transport/node_modules/readable-stream/lib/_stream_writable.js:390:139)
[error] 
[error] Error: An unexpected error has occurred.
[debug] [2026-09-13T14:31:29.725Z] Error: write EIO
    at afterWriteDispatched (node:internal/stream_base_commons:159:15)
    at writeGeneric (node:internal/stream_base_commons:150:3)
    at Socket._writeGeneric (node:net:966:11)
    at Socket._write (node:net:978:8)
    at writeOrBuffer (node:internal/streams/writable:572:12)
    at _write (node:internal/streams/writable:501:10)
    at Writable.write (node:internal/streams/writable:510:10)
    at Console.log (/usr/local/lib/node_modules/firebase-tools/node_modules/winston/lib/winston/transports/console.js:87:23)
    at Console._write (/usr/local/lib/node_modules/firebase-tools/node_modules/winston-transport/modern.js:103:17)
    at doWrite (/usr/local/lib/node_modules/firebase-tools/node_modules/winston-transport/node_modules/readable-stream/lib/_stream_writable.js:390:139)
[error] 
[error] Error: An unexpected error has occurred.
[debug] [2026-09-13T14:31:29.725Z] Error: write EIO
    at afterWriteDispatched (node:internal/stream_base_commons:159:15)
    at writeGeneric (node:internal/stream_base_commons:150:3)
    at Socket._writeGeneric (node:net:966:11)
    at Socket._write (node:net:978:8)
    at writeOrBuffer (node:internal/streams/writable:572:12)
    at _write (node:internal/streams/writable:501:10)
    at Writable.write (node:internal/streams/writable:510:10)
    at Console.log (/usr/local/lib/node_modules/firebase-tools/node_modules/winston/lib/winston/transports/console.js:87:23)
    at Console._write (/usr/local/lib/node_modules/firebase-tools/node_modules/winston-transport/modern.js:103:17)
    at doWrite (/usr/local/lib/node_modules/firebase-tools/node_modules/winston-transport/node_modules/readable-stream/lib/_stream_writable.js:390:139)
[error] 
[error] Error: An unexpected error has occurred.
[info] i  emulators: Shutting down emulators. {"metadata":{"emulator":{"name":"hub"},"message":"Shutting down emulators."}}
[info] i  ui: Stopping Emulator UI {"metadata":{"emulator":{"name":"ui"},"message":"Stopping Emulator UI"}}
[info] i  extensions: Stopping Extensions Emulator {"metadata":{"emulator":{"name":"extensions"},"message":"Stopping Extensions Emulator"}}
[debug] [2026-09-13T14:31:29.731Z] [Extensions] Stopping Extensions emulator, this is a noop.
[info] i  functions: Stopping Functions Emulator {"metadata":{"emulator":{"name":"functions"},"message":"Stopping Functions Emulator"}}
[info] i  hosting: Stopping Hosting Emulator {"metadata":{"emulator":{"name":"hosting"},"message":"Stopping Hosting Emulator"}}
[info] i  firestore: Stopping Firestore Emulator {"metadata":{"emulator":{"name":"firestore"},"message":"Stopping Firestore Emulator"}}
[debug] [2026-09-13T14:31:29.756Z] Error: write EIO
    at afterWriteDispatched (node:internal/stream_base_commons:159:15)
    at writeGeneric (node:internal/stream_base_commons:150:3)
    at Socket._writeGeneric (node:net:966:11)
    at Socket._write (node:net:978:8)
    at writeOrBuffer (node:internal/streams/writable:572:12)
    at _write (node:internal/streams/writable:501:10)
    at Writable.write (node:internal/streams/writable:510:10)
    at Console.log (/usr/local/lib/node_modules/firebase-tools/node_modules/winston/lib/winston/transports/console.js:87:23)
    at Console._write (/usr/local/lib/node_modules/firebase-tools/node_modules/winston-transport/modern.js:103:17)
    at doWrite (/usr/local/lib/node_modules/firebase-tools/node_modules/winston-transport/node_modules/readable-stream/lib/_stream_writable.js:390:139)
[error] 
[error] Error: An unexpected error has occurred.
[debug] [2026-09-13T14:31:29.757Z] Error: write EIO
    at afterWriteDispatched (node:internal/stream_base_commons:159:15)
    at writeGeneric (node:internal/stream_base_commons:150:3)
    at Socket._writeGeneric (node:net:966:11)
    at Socket._write (node:net:978:8)
    at writeOrBuffer (node:internal/streams/writable:572:12)
    at _write (node:internal/streams/writable:501:10)
    at Writable.write (node:internal/streams/writable:510:10)
    at Console.log (/usr/local/lib/node_modules/firebase-tools/node_modules/winston/lib/winston/transports/console.js:87:23)
    at Console._write (/usr/local/lib/node_modules/firebase-tools/node_modules/winston-transport/modern.js:103:17)
    at doWrite (/usr/local/lib/node_modules/firebase-tools/node_modules/winston-transport/node_modules/readable-stream/lib/_stream_writable.js:390:139)
[error] 
[error] Error: An unexpected error has occurred.
[debug] [2026-09-13T14:31:29.758Z] Error: write EIO
    at afterWriteDispatched (node:internal/stream_base_commons:159:15)
    at writeGeneric (node:internal/stream_base_commons:150:3)
    at Socket._writeGeneric (node:net:966:11)
    at Socket._write (node:net:978:8)
    at writeOrBuffer (node:internal/streams/writable:572:12)
    at _write (node:internal/streams/writable:501:10)
    at Writable.write (node:internal/streams/writable:510:10)
    at Console.log (/usr/local/lib/node_modules/firebase-tools/node_modules/winston/lib/winston/transports/console.js:87:23)
    at Console._write (/usr/local/lib/node_modules/firebase-tools/node_modules/winston-transport/modern.js:103:17)
    at doWrite (/usr/local/lib/node_modules/firebase-tools/node_modules/winston-transport/node_modules/readable-stream/lib/_stream_writable.js:390:139)
[error] 
[error] Error: An unexpected error has occurred.
[debug] [2026-09-13T14:31:29.758Z] Error: write EIO
    at afterWriteDispatched (node:internal/stream_base_commons:159:15)
    at writeGeneric (node:internal/stream_base_commons:150:3)
    at Socket._writeGeneric (node:net:966:11)
    at Socket._write (node:net:978:8)
    at writeOrBuffer (node:internal/streams/writable:572:12)
    at _write (node:internal/streams/writable:501:10)
    at Writable.write (node:internal/streams/writable:510:10)
    at Console.log (/usr/local/lib/node_modules/firebase-tools/node_modules/winston/lib/winston/transports/console.js:87:23)
    at Console._write (/usr/local/lib/node_modules/firebase-tools/node_modules/winston-transport/modern.js:103:17)
    at doWrite (/usr/local/lib/node_modules/firebase-tools/node_modules/winston-transport/node_modules/readable-stream/lib/_stream_writable.js:390:139)
[error] 
[error] Error: An unexpected error has occurred.
[debug] [2026-09-13T14:31:29.759Z] Error: write EIO
    at afterWriteDispatched (node:internal/stream_base_commons:159:15)
    at writeGeneric (node:internal/stream_base_commons:150:3)
    at Socket._writeGeneric (node:net:966:11)
    at Socket._write (node:net:978:8)
    at writeOrBuffer (node:internal/streams/writable:572:12)
    at _write (node:internal/streams/writable:501:10)
    at Writable.write (node:internal/streams/writable:510:10)
    at Console.log (/usr/local/lib/node_modules/firebase-tools/node_modules/winston/lib/winston/transports/console.js:87:23)
    at Console._write (/usr/local/lib/node_modules/firebase-tools/node_modules/winston-transport/modern.js:103:17)
    at doWrite (/usr/local/lib/node_modules/firebase-tools/node_modules/winston-transport/node_modules/readable-stream/lib/_stream_writable.js:390:139)
[error] 
[error] Error: An unexpected error has occurred.
[debug] [2026-09-13T14:31:29.759Z] Error: write EIO
    at afterWriteDispatched (node:internal/stream_base_commons:159:15)
    at writeGeneric (node:internal/stream_base_commons:150:3)
    at Socket._writeGeneric (node:net:966:11)
    at Socket._write (node:net:978:8)
    at writeOrBuffer (node:internal/streams/writable:572:12)
    at _write (node:internal/streams/writable:501:10)
    at Writable.write (node:internal/streams/writable:510:10)
    at Console.log (/usr/local/lib/node_modules/firebase-tools/node_modules/winston/lib/winston/transports/console.js:87:23)
    at Console._write (/usr/local/lib/node_modules/firebase-tools/node_modules/winston-transport/modern.js:103:17)
    at doWrite (/usr/local/lib/node_modules/firebase-tools/node_modules/winston-transport/node_modules/readable-stream/lib/_stream_writable.js:390:139)
[error] 
[error] Error: An unexpected error has occurred.
[debug] [2026-09-13T14:31:29.759Z] Error: write EIO
    at afterWriteDispatched (node:internal/stream_base_commons:159:15)
    at writeGeneric (node:internal/stream_base_commons:150:3)
    at Socket._writeGeneric (node:net:966:11)
    at Socket._write (node:net:978:8)
    at writeOrBuffer (node:internal/streams/writable:572:12)
    at _write (node:internal/streams/writable:501:10)
    at Writable.write (node:internal/streams/writable:510:10)
    at Console.log (/usr/local/lib/node_modules/firebase-tools/node_modules/winston/lib/winston/transports/console.js:87:23)
    at Console._write (/usr/local/lib/node_modules/firebase-tools/node_modules/winston-transport/modern.js:103:17)
    at doWrite (/usr/local/lib/node_modules/firebase-tools/node_modules/winston-transport/node_modules/readable-stream/lib/_stream_writable.js:390:139)
[error] 
[error] Error: An unexpected error has occurred.
[debug] [2026-09-13T14:31:29.761Z] Error: write EIO
    at afterWriteDispatched (node:internal/stream_base_commons:159:15)
    at writeGeneric (node:internal/stream_base_commons:150:3)
    at Socket._writeGeneric (node:net:966:11)
    at Socket._write (node:net:978:8)
    at writeOrBuffer (node:internal/streams/writable:572:12)
    at _write (node:internal/streams/writable:501:10)
    at Writable.write (node:internal/streams/writable:510:10)
    at Console.log (/usr/local/lib/node_modules/firebase-tools/node_modules/winston/lib/winston/transports/console.js:87:23)
    at Console._write (/usr/local/lib/node_modules/firebase-tools/node_modules/winston-transport/modern.js:103:17)
    at doWrite (/usr/local/lib/node_modules/firebase-tools/node_modules/winston-transport/node_modules/readable-stream/lib/_stream_writable.js:390:139)
[error] 
[error] Error: An unexpected error has occurred.
[debug] [2026-09-13T14:31:29.761Z] Error: write EIO
    at afterWriteDispatched (node:internal/stream_base_commons:159:15)
    at writeGeneric (node:internal/stream_base_commons:150:3)
    at Socket._writeGeneric (node:net:966:11)
    at Socket._write (node:net:978:8)
    at writeOrBuffer (node:internal/streams/writable:572:12)
    at _write (node:internal/streams/writable:501:10)
    at Writable.write (node:internal/streams/writable:510:10)
    at Console.log (/usr/local/lib/node_modules/firebase-tools/node_modules/winston/lib/winston/transports/console.js:87:23)
    at Console._write (/usr/local/lib/node_modules/firebase-tools/node_modules/winston-transport/modern.js:103:17)
    at doWrite (/usr/local/lib/node_modules/firebase-tools/node_modules/winston-transport/node_modules/readable-stream/lib/_stream_writable.js:390:139)
[error] 
[error] Error: An unexpected error has occurred.
[debug] [2026-09-13T14:31:29.761Z] Error: write EIO
    at afterWriteDispatched (node:internal/stream_base_commons:159:15)
    at writeGeneric (node:internal/stream_base_commons:150:3)
    at Socket._writeGeneric (node:net:966:11)
    at Socket._write (node:net:978:8)
    at writeOrBuffer (node:internal/streams/writable:572:12)
    at _write (node:internal/streams/writable:501:10)
    at Writable.write (node:internal/streams/writable:510:10)
    at Console.log (/usr/local/lib/node_modules/firebase-tools/node_modules/winston/lib/winston/transports/console.js:87:23)
    at Console._write (/usr/local/lib/node_modules/firebase-tools/node_modules/winston-transport/modern.js:103:17)
    at doWrite (/usr/local/lib/node_modules/firebase-tools/node_modules/winston-transport/node_modules/readable-stream/lib/_stream_writable.js:390:139)
[error] 
[error] Error: An unexpected error has occurred.
[debug] [2026-09-13T14:31:29.762Z] Error: write EIO
    at afterWriteDispatched (node:internal/stream_base_commons:159:15)
    at writeGeneric (node:internal/stream_base_commons:150:3)
    at Socket._writeGeneric (node:net:966:11)
    at Socket._write (node:net:978:8)
    at writeOrBuffer (node:internal/streams/writable:572:12)
    at _write (node:internal/streams/writable:501:10)
    at Writable.write (node:internal/streams/writable:510:10)
    at Console.log (/usr/local/lib/node_modules/firebase-tools/node_modules/winston/lib/winston/transports/console.js:87:23)
    at Console._write (/usr/local/lib/node_modules/firebase-tools/node_modules/winston-transport/modern.js:103:17)
    at doWrite (/usr/local/lib/node_modules/firebase-tools/node_modules/winston-transport/node_modules/readable-stream/lib/_stream_writable.js:390:139)
[error] 
[error] Error: An unexpected error has occurred.
[debug] [2026-09-13T14:31:29.762Z] Error: write EIO
    at afterWriteDispatched (node:internal/stream_base_commons:159:15)
    at writeGeneric (node:internal/stream_base_commons:150:3)
    at Socket._writeGeneric (node:net:966:11)
    at Socket._write (node:net:978:8)
    at writeOrBuffer (node:internal/streams/writable:572:12)
    at _write (node:internal/streams/writable:501:10)
    at Writable.write (node:internal/streams/writable:510:10)
    at Console.log (/usr/local/lib/node_modules/firebase-tools/node_modules/winston/lib/winston/transports/console.js:87:23)
    at Console._write (/usr/local/lib/node_modules/firebase-tools/node_modules/winston-transport/modern.js:103:17)
    at doWrite (/usr/local/lib/node_modules/firebase-tools/node_modules/winston-transport/node_modules/readable-stream/lib/_stream_writable.js:390:139)
[error] 
[error] Error: An unexpected error has occurred.
[debug] [2026-09-13T14:31:29.763Z] Error: write EIO
    at afterWriteDispatched (node:internal/stream_base_commons:159:15)
    at writeGeneric (node:internal/stream_base_commons:150:3)
    at Socket._writeGeneric (node:net:966:11)
    at Socket._write (node:net:978:8)
    at writeOrBuffer (node:internal/streams/writable:572:12)
    at _write (node:internal/streams/writable:501:10)
    at Writable.write (node:internal/streams/writable:510:10)
    at Console.log (/usr/local/lib/node_modules/firebase-tools/node_modules/winston/lib/winston/transports/console.js:87:23)
    at Console._write (/usr/local/lib/node_modules/firebase-tools/node_modules/winston-transport/modern.js:103:17)
    at doWrite (/usr/local/lib/node_modules/firebase-tools/node_modules/winston-transport/node_modules/readable-stream/lib/_stream_writable.js:390:139)
[error] 
[error] Error: An unexpected error has occurred.
[debug] [2026-09-13T14:31:29.763Z] Error: write EIO
    at afterWriteDispatched (node:internal/stream_base_commons:159:15)
    at writeGeneric (node:internal/stream_base_commons:150:3)
    at Socket._writeGeneric (node:net:966:11)
    at Socket._write (node:net:978:8)
    at writeOrBuffer (node:internal/streams/writable:572:12)
    at _write (node:internal/streams/writable:501:10)
    at Writable.write (node:internal/streams/writable:510:10)
    at Console.log (/usr/local/lib/node_modules/firebase-tools/node_modules/winston/lib/winston/transports/console.js:87:23)
    at Console._write (/usr/local/lib/node_modules/firebase-tools/node_modules/winston-transport/modern.js:103:17)
    at doWrite (/usr/local/lib/node_modules/firebase-tools/node_modules/winston-transport/node_modules/readable-stream/lib/_stream_writable.js:390:139)
[error] 
[error] Error: An unexpected error has occurred.
[debug] [2026-09-13T14:31:29.763Z] Error: write EIO
    at afterWriteDispatched (node:internal/stream_base_commons:159:15)
    at writeGeneric (node:internal/stream_base_commons:150:3)
    at Socket._writeGeneric (node:net:966:11)
    at Socket._write (node:net:978:8)
    at writeOrBuffer (node:internal/streams/writable:572:12)
    at _write (node:internal/streams/writable:501:10)
    at Writable.write (node:internal/streams/writable:510:10)
    at Console.log (/usr/local/lib/node_modules/firebase-tools/node_modules/winston/lib/winston/transports/console.js:87:23)
    at Console._write (/usr/local/lib/node_modules/firebase-tools/node_modules/winston-transport/modern.js:103:17)
    at doWrite (/usr/local/lib/node_modules/firebase-tools/node_modules/winston-transport/node_modules/readable-stream/lib/_stream_writable.js:390:139)
[error] 
[error] Error: An unexpected error has occurred.
[debug] [2026-09-13T14:31:29.764Z] Error: write EIO
    at afterWriteDispatched (node:internal/stream_base_commons:159:15)
    at writeGeneric (node:internal/stream_base_commons:150:3)
    at Socket._writeGeneric (node:net:966:11)
    at Socket._write (node:net:978:8)
    at writeOrBuffer (node:internal/streams/writable:572:12)
    at _write (node:internal/streams/writable:501:10)
    at Writable.write (node:internal/streams/writable:510:10)
    at Console.log (/usr/local/lib/node_modules/firebase-tools/node_modules/winston/lib/winston/transports/console.js:87:23)
    at Console._write (/usr/local/lib/node_modules/firebase-tools/node_modules/winston-transport/modern.js:103:17)
    at doWrite (/usr/local/lib/node_modules/firebase-tools/node_modules/winston-transport/node_modules/readable-stream/lib/_stream_writable.js:390:139)
[error] 
[error] Error: An unexpected error has occurred.
[debug] [2026-09-13T14:31:29.764Z] Error: write EIO
    at afterWriteDispatched (node:internal/stream_base_commons:159:15)
    at writeGeneric (node:internal/stream_base_commons:150:3)
    at Socket._writeGeneric (node:net:966:11)
    at Socket._write (node:net:978:8)
    at writeOrBuffer (node:internal/streams/writable:572:12)
    at _write (node:internal/streams/writable:501:10)
    at Writable.write (node:internal/streams/writable:510:10)
    at Console.log (/usr/local/lib/node_modules/firebase-tools/node_modules/winston/lib/winston/transports/console.js:87:23)
    at Console._write (/usr/local/lib/node_modules/firebase-tools/node_modules/winston-transport/modern.js:103:17)
    at doWrite (/usr/local/lib/node_modules/firebase-tools/node_modules/winston-transport/node_modules/readable-stream/lib/_stream_writable.js:390:139)
[error] 
[error] Error: An unexpected error has occurred.
[debug] [2026-09-13T14:31:29.765Z] Error: write EIO
    at afterWriteDispatched (node:internal/stream_base_commons:159:15)
    at writeGeneric (node:internal/stream_base_commons:150:3)
    at Socket._writeGeneric (node:net:966:11)
    at Socket._write (node:net:978:8)
    at writeOrBuffer (node:internal/streams/writable:572:12)
    at _write (node:internal/streams/writable:501:10)
    at Writable.write (node:internal/streams/writable:510:10)
    at Console.log (/usr/local/lib/node_modules/firebase-tools/node_modules/winston/lib/winston/transports/console.js:87:23)
    at Console._write (/usr/local/lib/node_modules/firebase-tools/node_modules/winston-transport/modern.js:103:17)
    at doWrite (/usr/local/lib/node_modules/firebase-tools/node_modules/winston-transport/node_modules/readable-stream/lib/_stream_writable.js:390:139)
[error] 
[error] Error: An unexpected error has occurred.
[debug] [2026-09-13T14:31:29.765Z] Error: write EIO
    at afterWriteDispatched (node:internal/stream_base_commons:159:15)
    at writeGeneric (node:internal/stream_base_commons:150:3)
    at Socket._writeGeneric (node:net:966:11)
    at Socket._write (node:net:978:8)
    at writeOrBuffer (node:internal/streams/writable:572:12)
    at _write (node:internal/streams/writable:501:10)
    at Writable.write (node:internal/streams/writable:510:10)
    at Console.log (/usr/local/lib/node_modules/firebase-tools/node_modules/winston/lib/winston/transports/console.js:87:23)
    at Console._write (/usr/local/lib/node_modules/firebase-tools/node_modules/winston-transport/modern.js:103:17)
    at doWrite (/usr/local/lib/node_modules/firebase-tools/node_modules/winston-transport/node_modules/readable-stream/lib/_stream_writable.js:390:139)
[error] 
[error] Error: An unexpected error has occurred.
[debug] [2026-09-13T14:31:29.766Z] Error: write EIO
    at afterWriteDispatched (node:internal/stream_base_commons:159:15)
    at writeGeneric (node:internal/stream_base_commons:150:3)
    at Socket._writeGeneric (node:net:966:11)
    at Socket._write (node:net:978:8)
    at writeOrBuffer (node:internal/streams/writable:572:12)
    at _write (node:internal/streams/writable:501:10)
    at Writable.write (node:internal/streams/writable:510:10)
    at Console.log (/usr/local/lib/node_modules/firebase-tools/node_modules/winston/lib/winston/transports/console.js:87:23)
    at Console._write (/usr/local/lib/node_modules/firebase-tools/node_modules/winston-transport/modern.js:103:17)
    at doWrite (/usr/local/lib/node_modules/firebase-tools/node_modules/winston-transport/node_modules/readable-stream/lib/_stream_writable.js:390:139)
[error] 
[error] Error: An unexpected error has occurred.
[debug] [2026-09-13T14:31:29.766Z] Error: write EIO
    at afterWriteDispatched (node:internal/stream_base_commons:159:15)
    at writeGeneric (node:internal/stream_base_commons:150:3)
    at Socket._writeGeneric (node:net:966:11)
    at Socket._write (node:net:978:8)
    at writeOrBuffer (node:internal/streams/writable:572:12)
    at _write (node:internal/streams/writable:501:10)
    at Writable.write (node:internal/streams/writable:510:10)
    at Console.log (/usr/local/lib/node_modules/firebase-tools/node_modules/winston/lib/winston/transports/console.js:87:23)
    at Console._write (/usr/local/lib/node_modules/firebase-tools/node_modules/winston-transport/modern.js:103:17)
    at doWrite (/usr/local/lib/node_modules/firebase-tools/node_modules/winston-transport/node_modules/readable-stream/lib/_stream_writable.js:390:139)
[error] 
[error] Error: An unexpected error has occurred.
[debug] [2026-09-13T14:31:29.766Z] Error: write EIO
    at afterWriteDispatched (node:internal/stream_base_commons:159:15)
    at writeGeneric (node:internal/stream_base_commons:150:3)
    at Socket._writeGeneric (node:net:966:11)
    at Socket._write (node:net:978:8)
    at writeOrBuffer (node:internal/streams/writable:572:12)
    at _write (node:internal/streams/writable:501:10)
    at Writable.write (node:internal/streams/writable:510:10)
    at Console.log (/usr/local/lib/node_modules/firebase-tools/node_modules/winston/lib/winston/transports/console.js:87:23)
    at Console._write (/usr/local/lib/node_modules/firebase-tools/node_modules/winston-transport/modern.js:103:17)
    at doWrite (/usr/local/lib/node_modules/firebase-tools/node_modules/winston-transport/node_modules/readable-stream/lib/_stream_writable.js:390:139)
[error] 
[error] Error: An unexpected error has occurred.
[debug] [2026-09-13T14:31:29.767Z] Error: write EIO
    at afterWriteDispatched (node:internal/stream_base_commons:159:15)
    at writeGeneric (node:internal/stream_base_commons:150:3)
    at Socket._writeGeneric (node:net:966:11)
    at Socket._write (node:net:978:8)
    at writeOrBuffer (node:internal/streams/writable:572:12)
    at _write (node:internal/streams/writable:501:10)
    at Writable.write (node:internal/streams/writable:510:10)
    at Console.log (/usr/local/lib/node_modules/firebase-tools/node_modules/winston/lib/winston/transports/console.js:87:23)
    at Console._write (/usr/local/lib/node_modules/firebase-tools/node_modules/winston-transport/modern.js:103:17)
    at doWrite (/usr/local/lib/node_modules/firebase-tools/node_modules/winston-transport/node_modules/readable-stream/lib/_stream_writable.js:390:139)
[error] 
[error] Error: An unexpected error has occurred.
[debug] [2026-09-13T14:31:29.767Z] Error: write EIO
    at afterWriteDispatched (node:internal/stream_base_commons:159:15)
    at writeGeneric (node:internal/stream_base_commons:150:3)
    at Socket._writeGeneric (node:net:966:11)
    at Socket._write (node:net:978:8)
    at writeOrBuffer (node:internal/streams/writable:572:12)
    at _write (node:internal/streams/writable:501:10)
    at Writable.write (node:internal/streams/writable:510:10)
    at Console.log (/usr/local/lib/node_modules/firebase-tools/node_modules/winston/lib/winston/transports/console.js:87:23)
    at Console._write (/usr/local/lib/node_modules/firebase-tools/node_modules/winston-transport/modern.js:103:17)
    at doWrite (/usr/local/lib/node_modules/firebase-tools/node_modules/winston-transport/node_modules/readable-stream/lib/_stream_writable.js:390:139)
[error] 
[error] Error: An unexpected error has occurred.
[debug] [2026-09-13T14:31:29.768Z] Error: write EIO
    at afterWriteDispatched (node:internal/stream_base_commons:159:15)
    at writeGeneric (node:internal/stream_base_commons:150:3)
    at Socket._writeGeneric (node:net:966:11)
    at Socket._write (node:net:978:8)
    at writeOrBuffer (node:internal/streams/writable:572:12)
    at _write (node:internal/streams/writable:501:10)
    at Writable.write (node:internal/streams/writable:510:10)
    at Console.log (/usr/local/lib/node_modules/firebase-tools/node_modules/winston/lib/winston/transports/console.js:87:23)
    at Console._write (/usr/local/lib/node_modules/firebase-tools/node_modules/winston-transport/modern.js:103:17)
    at doWrite (/usr/local/lib/node_modules/firebase-tools/node_modules/winston-transport/node_modules/readable-stream/lib/_stream_writable.js:390:139)
[error] 
[error] Error: An unexpected error has occurred.
[debug] [2026-09-13T14:31:29.768Z] Error: write EIO
    at afterWriteDispatched (node:internal/stream_base_commons:159:15)
    at writeGeneric (node:internal/stream_base_commons:150:3)
    at Socket._writeGeneric (node:net:966:11)
    at Socket._write (node:net:978:8)
    at writeOrBuffer (node:internal/streams/writable:572:12)
    at _write (node:internal/streams/writable:501:10)
    at Writable.write (node:internal/streams/writable:510:10)
    at Console.log (/usr/local/lib/node_modules/firebase-tools/node_modules/winston/lib/winston/transports/console.js:87:23)
    at Console._write (/usr/local/lib/node_modules/firebase-tools/node_modules/winston-transport/modern.js:103:17)
    at doWrite (/usr/local/lib/node_modules/firebase-tools/node_modules/winston-transport/node_modules/readable-stream/lib/_stream_writable.js:390:139)
[error] 
[error] Error: An unexpected error has occurred.
[debug] [2026-09-13T14:31:29.768Z] Error: write EIO
    at afterWriteDispatched (node:internal/stream_base_commons:159:15)
    at writeGeneric (node:internal/stream_base_commons:150:3)
    at Socket._writeGeneric (node:net:966:11)
    at Socket._write (node:net:978:8)
    at writeOrBuffer (node:internal/streams/writable:572:12)
    at _write (node:internal/streams/writable:501:10)
    at Writable.write (node:internal/streams/writable:510:10)
    at Console.log (/usr/local/lib/node_modules/firebase-tools/node_modules/winston/lib/winston/transports/console.js:87:23)
    at Console._write (/usr/local/lib/node_modules/firebase-tools/node_modules/winston-transport/modern.js:103:17)
    at doWrite (/usr/local/lib/node_modules/firebase-tools/node_modules/winston-transport/node_modules/readable-stream/lib/_stream_writable.js:390:139)
[error] 
[error] Error: An unexpected error has occurred.
[debug] [2026-09-13T14:31:29.769Z] Error: write EIO
    at afterWriteDispatched (node:internal/stream_base_commons:159:15)
    at writeGeneric (node:internal/stream_base_commons:150:3)
    at Socket._writeGeneric (node:net:966:11)
    at Socket._write (node:net:978:8)
    at writeOrBuffer (node:internal/streams/writable:572:12)
    at _write (node:internal/streams/writable:501:10)
    at Writable.write (node:internal/streams/writable:510:10)
    at Console.log (/usr/local/lib/node_modules/firebase-tools/node_modules/winston/lib/winston/transports/console.js:87:23)
    at Console._write (/usr/local/lib/node_modules/firebase-tools/node_modules/winston-transport/modern.js:103:17)
    at doWrite (/usr/local/lib/node_modules/firebase-tools/node_modules/winston-transport/node_modules/readable-stream/lib/_stream_writable.js:390:139)
[error] 
[error] Error: An unexpected error has occurred.
[debug] [2026-09-13T14:31:29.770Z] Error: write EIO
    at afterWriteDispatched (node:internal/stream_base_commons:159:15)
    at writeGeneric (node:internal/stream_base_commons:150:3)
    at Socket._writeGeneric (node:net:966:11)
    at Socket._write (node:net:978:8)
    at writeOrBuffer (node:internal/streams/writable:572:12)
    at _write (node:internal/streams/writable:501:10)
    at Writable.write (node:internal/streams/writable:510:10)
    at Console.log (/usr/local/lib/node_modules/firebase-tools/node_modules/winston/lib/winston/transports/console.js:87:23)
    at Console._write (/usr/local/lib/node_modules/firebase-tools/node_modules/winston-transport/modern.js:103:17)
    at doWrite (/usr/local/lib/node_modules/firebase-tools/node_modules/winston-transport/node_modules/readable-stream/lib/_stream_writable.js:390:139)
[error] 
[error] Error: An unexpected error has occurred.
[debug] [2026-09-13T14:31:29.771Z] Error: write EIO
    at afterWriteDispatched (node:internal/stream_base_commons:159:15)
    at writeGeneric (node:internal/stream_base_commons:150:3)
    at Socket._writeGeneric (node:net:966:11)
    at Socket._write (node:net:978:8)
    at writeOrBuffer (node:internal/streams/writable:572:12)
    at _write (node:internal/streams/writable:501:10)
    at Writable.write (node:internal/streams/writable:510:10)
    at Console.log (/usr/local/lib/node_modules/firebase-tools/node_modules/winston/lib/winston/transports/console.js:87:23)
    at Console._write (/usr/local/lib/node_modules/firebase-tools/node_modules/winston-transport/modern.js:103:17)
    at doWrite (/usr/local/lib/node_modules/firebase-tools/node_modules/winston-transport/node_modules/readable-stream/lib/_stream_writable.js:390:139)
[error] 
[error] Error: An unexpected error has occurred.
[debug] [2026-09-13T14:31:29.775Z] Error: write EIO
    at afterWriteDispatched (node:internal/stream_base_commons:159:15)
    at writeGeneric (node:internal/stream_base_commons:150:3)
    at Socket._writeGeneric (node:net:966:11)
    at Socket._write (node:net:978:8)
    at writeOrBuffer (node:internal/streams/writable:572:12)
    at _write (node:internal/streams/writable:501:10)
    at Writable.write (node:internal/streams/writable:510:10)
    at Console.log (/usr/local/lib/node_modules/firebase-tools/node_modules/winston/lib/winston/transports/console.js:87:23)
    at Console._write (/usr/local/lib/node_modules/firebase-tools/node_modules/winston-transport/modern.js:103:17)
    at doWrite (/usr/local/lib/node_modules/firebase-tools/node_modules/winston-transport/node_modules/readable-stream/lib/_stream_writable.js:390:139)
[error] 
[error] Error: An unexpected error has occurred.
[debug] [2026-09-13T14:31:29.777Z] Error: write EIO
    at afterWriteDispatched (node:internal/stream_base_commons:159:15)
    at writeGeneric (node:internal/stream_base_commons:150:3)
    at Socket._writeGeneric (node:net:966:11)
    at Socket._write (node:net:978:8)
    at writeOrBuffer (node:internal/streams/writable:572:12)
    at _write (node:internal/streams/writable:501:10)
    at Writable.write (node:internal/streams/writable:510:10)
    at Console.log (/usr/local/lib/node_modules/firebase-tools/node_modules/winston/lib/winston/transports/console.js:87:23)
    at Console._write (/usr/local/lib/node_modules/firebase-tools/node_modules/winston-transport/modern.js:103:17)
    at doWrite (/usr/local/lib/node_modules/firebase-tools/node_modules/winston-transport/node_modules/readable-stream/lib/_stream_writable.js:390:139)
[error] 
[error] Error: An unexpected error has occurred.
[debug] [2026-09-13T14:31:29.778Z] Error: write EIO
    at afterWriteDispatched (node:internal/stream_base_commons:159:15)
    at writeGeneric (node:internal/stream_base_commons:150:3)
    at Socket._writeGeneric (node:net:966:11)
    at Socket._write (node:net:978:8)
    at writeOrBuffer (node:internal/streams/writable:572:12)
    at _write (node:internal/streams/writable:501:10)
    at Writable.write (node:internal/streams/writable:510:10)
    at Console.log (/usr/local/lib/node_modules/firebase-tools/node_modules/winston/lib/winston/transports/console.js:87:23)
    at Console._write (/usr/local/lib/node_modules/firebase-tools/node_modules/winston-transport/modern.js:103:17)
    at doWrite (/usr/local/lib/node_modules/firebase-tools/node_modules/winston-transport/node_modules/readable-stream/lib/_stream_writable.js:390:139)
[error] 
[error] Error: An unexpected error has occurred.
[debug] [2026-09-13T14:31:29.779Z] Error: write EIO
    at afterWriteDispatched (node:internal/stream_base_commons:159:15)
    at writeGeneric (node:internal/stream_base_commons:150:3)
    at Socket._writeGeneric (node:net:966:11)
    at Socket._write (node:net:978:8)
    at writeOrBuffer (node:internal/streams/writable:572:12)
    at _write (node:internal/streams/writable:501:10)
    at Writable.write (node:internal/streams/writable:510:10)
    at Console.log (/usr/local/lib/node_modules/firebase-tools/node_modules/winston/lib/winston/transports/console.js:87:23)
    at Console._write (/usr/local/lib/node_modules/firebase-tools/node_modules/winston-transport/modern.js:103:17)
    at doWrite (/usr/local/lib/node_modules/firebase-tools/node_modules/winston-transport/node_modules/readable-stream/lib/_stream_writable.js:390:139)
[error] 
[error] Error: An unexpected error has occurred.
[debug] [2026-09-13T14:31:29.780Z] Error: write EIO
    at afterWriteDispatched (node:internal/stream_base_commons:159:15)
    at writeGeneric (node:internal/stream_base_commons:150:3)
    at Socket._writeGeneric (node:net:966:11)
    at Socket._write (node:net:978:8)
    at writeOrBuffer (node:internal/streams/writable:572:12)
    at _write (node:internal/streams/writable:501:10)
    at Writable.write (node:internal/streams/writable:510:10)
    at Console.log (/usr/local/lib/node_modules/firebase-tools/node_modules/winston/lib/winston/transports/console.js:87:23)
    at Console._write (/usr/local/lib/node_modules/firebase-tools/node_modules/winston-transport/modern.js:103:17)
    at doWrite (/usr/local/lib/node_modules/firebase-tools/node_modules/winston-transport/node_modules/readable-stream/lib/_stream_writable.js:390:139)
[error] 
[error] Error: An unexpected error has occurred.
[debug] [2026-09-13T14:31:29.780Z] Error: write EIO
    at afterWriteDispatched (node:internal/stream_base_commons:159:15)
    at writeGeneric (node:internal/stream_base_commons:150:3)
    at Socket._writeGeneric (node:net:966:11)
    at Socket._write (node:net:978:8)
    at writeOrBuffer (node:internal/streams/writable:572:12)
    at _write (node:internal/streams/writable:501:10)
    at Writable.write (node:internal/streams/writable:510:10)
    at Console.log (/usr/local/lib/node_modules/firebase-tools/node_modules/winston/lib/winston/transports/console.js:87:23)
    at Console._write (/usr/local/lib/node_modules/firebase-tools/node_modules/winston-transport/modern.js:103:17)
    at doWrite (/usr/local/lib/node_modules/firebase-tools/node_modules/winston-transport/node_modules/readable-stream/lib/_stream_writable.js:390:139)
[error] 
[error] Error: An unexpected error has occurred.
[debug] [2026-09-13T14:31:29.781Z] Error: write EIO
    at afterWriteDispatched (node:internal/stream_base_commons:159:15)
    at writeGeneric (node:internal/stream_base_commons:150:3)
    at Socket._writeGeneric (node:net:966:11)
    at Socket._write (node:net:978:8)
    at writeOrBuffer (node:internal/streams/writable:572:12)
    at _write (node:internal/streams/writable:501:10)
    at Writable.write (node:internal/streams/writable:510:10)
    at Console.log (/usr/local/lib/node_modules/firebase-tools/node_modules/winston/lib/winston/transports/console.js:87:23)
    at Console._write (/usr/local/lib/node_modules/firebase-tools/node_modules/winston-transport/modern.js:103:17)
    at doWrite (/usr/local/lib/node_modules/firebase-tools/node_modules/winston-transport/node_modules/readable-stream/lib/_stream_writable.js:390:139)
[error] 
[error] Error: An unexpected error has occurred.
[debug] [2026-09-13T14:31:29.781Z] Error: write EIO
    at afterWriteDispatched (node:internal/stream_base_commons:159:15)
    at writeGeneric (node:internal/stream_base_commons:150:3)
    at Socket._writeGeneric (node:net:966:11)
    at Socket._write (node:net:978:8)
    at writeOrBuffer (node:internal/streams/writable:572:12)
    at _write (node:internal/streams/writable:501:10)
    at Writable.write (node:internal/streams/writable:510:10)
    at Console.log (/usr/local/lib/node_modules/firebase-tools/node_modules/winston/lib/winston/transports/console.js:87:23)
    at Console._write (/usr/local/lib/node_modules/firebase-tools/node_modules/winston-transport/modern.js:103:17)
    at doWrite (/usr/local/lib/node_modules/firebase-tools/node_modules/winston-transport/node_modules/readable-stream/lib/_stream_writable.js:390:139)
[error] 
[error] Error: An unexpected error has occurred.
[debug] [2026-09-13T14:31:29.781Z] Error: write EIO
    at afterWriteDispatched (node:internal/stream_base_commons:159:15)
    at writeGeneric (node:internal/stream_base_commons:150:3)
    at Socket._writeGeneric (node:net:966:11)
    at Socket._write (node:net:978:8)
    at writeOrBuffer (node:internal/streams/writable:572:12)
    at _write (node:internal/streams/writable:501:10)
    at Writable.write (node:internal/streams/writable:510:10)
    at Console.log (/usr/local/lib/node_modules/firebase-tools/node_modules/winston/lib/winston/transports/console.js:87:23)
    at Console._write (/usr/local/lib/node_modules/firebase-tools/node_modules/winston-transport/modern.js:103:17)
    at doWrite (/usr/local/lib/node_modules/firebase-tools/node_modules/winston-transport/node_modules/readable-stream/lib/_stream_writable.js:390:139)
[error] 
[error] Error: An unexpected error has occurred.
[debug] [2026-09-13T14:31:29.782Z] Error: write EIO
    at afterWriteDispatched (node:internal/stream_base_commons:159:15)
    at writeGeneric (node:internal/stream_base_commons:150:3)
    at Socket._writeGeneric (node:net:966:11)
    at Socket._write (node:net:978:8)
    at writeOrBuffer (node:internal/streams/writable:572:12)
    at _write (node:internal/streams/writable:501:10)
    at Writable.write (node:internal/streams/writable:510:10)
    at Console.log (/usr/local/lib/node_modules/firebase-tools/node_modules/winston/lib/winston/transports/console.js:87:23)
    at Console._write (/usr/local/lib/node_modules/firebase-tools/node_modules/winston-transport/modern.js:103:17)
    at doWrite (/usr/local/lib/node_modules/firebase-tools/node_modules/winston-transport/node_modules/readable-stream/lib/_stream_writable.js:390:139)
[error] 
[error] Error: An unexpected error has occurred.
[debug] [2026-09-13T14:31:29.783Z] Error: write EIO
    at afterWriteDispatched (node:internal/stream_base_commons:159:15)
    at writeGeneric (node:internal/stream_base_commons:150:3)
    at Socket._writeGeneric (node:net:966:11)
    at Socket._write (node:net:978:8)
    at writeOrBuffer (node:internal/streams/writable:572:12)
    at _write (node:internal/streams/writable:501:10)
    at Writable.write (node:internal/streams/writable:510:10)
    at Console.log (/usr/local/lib/node_modules/firebase-tools/node_modules/winston/lib/winston/transports/console.js:87:23)
    at Console._write (/usr/local/lib/node_modules/firebase-tools/node_modules/winston-transport/modern.js:103:17)
    at doWrite (/usr/local/lib/node_modules/firebase-tools/node_modules/winston-transport/node_modules/readable-stream/lib/_stream_writable.js:390:139)
[error] 
[error] Error: An unexpected error has occurred.
[debug] [2026-09-13T14:31:29.784Z] Error: write EIO
    at afterWriteDispatched (node:internal/stream_base_commons:159:15)
    at writeGeneric (node:internal/stream_base_commons:150:3)
    at Socket._writeGeneric (node:net:966:11)
    at Socket._write (node:net:978:8)
    at writeOrBuffer (node:internal/streams/writable:572:12)
    at _write (node:internal/streams/writable:501:10)
    at Writable.write (node:internal/streams/writable:510:10)
    at Console.log (/usr/local/lib/node_modules/firebase-tools/node_modules/winston/lib/winston/transports/console.js:87:23)
    at Console._write (/usr/local/lib/node_modules/firebase-tools/node_modules/winston-transport/modern.js:103:17)
    at doWrite (/usr/local/lib/node_modules/firebase-tools/node_modules/winston-transport/node_modules/readable-stream/lib/_stream_writable.js:390:139)
[error] 
[error] Error: An unexpected error has occurred.
[debug] [2026-09-13T14:31:29.787Z] Error: write EIO
    at afterWriteDispatched (node:internal/stream_base_commons:159:15)
    at writeGeneric (node:internal/stream_base_commons:150:3)
    at Socket._writeGeneric (node:net:966:11)
    at Socket._write (node:net:978:8)
    at writeOrBuffer (node:internal/streams/writable:572:12)
    at _write (node:internal/streams/writable:501:10)
    at Writable.write (node:internal/streams/writable:510:10)
    at Console.log (/usr/local/lib/node_modules/firebase-tools/node_modules/winston/lib/winston/transports/console.js:87:23)
    at Console._write (/usr/local/lib/node_modules/firebase-tools/node_modules/winston-transport/modern.js:103:17)
    at doWrite (/usr/local/lib/node_modules/firebase-tools/node_modules/winston-transport/node_modules/readable-stream/lib/_stream_writable.js:390:139)
[error] 
[error] Error: An unexpected error has occurred.
[debug] [2026-09-13T14:31:29.790Z] Error: write EIO
    at afterWriteDispatched (node:internal/stream_base_commons:159:15)
    at writeGeneric (node:internal/stream_base_commons:150:3)
    at Socket._writeGeneric (node:net:966:11)
    at Socket._write (node:net:978:8)
    at writeOrBuffer (node:internal/streams/writable:572:12)
    at _write (node:internal/streams/writable:501:10)
    at Writable.write (node:internal/streams/writable:510:10)
    at Console.log (/usr/local/lib/node_modules/firebase-tools/node_modules/winston/lib/winston/transports/console.js:87:23)
    at Console._write (/usr/local/lib/node_modules/firebase-tools/node_modules/winston-transport/modern.js:103:17)
    at doWrite (/usr/local/lib/node_modules/firebase-tools/node_modules/winston-transport/node_modules/readable-stream/lib/_stream_writable.js:390:139)
[error] 
[error] Error: An unexpected error has occurred.
[debug] [2026-09-13T14:31:29.792Z] Error: write EIO
    at afterWriteDispatched (node:internal/stream_base_commons:159:15)
    at writeGeneric (node:internal/stream_base_commons:150:3)
    at Socket._writeGeneric (node:net:966:11)
    at Socket._write (node:net:978:8)
    at writeOrBuffer (node:internal/streams/writable:572:12)
    at _write (node:internal/streams/writable:501:10)
    at Writable.write (node:internal/streams/writable:510:10)
    at Console.log (/usr/local/lib/node_modules/firebase-tools/node_modules/winston/lib/winston/transports/console.js:87:23)
    at Console._write (/usr/local/lib/node_modules/firebase-tools/node_modules/winston-transport/modern.js:103:17)
    at doWrite (/usr/local/lib/node_modules/firebase-tools/node_modules/winston-transport/node_modules/readable-stream/lib/_stream_writable.js:390:139)
[error] 
[error] Error: An unexpected error has occurred.
[debug] [2026-09-13T14:31:29.792Z] Error: write EIO
    at afterWriteDispatched (node:internal/stream_base_commons:159:15)
    at writeGeneric (node:internal/stream_base_commons:150:3)
    at Socket._writeGeneric (node:net:966:11)
    at Socket._write (node:net:978:8)
    at writeOrBuffer (node:internal/streams/writable:572:12)
    at _write (node:internal/streams/writable:501:10)
    at Writable.write (node:internal/streams/writable:510:10)
    at Console.log (/usr/local/lib/node_modules/firebase-tools/node_modules/winston/lib/winston/transports/console.js:87:23)
    at Console._write (/usr/local/lib/node_modules/firebase-tools/node_modules/winston-transport/modern.js:103:17)
    at doWrite (/usr/local/lib/node_modules/firebase-tools/node_modules/winston-transport/node_modules/readable-stream/lib/_stream_writable.js:390:139)
[error] 
[error] Error: An unexpected error has occurred.
[debug] [2026-09-13T14:31:29.793Z] Error: write EIO
    at afterWriteDispatched (node:internal/stream_base_commons:159:15)
    at writeGeneric (node:internal/stream_base_commons:150:3)
    at Socket._writeGeneric (node:net:966:11)
    at Socket._write (node:net:978:8)
    at writeOrBuffer (node:internal/streams/writable:572:12)
    at _write (node:internal/streams/writable:501:10)
    at Writable.write (node:internal/streams/writable:510:10)
    at Console.log (/usr/local/lib/node_modules/firebase-tools/node_modules/winston/lib/winston/transports/console.js:87:23)
    at Console._write (/usr/local/lib/node_modules/firebase-tools/node_modules/winston-transport/modern.js:103:17)
    at doWrite (/usr/local/lib/node_modules/firebase-tools/node_modules/winston-transport/node_modules/readable-stream/lib/_stream_writable.js:390:139)
[error] 
[error] Error: An unexpected error has occurred.
[debug] [2026-09-13T14:31:29.794Z] Error: write EIO
    at afterWriteDispatched (node:internal/stream_base_commons:159:15)
    at writeGeneric (node:internal/stream_base_commons:150:3)
    at Socket._writeGeneric (node:net:966:11)
    at Socket._write (node:net:978:8)
    at writeOrBuffer (node:internal/streams/writable:572:12)
    at _write (node:internal/streams/writable:501:10)
    at Writable.write (node:internal/streams/writable:510:10)
    at Console.log (/usr/local/lib/node_modules/firebase-tools/node_modules/winston/lib/winston/transports/console.js:87:23)
    at Console._write (/usr/local/lib/node_modules/firebase-tools/node_modules/winston-transport/modern.js:103:17)
    at doWrite (/usr/local/lib/node_modules/firebase-tools/node_modules/winston-transport/node_modules/readable-stream/lib/_stream_writable.js:390:139)
[error] 
[error] Error: An unexpected error has occurred.
[debug] [2026-09-13T14:31:29.795Z] Error: write EIO
    at afterWriteDispatched (node:internal/stream_base_commons:159:15)
    at writeGeneric (node:internal/stream_base_commons:150:3)
    at Socket._writeGeneric (node:net:966:11)
    at Socket._write (node:net:978:8)
    at writeOrBuffer (node:internal/streams/writable:572:12)
    at _write (node:internal/streams/writable:501:10)
    at Writable.write (node:internal/streams/writable:510:10)
    at Console.log (/usr/local/lib/node_modules/firebase-tools/node_modules/winston/lib/winston/transports/console.js:87:23)
    at Console._write (/usr/local/lib/node_modules/firebase-tools/node_modules/winston-transport/modern.js:103:17)
    at doWrite (/usr/local/lib/node_modules/firebase-tools/node_modules/winston-transport/node_modules/readable-stream/lib/_stream_writable.js:390:139)
[error] 
[error] Error: An unexpected error has occurred.
[debug] [2026-09-13T14:31:29.796Z] Error: write EIO
    at afterWriteDispatched (node:internal/stream_base_commons:159:15)
    at writeGeneric (node:internal/stream_base_commons:150:3)
    at Socket._writeGeneric (node:net:966:11)
    at Socket._write (node:net:978:8)
    at writeOrBuffer (node:internal/streams/writable:572:12)
    at _write (node:internal/streams/writable:501:10)
    at Writable.write (node:internal/streams/writable:510:10)
    at Console.log (/usr/local/lib/node_modules/firebase-tools/node_modules/winston/lib/winston/transports/console.js:87:23)
    at Console._write (/usr/local/lib/node_modules/firebase-tools/node_modules/winston-transport/modern.js:103:17)
    at doWrite (/usr/local/lib/node_modules/firebase-tools/node_modules/winston-transport/node_modules/readable-stream/lib/_stream_writable.js:390:139)
[error] 
[error] Error: An unexpected error has occurred.
[debug] [2026-09-13T14:31:29.796Z] Error: write EIO
    at afterWriteDispatched (node:internal/stream_base_commons:159:15)
    at writeGeneric (node:internal/stream_base_commons:150:3)
    at Socket._writeGeneric (node:net:966:11)
    at Socket._write (node:net:978:8)
    at writeOrBuffer (node:internal/streams/writable:572:12)
    at _write (node:internal/streams/writable:501:10)
    at Writable.write (node:internal/streams/writable:510:10)
    at Console.log (/usr/local/lib/node_modules/firebase-tools/node_modules/winston/lib/winston/transports/console.js:87:23)
    at Console._write (/usr/local/lib/node_modules/firebase-tools/node_modules/winston-transport/modern.js:103:17)
    at doWrite (/usr/local/lib/node_modules/firebase-tools/node_modules/winston-transport/node_modules/readable-stream/lib/_stream_writable.js:390:139)
[error] 
[error] Error: An unexpected error has occurred.
[debug] [2026-09-13T14:31:29.797Z] Error: write EIO
    at afterWriteDispatched (node:internal/stream_base_commons:159:15)
    at writeGeneric (node:internal/stream_base_commons:150:3)
    at Socket._writeGeneric (node:net:966:11)
    at Socket._write (node:net:978:8)
    at writeOrBuffer (node:internal/streams/writable:572:12)
    at _write (node:internal/streams/writable:501:10)
    at Writable.write (node:internal/streams/writable:510:10)
    at Console.log (/usr/local/lib/node_modules/firebase-tools/node_modules/winston/lib/winston/transports/console.js:87:23)
    at Console._write (/usr/local/lib/node_modules/firebase-tools/node_modules/winston-transport/modern.js:103:17)
    at doWrite (/usr/local/lib/node_modules/firebase-tools/node_modules/winston-transport/node_modules/readable-stream/lib/_stream_writable.js:390:139)
[error] 
[error] Error: An unexpected error has occurred.
[debug] [2026-09-13T14:31:29.798Z] Error: write EIO
    at afterWriteDispatched (node:internal/stream_base_commons:159:15)
    at writeGeneric (node:internal/stream_base_commons:150:3)
    at Socket._writeGeneric (node:net:966:11)
    at Socket._write (node:net:978:8)
    at writeOrBuffer (node:internal/streams/writable:572:12)
    at _write (node:internal/streams/writable:501:10)
    at Writable.write (node:internal/streams/writable:510:10)
    at Console.log (/usr/local/lib/node_modules/firebase-tools/node_modules/winston/lib/winston/transports/console.js:87:23)
    at Console._write (/usr/local/lib/node_modules/firebase-tools/node_modules/winston-transport/modern.js:103:17)
    at doWrite (/usr/local/lib/node_modules/firebase-tools/node_modules/winston-transport/node_modules/readable-stream/lib/_stream_writable.js:390:139)
[error] 
[error] Error: An unexpected error has occurred.
[debug] [2026-09-13T14:31:29.798Z] Error: write EIO
    at afterWriteDispatched (node:internal/stream_base_commons:159:15)
    at writeGeneric (node:internal/stream_base_commons:150:3)
    at Socket._writeGeneric (node:net:966:11)
    at Socket._write (node:net:978:8)
    at writeOrBuffer (node:internal/streams/writable:572:12)
    at _write (node:internal/streams/writable:501:10)
    at Writable.write (node:internal/streams/writable:510:10)
    at Console.log (/usr/local/lib/node_modules/firebase-tools/node_modules/winston/lib/winston/transports/console.js:87:23)
    at Console._write (/usr/local/lib/node_modules/firebase-tools/node_modules/winston-transport/modern.js:103:17)
    at doWrite (/usr/local/lib/node_modules/firebase-tools/node_modules/winston-transport/node_modules/readable-stream/lib/_stream_writable.js:390:139)
[error] 
[error] Error: An unexpected error has occurred.
[debug] [2026-09-13T14:31:29.799Z] Error: write EIO
    at afterWriteDispatched (node:internal/stream_base_commons:159:15)
    at writeGeneric (node:internal/stream_base_commons:150:3)
    at Socket._writeGeneric (node:net:966:11)
    at Socket._write (node:net:978:8)
    at writeOrBuffer (node:internal/streams/writable:572:12)
    at _write (node:internal/streams/writable:501:10)
    at Writable.write (node:internal/streams/writable:510:10)
    at Console.log (/usr/local/lib/node_modules/firebase-tools/node_modules/winston/lib/winston/transports/console.js:87:23)
    at Console._write (/usr/local/lib/node_modules/firebase-tools/node_modules/winston-transport/modern.js:103:17)
    at doWrite (/usr/local/lib/node_modules/firebase-tools/node_modules/winston-transport/node_modules/readable-stream/lib/_stream_writable.js:390:139)
[error] 
[error] Error: An unexpected error has occurred.
[debug] [2026-09-13T14:31:29.799Z] Error: write EIO
    at afterWriteDispatched (node:internal/stream_base_commons:159:15)
    at writeGeneric (node:internal/stream_base_commons:150:3)
    at Socket._writeGeneric (node:net:966:11)
    at Socket._write (node:net:978:8)
    at writeOrBuffer (node:internal/streams/writable:572:12)
    at _write (node:internal/streams/writable:501:10)
    at Writable.write (node:internal/streams/writable:510:10)
    at Console.log (/usr/local/lib/node_modules/firebase-tools/node_modules/winston/lib/winston/transports/console.js:87:23)
    at Console._write (/usr/local/lib/node_modules/firebase-tools/node_modules/winston-transport/modern.js:103:17)
    at doWrite (/usr/local/lib/node_modules/firebase-tools/node_modules/winston-transport/node_modules/readable-stream/lib/_stream_writable.js:390:139)
[error] 
[error] Error: An unexpected error has occurred.
[debug] [2026-09-13T14:31:29.799Z] Error: write EIO
    at afterWriteDispatched (node:internal/stream_base_commons:159:15)
    at writeGeneric (node:internal/stream_base_commons:150:3)
    at Socket._writeGeneric (node:net:966:11)
    at Socket._write (node:net:978:8)
    at writeOrBuffer (node:internal/streams/writable:572:12)
    at _write (node:internal/streams/writable:501:10)
    at Writable.write (node:internal/streams/writable:510:10)
    at Console.log (/usr/local/lib/node_modules/firebase-tools/node_modules/winston/lib/winston/transports/console.js:87:23)
    at Console._write (/usr/local/lib/node_modules/firebase-tools/node_modules/winston-transport/modern.js:103:17)
    at doWrite (/usr/local/lib/node_modules/firebase-tools/node_modules/winston-transport/node_modules/readable-stream/lib/_stream_writable.js:390:139)
[error] 
[error] Error: An unexpected error has occurred.
[debug] [2026-09-13T14:31:29.805Z] Error: write EIO
    at afterWriteDispatched (node:internal/stream_base_commons:159:15)
    at writeGeneric (node:internal/stream_base_commons:150:3)
    at Socket._writeGeneric (node:net:966:11)
    at Socket._write (node:net:978:8)
    at writeOrBuffer (node:internal/streams/writable:572:12)
    at _write (node:internal/streams/writable:501:10)
    at Writable.write (node:internal/streams/writable:510:10)
    at Console.log (/usr/local/lib/node_modules/firebase-tools/node_modules/winston/lib/winston/transports/console.js:87:23)
    at Console._write (/usr/local/lib/node_modules/firebase-tools/node_modules/winston-transport/modern.js:103:17)
    at doWrite (/usr/local/lib/node_modules/firebase-tools/node_modules/winston-transport/node_modules/readable-stream/lib/_stream_writable.js:390:139)
[error] 
[error] Error: An unexpected error has occurred.
[debug] [2026-09-13T14:31:29.805Z] Error: write EIO
    at afterWriteDispatched (node:internal/stream_base_commons:159:15)
    at writeGeneric (node:internal/stream_base_commons:150:3)
    at Socket._writeGeneric (node:net:966:11)
    at Socket._write (node:net:978:8)
    at writeOrBuffer (node:internal/streams/writable:572:12)
    at _write (node:internal/streams/writable:501:10)
    at Writable.write (node:internal/streams/writable:510:10)
    at Console.log (/usr/local/lib/node_modules/firebase-tools/node_modules/winston/lib/winston/transports/console.js:87:23)
    at Console._write (/usr/local/lib/node_modules/firebase-tools/node_modules/winston-transport/modern.js:103:17)
    at doWrite (/usr/local/lib/node_modules/firebase-tools/node_modules/winston-transport/node_modules/readable-stream/lib/_stream_writable.js:390:139)
[error] 
[error] Error: An unexpected error has occurred.
[debug] [2026-09-13T14:31:29.805Z] Error: write EIO
    at afterWriteDispatched (node:internal/stream_base_commons:159:15)
    at writeGeneric (node:internal/stream_base_commons:150:3)
    at Socket._writeGeneric (node:net:966:11)
    at Socket._write (node:net:978:8)
    at writeOrBuffer (node:internal/streams/writable:572:12)
    at _write (node:internal/streams/writable:501:10)
    at Writable.write (node:internal/streams/writable:510:10)
    at Console.log (/usr/local/lib/node_modules/firebase-tools/node_modules/winston/lib/winston/transports/console.js:87:23)
    at Console._write (/usr/local/lib/node_modules/firebase-tools/node_modules/winston-transport/modern.js:103:17)
    at doWrite (/usr/local/lib/node_modules/firebase-tools/node_modules/winston-transport/node_modules/readable-stream/lib/_stream_writable.js:390:139)
[error] 
[error] Error: An unexpected error has occurred.
[debug] [2026-09-13T14:31:29.806Z] Error: write EIO
    at afterWriteDispatched (node:internal/stream_base_commons:159:15)
    at writeGeneric (node:internal/stream_base_commons:150:3)
    at Socket._writeGeneric (node:net:966:11)
    at Socket._write (node:net:978:8)
    at writeOrBuffer (node:internal/streams/writable:572:12)
    at _write (node:internal/streams/writable:501:10)
    at Writable.write (node:internal/streams/writable:510:10)
    at Console.log (/usr/local/lib/node_modules/firebase-tools/node_modules/winston/lib/winston/transports/console.js:87:23)
    at Console._write (/usr/local/lib/node_modules/firebase-tools/node_modules/winston-transport/modern.js:103:17)
    at doWrite (/usr/local/lib/node_modules/firebase-tools/node_modules/winston-transport/node_modules/readable-stream/lib/_stream_writable.js:390:139)
[error] 
[error] Error: An unexpected error has occurred.
[debug] [2026-09-13T14:31:29.806Z] Error: write EIO
    at afterWriteDispatched (node:internal/stream_base_commons:159:15)
    at writeGeneric (node:internal/stream_base_commons:150:3)
    at Socket._writeGeneric (node:net:966:11)
    at Socket._write (node:net:978:8)
    at writeOrBuffer (node:internal/streams/writable:572:12)
    at _write (node:internal/streams/writable:501:10)
    at Writable.write (node:internal/streams/writable:510:10)
    at Console.log (/usr/local/lib/node_modules/firebase-tools/node_modules/winston/lib/winston/transports/console.js:87:23)
    at Console._write (/usr/local/lib/node_modules/firebase-tools/node_modules/winston-transport/modern.js:103:17)
    at doWrite (/usr/local/lib/node_modules/firebase-tools/node_modules/winston-transport/node_modules/readable-stream/lib/_stream_writable.js:390:139)
[error] 
[error] Error: An unexpected error has occurred.
[debug] [2026-09-13T14:31:29.806Z] Error: write EIO
    at afterWriteDispatched (node:internal/stream_base_commons:159:15)
    at writeGeneric (node:internal/stream_base_commons:150:3)
    at Socket._writeGeneric (node:net:966:11)
    at Socket._write (node:net:978:8)
    at writeOrBuffer (node:internal/streams/writable:572:12)
    at _write (node:internal/streams/writable:501:10)
    at Writable.write (node:internal/streams/writable:510:10)
    at Console.log (/usr/local/lib/node_modules/firebase-tools/node_modules/winston/lib/winston/transports/console.js:87:23)
    at Console._write (/usr/local/lib/node_modules/firebase-tools/node_modules/winston-transport/modern.js:103:17)
    at doWrite (/usr/local/lib/node_modules/firebase-tools/node_modules/winston-transport/node_modules/readable-stream/lib/_stream_writable.js:390:139)
[error] 
[error] Error: An unexpected error has occurred.
[debug] [2026-09-13T14:31:29.807Z] Error: write EIO
    at afterWriteDispatched (node:internal/stream_base_commons:159:15)
    at writeGeneric (node:internal/stream_base_commons:150:3)
    at Socket._writeGeneric (node:net:966:11)
    at Socket._write (node:net:978:8)
    at writeOrBuffer (node:internal/streams/writable:572:12)
    at _write (node:internal/streams/writable:501:10)
    at Writable.write (node:internal/streams/writable:510:10)
    at Console.log (/usr/local/lib/node_modules/firebase-tools/node_modules/winston/lib/winston/transports/console.js:87:23)
    at Console._write (/usr/local/lib/node_modules/firebase-tools/node_modules/winston-transport/modern.js:103:17)
    at doWrite (/usr/local/lib/node_modules/firebase-tools/node_modules/winston-transport/node_modules/readable-stream/lib/_stream_writable.js:390:139)
[error] 
[error] Error: An unexpected error has occurred.
[debug] [2026-09-13T14:31:29.808Z] Error: write EIO
    at afterWriteDispatched (node:internal/stream_base_commons:159:15)
    at writeGeneric (node:internal/stream_base_commons:150:3)
    at Socket._writeGeneric (node:net:966:11)
    at Socket._write (node:net:978:8)
    at writeOrBuffer (node:internal/streams/writable:572:12)
    at _write (node:internal/streams/writable:501:10)
    at Writable.write (node:internal/streams/writable:510:10)
    at Console.log (/usr/local/lib/node_modules/firebase-tools/node_modules/winston/lib/winston/transports/console.js:87:23)
    at Console._write (/usr/local/lib/node_modules/firebase-tools/node_modules/winston-transport/modern.js:103:17)
    at doWrite (/usr/local/lib/node_modules/firebase-tools/node_modules/winston-transport/node_modules/readable-stream/lib/_stream_writable.js:390:139)
[error] 
[error] Error: An unexpected error has occurred.
[debug] [2026-09-13T14:31:29.808Z] Error: write EIO
    at afterWriteDispatched (node:internal/stream_base_commons:159:15)
    at writeGeneric (node:internal/stream_base_commons:150:3)
    at Socket._writeGeneric (node:net:966:11)
    at Socket._write (node:net:978:8)
    at writeOrBuffer (node:internal/streams/writable:572:12)
    at _write (node:internal/streams/writable:501:10)
    at Writable.write (node:internal/streams/writable:510:10)
    at Console.log (/usr/local/lib/node_modules/firebase-tools/node_modules/winston/lib/winston/transports/console.js:87:23)
    at Console._write (/usr/local/lib/node_modules/firebase-tools/node_modules/winston-transport/modern.js:103:17)
    at doWrite (/usr/local/lib/node_modules/firebase-tools/node_modules/winston-transport/node_modules/readable-stream/lib/_stream_writable.js:390:139)
[error] 
[error] Error: An unexpected error has occurred.
[debug] [2026-09-13T14:31:29.809Z] Error: write EIO
    at afterWriteDispatched (node:internal/stream_base_commons:159:15)
    at writeGeneric (node:internal/stream_base_commons:150:3)
    at Socket._writeGeneric (node:net:966:11)
    at Socket._write (node:net:978:8)
    at writeOrBuffer (node:internal/streams/writable:572:12)
    at _write (node:internal/streams/writable:501:10)
    at Writable.write (node:internal/streams/writable:510:10)
    at Console.log (/usr/local/lib/node_modules/firebase-tools/node_modules/winston/lib/winston/transports/console.js:87:23)
    at Console._write (/usr/local/lib/node_modules/firebase-tools/node_modules/winston-transport/modern.js:103:17)
    at doWrite (/usr/local/lib/node_modules/firebase-tools/node_modules/winston-transport/node_modules/readable-stream/lib/_stream_writable.js:390:139)
[error] 
[error] Error: An unexpected error has occurred.
[debug] [2026-09-13T14:31:29.809Z] Error: write EIO
    at afterWriteDispatched (node:internal/stream_base_commons:159:15)
    at writeGeneric (node:internal/stream_base_commons:150:3)
    at Socket._writeGeneric (node:net:966:11)
    at Socket._write (node:net:978:8)
    at writeOrBuffer (node:internal/streams/writable:572:12)
    at _write (node:internal/streams/writable:501:10)
    at Writable.write (node:internal/streams/writable:510:10)
    at Console.log (/usr/local/lib/node_modules/firebase-tools/node_modules/winston/lib/winston/transports/console.js:87:23)
    at Console._write (/usr/local/lib/node_modules/firebase-tools/node_modules/winston-transport/modern.js:103:17)
    at doWrite (/usr/local/lib/node_modules/firebase-tools/node_modules/winston-transport/node_modules/readable-stream/lib/_stream_writable.js:390:139)
[error] 
[error] Error: An unexpected error has occurred.
[debug] [2026-09-13T14:31:29.809Z] Error: write EIO
    at afterWriteDispatched (node:internal/stream_base_commons:159:15)
    at writeGeneric (node:internal/stream_base_commons:150:3)
    at Socket._writeGeneric (node:net:966:11)
    at Socket._write (node:net:978:8)
    at writeOrBuffer (node:internal/streams/writable:572:12)
    at _write (node:internal/streams/writable:501:10)
    at Writable.write (node:internal/streams/writable:510:10)
    at Console.log (/usr/local/lib/node_modules/firebase-tools/node_modules/winston/lib/winston/transports/console.js:87:23)
    at Console._write (/usr/local/lib/node_modules/firebase-tools/node_modules/winston-transport/modern.js:103:17)
    at doWrite (/usr/local/lib/node_modules/firebase-tools/node_modules/winston-transport/node_modules/readable-stream/lib/_stream_writable.js:390:139)
[error] 
[error] Error: An unexpected error has occurred.
[debug] [2026-09-13T14:31:29.810Z] Error: write EIO
    at afterWriteDispatched (node:internal/stream_base_commons:159:15)
    at writeGeneric (node:internal/stream_base_commons:150:3)
    at Socket._writeGeneric (node:net:966:11)
    at Socket._write (node:net:978:8)
    at writeOrBuffer (node:internal/streams/writable:572:12)
    at _write (node:internal/streams/writable:501:10)
    at Writable.write (node:internal/streams/writable:510:10)
    at Console.log (/usr/local/lib/node_modules/firebase-tools/node_modules/winston/lib/winston/transports/console.js:87:23)
    at Console._write (/usr/local/lib/node_modules/firebase-tools/node_modules/winston-transport/modern.js:103:17)
    at doWrite (/usr/local/lib/node_modules/firebase-tools/node_modules/winston-transport/node_modules/readable-stream/lib/_stream_writable.js:390:139)
[error] 
[error] Error: An unexpected error has occurred.
[debug] [2026-09-13T14:31:29.811Z] Error: write EIO
    at afterWriteDispatched (node:internal/stream_base_commons:159:15)
    at writeGeneric (node:internal/stream_base_commons:150:3)
    at Socket._writeGeneric (node:net:966:11)
    at Socket._write (node:net:978:8)
    at writeOrBuffer (node:internal/streams/writable:572:12)
    at _write (node:internal/streams/writable:501:10)
    at Writable.write (node:internal/streams/writable:510:10)
    at Console.log (/usr/local/lib/node_modules/firebase-tools/node_modules/winston/lib/winston/transports/console.js:87:23)
    at Console._write (/usr/local/lib/node_modules/firebase-tools/node_modules/winston-transport/modern.js:103:17)
    at doWrite (/usr/local/lib/node_modules/firebase-tools/node_modules/winston-transport/node_modules/readable-stream/lib/_stream_writable.js:390:139)
[error] 
[error] Error: An unexpected error has occurred.
[debug] [2026-09-13T14:31:29.811Z] Error: write EIO
    at afterWriteDispatched (node:internal/stream_base_commons:159:15)
    at writeGeneric (node:internal/stream_base_commons:150:3)
    at Socket._writeGeneric (node:net:966:11)
    at Socket._write (node:net:978:8)
    at writeOrBuffer (node:internal/streams/writable:572:12)
    at _write (node:internal/streams/writable:501:10)
    at Writable.write (node:internal/streams/writable:510:10)
    at Console.log (/usr/local/lib/node_modules/firebase-tools/node_modules/winston/lib/winston/transports/console.js:87:23)
    at Console._write (/usr/local/lib/node_modules/firebase-tools/node_modules/winston-transport/modern.js:103:17)
    at doWrite (/usr/local/lib/node_modules/firebase-tools/node_modules/winston-transport/node_modules/readable-stream/lib/_stream_writable.js:390:139)
[error] 
[error] Error: An unexpected error has occurred.
[debug] [2026-09-13T14:31:29.812Z] Error: write EIO
    at afterWriteDispatched (node:internal/stream_base_commons:159:15)
    at writeGeneric (node:internal/stream_base_commons:150:3)
    at Socket._writeGeneric (node:net:966:11)
    at Socket._write (node:net:978:8)
    at writeOrBuffer (node:internal/streams/writable:572:12)
    at _write (node:internal/streams/writable:501:10)
    at Writable.write (node:internal/streams/writable:510:10)
    at Console.log (/usr/local/lib/node_modules/firebase-tools/node_modules/winston/lib/winston/transports/console.js:87:23)
    at Console._write (/usr/local/lib/node_modules/firebase-tools/node_modules/winston-transport/modern.js:103:17)
    at doWrite (/usr/local/lib/node_modules/firebase-tools/node_modules/winston-transport/node_modules/readable-stream/lib/_stream_writable.js:390:139)
[error] 
[error] Error: An unexpected error has occurred.
[debug] [2026-09-13T14:31:29.813Z] *** shutting down gRPC server since JVM is shutting down
 {"metadata":{"emulator":{"name":"firestore"},"message":"*** shutting down gRPC server since JVM is shutting down\n"}}
[debug] [2026-09-13T14:31:29.815Z] Error: write EIO
    at afterWriteDispatched (node:internal/stream_base_commons:159:15)
    at writeGeneric (node:internal/stream_base_commons:150:3)
    at Socket._writeGeneric (node:net:966:11)
    at Socket._write (node:net:978:8)
    at writeOrBuffer (node:internal/streams/writable:572:12)
    at _write (node:internal/streams/writable:501:10)
    at Writable.write (node:internal/streams/writable:510:10)
    at Console.log (/usr/local/lib/node_modules/firebase-tools/node_modules/winston/lib/winston/transports/console.js:87:23)
    at Console._write (/usr/local/lib/node_modules/firebase-tools/node_modules/winston-transport/modern.js:103:17)
    at doWrite (/usr/local/lib/node_modules/firebase-tools/node_modules/winston-transport/node_modules/readable-stream/lib/_stream_writable.js:390:139)
[error] 
[error] Error: An unexpected error has occurred.
[debug] [2026-09-13T14:31:29.815Z] Error: write EIO
    at afterWriteDispatched (node:internal/stream_base_commons:159:15)
    at writeGeneric (node:internal/stream_base_commons:150:3)
    at Socket._writeGeneric (node:net:966:11)
    at Socket._write (node:net:978:8)
    at writeOrBuffer (node:internal/streams/writable:572:12)
    at _write (node:internal/streams/writable:501:10)
    at Writable.write (node:internal/streams/writable:510:10)
    at Console.log (/usr/local/lib/node_modules/firebase-tools/node_modules/winston/lib/winston/transports/console.js:87:23)
    at Console._write (/usr/local/lib/node_modules/firebase-tools/node_modules/winston-transport/modern.js:103:17)
    at doWrite (/usr/local/lib/node_modules/firebase-tools/node_modules/winston-transport/node_modules/readable-stream/lib/_stream_writable.js:390:139)
[error] 
[error] Error: An unexpected error has occurred.
[debug] [2026-09-13T14:31:29.816Z] Error: write EIO
    at afterWriteDispatched (node:internal/stream_base_commons:159:15)
    at writeGeneric (node:internal/stream_base_commons:150:3)
    at Socket._writeGeneric (node:net:966:11)
    at Socket._write (node:net:978:8)
    at writeOrBuffer (node:internal/streams/writable:572:12)
    at _write (node:internal/streams/writable:501:10)
    at Writable.write (node:internal/streams/writable:510:10)
    at Console.log (/usr/local/lib/node_modules/firebase-tools/node_modules/winston/lib/winston/transports/console.js:87:23)
    at Console._write (/usr/local/lib/node_modules/firebase-tools/node_modules/winston-transport/modern.js:103:17)
    at doWrite (/usr/local/lib/node_modules/firebase-tools/node_modules/winston-transport/node_modules/readable-stream/lib/_stream_writable.js:390:139)
[error] 
[error] Error: An unexpected error has occurred.
[debug] [2026-09-13T14:31:29.816Z] Error: write EIO
    at afterWriteDispatched (node:internal/stream_base_commons:159:15)
    at writeGeneric (node:internal/stream_base_commons:150:3)
    at Socket._writeGeneric (node:net:966:11)
    at Socket._write (node:net:978:8)
    at writeOrBuffer (node:internal/streams/writable:572:12)
    at _write (node:internal/streams/writable:501:10)
    at Writable.write (node:internal/streams/writable:510:10)
    at Console.log (/usr/local/lib/node_modules/firebase-tools/node_modules/winston/lib/winston/transports/console.js:87:23)
    at Console._write (/usr/local/lib/node_modules/firebase-tools/node_modules/winston-transport/modern.js:103:17)
    at doWrite (/usr/local/lib/node_modules/firebase-tools/node_modules/winston-transport/node_modules/readable-stream/lib/_stream_writable.js:390:139)
[error] 
[error] Error: An unexpected error has occurred.
[debug] [2026-09-13T14:31:29.816Z] Error: write EIO
    at afterWriteDispatched (node:internal/stream_base_commons:159:15)
    at writeGeneric (node:internal/stream_base_commons:150:3)
    at Socket._writeGeneric (node:net:966:11)
    at Socket._write (node:net:978:8)
    at writeOrBuffer (node:internal/streams/writable:572:12)
    at _write (node:internal/streams/writable:501:10)
    at Writable.write (node:internal/streams/writable:510:10)
    at Console.log (/usr/local/lib/node_modules/firebase-tools/node_modules/winston/lib/winston/transports/console.js:87:23)
    at Console._write (/usr/local/lib/node_modules/firebase-tools/node_modules/winston-transport/modern.js:103:17)
    at doWrite (/usr/local/lib/node_modules/firebase-tools/node_modules/winston-transport/node_modules/readable-stream/lib/_stream_writable.js:390:139)
[error] 
[error] Error: An unexpected error has occurred.
[debug] [2026-09-13T14:31:29.817Z] Error: write EIO
    at afterWriteDispatched (node:internal/stream_base_commons:159:15)
    at writeGeneric (node:internal/stream_base_commons:150:3)
    at Socket._writeGeneric (node:net:966:11)
    at Socket._write (node:net:978:8)
    at writeOrBuffer (node:internal/streams/writable:572:12)
    at _write (node:internal/streams/writable:501:10)
    at Writable.write (node:internal/streams/writable:510:10)
    at Console.log (/usr/local/lib/node_modules/firebase-tools/node_modules/winston/lib/winston/transports/console.js:87:23)
    at Console._write (/usr/local/lib/node_modules/firebase-tools/node_modules/winston-transport/modern.js:103:17)
    at doWrite (/usr/local/lib/node_modules/firebase-tools/node_modules/winston-transport/node_modules/readable-stream/lib/_stream_writable.js:390:139)
[error] 
[error] Error: An unexpected error has occurred.
[debug] [2026-09-13T14:31:29.818Z] Error: write EIO
    at afterWriteDispatched (node:internal/stream_base_commons:159:15)
    at writeGeneric (node:internal/stream_base_commons:150:3)
    at Socket._writeGeneric (node:net:966:11)
    at Socket._write (node:net:978:8)
    at writeOrBuffer (node:internal/streams/writable:572:12)
    at _write (node:internal/streams/writable:501:10)
    at Writable.write (node:internal/streams/writable:510:10)
    at Console.log (/usr/local/lib/node_modules/firebase-tools/node_modules/winston/lib/winston/transports/console.js:87:23)
    at Console._write (/usr/local/lib/node_modules/firebase-tools/node_modules/winston-transport/modern.js:103:17)
    at doWrite (/usr/local/lib/node_modules/firebase-tools/node_modules/winston-transport/node_modules/readable-stream/lib/_stream_writable.js:390:139)
[error] 
[error] Error: An unexpected error has occurred.
[debug] [2026-09-13T14:31:29.818Z] Error: write EIO
    at afterWriteDispatched (node:internal/stream_base_commons:159:15)
    at writeGeneric (node:internal/stream_base_commons:150:3)
    at Socket._writeGeneric (node:net:966:11)
    at Socket._write (node:net:978:8)
    at writeOrBuffer (node:internal/streams/writable:572:12)
    at _write (node:internal/streams/writable:501:10)
    at Writable.write (node:internal/streams/writable:510:10)
    at Console.log (/usr/local/lib/node_modules/firebase-tools/node_modules/winston/lib/winston/transports/console.js:87:23)
    at Console._write (/usr/local/lib/node_modules/firebase-tools/node_modules/winston-transport/modern.js:103:17)
    at doWrite (/usr/local/lib/node_modules/firebase-tools/node_modules/winston-transport/node_modules/readable-stream/lib/_stream_writable.js:390:139)
[error] 
[error] Error: An unexpected error has occurred.
[debug] [2026-09-13T14:31:29.819Z] Error: write EIO
    at afterWriteDispatched (node:internal/stream_base_commons:159:15)
    at writeGeneric (node:internal/stream_base_commons:150:3)
    at Socket._writeGeneric (node:net:966:11)
    at Socket._write (node:net:978:8)
    at writeOrBuffer (node:internal/streams/writable:572:12)
    at _write (node:internal/streams/writable:501:10)
    at Writable.write (node:internal/streams/writable:510:10)
    at Console.log (/usr/local/lib/node_modules/firebase-tools/node_modules/winston/lib/winston/transports/console.js:87:23)
    at Console._write (/usr/local/lib/node_modules/firebase-tools/node_modules/winston-transport/modern.js:103:17)
    at doWrite (/usr/local/lib/node_modules/firebase-tools/node_modules/winston-transport/node_modules/readable-stream/lib/_stream_writable.js:390:139)
[error] 
[error] Error: An unexpected error has occurred.
[debug] [2026-09-13T14:31:29.821Z] Error: write EIO
    at afterWriteDispatched (node:internal/stream_base_commons:159:15)
    at writeGeneric (node:internal/stream_base_commons:150:3)
    at Socket._writeGeneric (node:net:966:11)
    at Socket._write (node:net:978:8)
    at writeOrBuffer (node:internal/streams/writable:572:12)
    at _write (node:internal/streams/writable:501:10)
    at Writable.write (node:internal/streams/writable:510:10)
    at Console.log (/usr/local/lib/node_modules/firebase-tools/node_modules/winston/lib/winston/transports/console.js:87:23)
    at Console._write (/usr/local/lib/node_modules/firebase-tools/node_modules/winston-transport/modern.js:103:17)
    at doWrite (/usr/local/lib/node_modules/firebase-tools/node_modules/winston-transport/node_modules/readable-stream/lib/_stream_writable.js:390:139)
[error] 
[error] Error: An unexpected error has occurred.
[debug] [2026-09-13T14:31:29.821Z] Error: write EIO
    at afterWriteDispatched (node:internal/stream_base_commons:159:15)
    at writeGeneric (node:internal/stream_base_commons:150:3)
    at Socket._writeGeneric (node:net:966:11)
    at Socket._write (node:net:978:8)
    at writeOrBuffer (node:internal/streams/writable:572:12)
    at _write (node:internal/streams/writable:501:10)
    at Writable.write (node:internal/streams/writable:510:10)
    at Console.log (/usr/local/lib/node_modules/firebase-tools/node_modules/winston/lib/winston/transports/console.js:87:23)
    at Console._write (/usr/local/lib/node_modules/firebase-tools/node_modules/winston-transport/modern.js:103:17)
    at doWrite (/usr/local/lib/node_modules/firebase-tools/node_modules/winston-transport/node_modules/readable-stream/lib/_stream_writable.js:390:139)
[error] 
[error] Error: An unexpected error has occurred.
[debug] [2026-09-13T14:31:29.822Z] Error: write EIO
    at afterWriteDispatched (node:internal/stream_base_commons:159:15)
    at writeGeneric (node:internal/stream_base_commons:150:3)
    at Socket._writeGeneric (node:net:966:11)
    at Socket._write (node:net:978:8)
    at writeOrBuffer (node:internal/streams/writable:572:12)
    at _write (node:internal/streams/writable:501:10)
    at Writable.write (node:internal/streams/writable:510:10)
    at Console.log (/usr/local/lib/node_modules/firebase-tools/node_modules/winston/lib/winston/transports/console.js:87:23)
    at Console._write (/usr/local/lib/node_modules/firebase-tools/node_modules/winston-transport/modern.js:103:17)
    at doWrite (/usr/local/lib/node_modules/firebase-tools/node_modules/winston-transport/node_modules/readable-stream/lib/_stream_writable.js:390:139)
[error] 
[error] Error: An unexpected error has occurred.
[debug] [2026-09-13T14:31:29.822Z] Error: write EIO
    at afterWriteDispatched (node:internal/stream_base_commons:159:15)
    at writeGeneric (node:internal/stream_base_commons:150:3)
    at Socket._writeGeneric (node:net:966:11)
    at Socket._write (node:net:978:8)
    at writeOrBuffer (node:internal/streams/writable:572:12)
    at _write (node:internal/streams/writable:501:10)
    at Writable.write (node:internal/streams/writable:510:10)
    at Console.log (/usr/local/lib/node_modules/firebase-tools/node_modules/winston/lib/winston/transports/console.js:87:23)
    at Console._write (/usr/local/lib/node_modules/firebase-tools/node_modules/winston-transport/modern.js:103:17)
    at doWrite (/usr/local/lib/node_modules/firebase-tools/node_modules/winston-transport/node_modules/readable-stream/lib/_stream_writable.js:390:139)
[error] 
[error] Error: An unexpected error has occurred.
[debug] [2026-09-13T14:31:29.822Z] Error: write EIO
    at afterWriteDispatched (node:internal/stream_base_commons:159:15)
    at writeGeneric (node:internal/stream_base_commons:150:3)
    at Socket._writeGeneric (node:net:966:11)
    at Socket._write (node:net:978:8)
    at writeOrBuffer (node:internal/streams/writable:572:12)
    at _write (node:internal/streams/writable:501:10)
    at Writable.write (node:internal/streams/writable:510:10)
    at Console.log (/usr/local/lib/node_modules/firebase-tools/node_modules/winston/lib/winston/transports/console.js:87:23)
    at Console._write (/usr/local/lib/node_modules/firebase-tools/node_modules/winston-transport/modern.js:103:17)
    at doWrite (/usr/local/lib/node_modules/firebase-tools/node_modules/winston-transport/node_modules/readable-stream/lib/_stream_writable.js:390:139)
[error] 
[error] Error: An unexpected error has occurred.
[debug] [2026-09-13T14:31:29.822Z] Error: write EIO
    at afterWriteDispatched (node:internal/stream_base_commons:159:15)
    at writeGeneric (node:internal/stream_base_commons:150:3)
    at Socket._writeGeneric (node:net:966:11)
    at Socket._write (node:net:978:8)
    at writeOrBuffer (node:internal/streams/writable:572:12)
    at _write (node:internal/streams/writable:501:10)
    at Writable.write (node:internal/streams/writable:510:10)
    at Console.log (/usr/local/lib/node_modules/firebase-tools/node_modules/winston/lib/winston/transports/console.js:87:23)
    at Console._write (/usr/local/lib/node_modules/firebase-tools/node_modules/winston-transport/modern.js:103:17)
    at doWrite (/usr/local/lib/node_modules/firebase-tools/node_modules/winston-transport/node_modules/readable-stream/lib/_stream_writable.js:390:139)
[error] 
[error] Error: An unexpected error has occurred.
[debug] [2026-09-13T14:31:29.823Z] Error: write EIO
    at afterWriteDispatched (node:internal/stream_base_commons:159:15)
    at writeGeneric (node:internal/stream_base_commons:150:3)
    at Socket._writeGeneric (node:net:966:11)
    at Socket._write (node:net:978:8)
    at writeOrBuffer (node:internal/streams/writable:572:12)
    at _write (node:internal/streams/writable:501:10)
    at Writable.write (node:internal/streams/writable:510:10)
    at Console.log (/usr/local/lib/node_modules/firebase-tools/node_modules/winston/lib/winston/transports/console.js:87:23)
    at Console._write (/usr/local/lib/node_modules/firebase-tools/node_modules/winston-transport/modern.js:103:17)
    at doWrite (/usr/local/lib/node_modules/firebase-tools/node_modules/winston-transport/node_modules/readable-stream/lib/_stream_writable.js:390:139)
[error] 
[error] Error: An unexpected error has occurred.
[debug] [2026-09-13T14:31:29.823Z] Error: write EIO
    at afterWriteDispatched (node:internal/stream_base_commons:159:15)
    at writeGeneric (node:internal/stream_base_commons:150:3)
    at Socket._writeGeneric (node:net:966:11)
    at Socket._write (node:net:978:8)
    at writeOrBuffer (node:internal/streams/writable:572:12)
    at _write (node:internal/streams/writable:501:10)
    at Writable.write (node:internal/streams/writable:510:10)
    at Console.log (/usr/local/lib/node_modules/firebase-tools/node_modules/winston/lib/winston/transports/console.js:87:23)
    at Console._write (/usr/local/lib/node_modules/firebase-tools/node_modules/winston-transport/modern.js:103:17)
    at doWrite (/usr/local/lib/node_modules/firebase-tools/node_modules/winston-transport/node_modules/readable-stream/lib/_stream_writable.js:390:139)
[error] 
[error] Error: An unexpected error has occurred.
[debug] [2026-09-13T14:31:29.823Z] Error: write EIO
    at afterWriteDispatched (node:internal/stream_base_commons:159:15)
    at writeGeneric (node:internal/stream_base_commons:150:3)
    at Socket._writeGeneric (node:net:966:11)
    at Socket._write (node:net:978:8)
    at writeOrBuffer (node:internal/streams/writable:572:12)
    at _write (node:internal/streams/writable:501:10)
    at Writable.write (node:internal/streams/writable:510:10)
    at Console.log (/usr/local/lib/node_modules/firebase-tools/node_modules/winston/lib/winston/transports/console.js:87:23)
    at Console._write (/usr/local/lib/node_modules/firebase-tools/node_modules/winston-transport/modern.js:103:17)
    at doWrite (/usr/local/lib/node_modules/firebase-tools/node_modules/winston-transport/node_modules/readable-stream/lib/_stream_writable.js:390:139)
[error] 
[error] Error: An unexpected error has occurred.
[debug] [2026-09-13T14:31:29.824Z] Error: write EIO
    at afterWriteDispatched (node:internal/stream_base_commons:159:15)
    at writeGeneric (node:internal/stream_base_commons:150:3)
    at Socket._writeGeneric (node:net:966:11)
    at Socket._write (node:net:978:8)
    at writeOrBuffer (node:internal/streams/writable:572:12)
    at _write (node:internal/streams/writable:501:10)
    at Writable.write (node:internal/streams/writable:510:10)
    at Console.log (/usr/local/lib/node_modules/firebase-tools/node_modules/winston/lib/winston/transports/console.js:87:23)
    at Console._write (/usr/local/lib/node_modules/firebase-tools/node_modules/winston-transport/modern.js:103:17)
    at doWrite (/usr/local/lib/node_modules/firebase-tools/node_modules/winston-transport/node_modules/readable-stream/lib/_stream_writable.js:390:139)
[error] 
[error] Error: An unexpected error has occurred.
[debug] [2026-09-13T14:31:29.824Z] Error: write EIO
    at afterWriteDispatched (node:internal/stream_base_commons:159:15)
    at writeGeneric (node:internal/stream_base_commons:150:3)
    at Socket._writeGeneric (node:net:966:11)
    at Socket._write (node:net:978:8)
    at writeOrBuffer (node:internal/streams/writable:572:12)
    at _write (node:internal/streams/writable:501:10)
    at Writable.write (node:internal/streams/writable:510:10)
    at Console.log (/usr/local/lib/node_modules/firebase-tools/node_modules/winston/lib/winston/transports/console.js:87:23)
    at Console._write (/usr/local/lib/node_modules/firebase-tools/node_modules/winston-transport/modern.js:103:17)
    at doWrite (/usr/local/lib/node_modules/firebase-tools/node_modules/winston-transport/node_modules/readable-stream/lib/_stream_writable.js:390:139)
[error] 
[error] Error: An unexpected error has occurred.
[debug] [2026-09-13T14:31:29.824Z] Error: write EIO
    at afterWriteDispatched (node:internal/stream_base_commons:159:15)
    at writeGeneric (node:internal/stream_base_commons:150:3)
    at Socket._writeGeneric (node:net:966:11)
    at Socket._write (node:net:978:8)
    at writeOrBuffer (node:internal/streams/writable:572:12)
    at _write (node:internal/streams/writable:501:10)
    at Writable.write (node:internal/streams/writable:510:10)
    at Console.log (/usr/local/lib/node_modules/firebase-tools/node_modules/winston/lib/winston/transports/console.js:87:23)
    at Console._write (/usr/local/lib/node_modules/firebase-tools/node_modules/winston-transport/modern.js:103:17)
    at doWrite (/usr/local/lib/node_modules/firebase-tools/node_modules/winston-transport/node_modules/readable-stream/lib/_stream_writable.js:390:139)
[error] 
[error] Error: An unexpected error has occurred.
[debug] [2026-09-13T14:31:29.824Z] Error: write EIO
    at afterWriteDispatched (node:internal/stream_base_commons:159:15)
    at writeGeneric (node:internal/stream_base_commons:150:3)
    at Socket._writeGeneric (node:net:966:11)
    at Socket._write (node:net:978:8)
    at writeOrBuffer (node:internal/streams/writable:572:12)
    at _write (node:internal/streams/writable:501:10)
    at Writable.write (node:internal/streams/writable:510:10)
    at Console.log (/usr/local/lib/node_modules/firebase-tools/node_modules/winston/lib/winston/transports/console.js:87:23)
    at Console._write (/usr/local/lib/node_modules/firebase-tools/node_modules/winston-transport/modern.js:103:17)
    at doWrite (/usr/local/lib/node_modules/firebase-tools/node_modules/winston-transport/node_modules/readable-stream/lib/_stream_writable.js:390:139)
[error] 
[error] Error: An unexpected error has occurred.
[debug] [2026-09-13T14:31:29.825Z] Error: write EIO
    at afterWriteDispatched (node:internal/stream_base_commons:159:15)
    at writeGeneric (node:internal/stream_base_commons:150:3)
    at Socket._writeGeneric (node:net:966:11)
    at Socket._write (node:net:978:8)
    at writeOrBuffer (node:internal/streams/writable:572:12)
    at _write (node:internal/streams/writable:501:10)
    at Writable.write (node:internal/streams/writable:510:10)
    at Console.log (/usr/local/lib/node_modules/firebase-tools/node_modules/winston/lib/winston/transports/console.js:87:23)
    at Console._write (/usr/local/lib/node_modules/firebase-tools/node_modules/winston-transport/modern.js:103:17)
    at doWrite (/usr/local/lib/node_modules/firebase-tools/node_modules/winston-transport/node_modules/readable-stream/lib/_stream_writable.js:390:139)
[error] 
[error] Error: An unexpected error has occurred.
[debug] [2026-09-13T14:31:29.825Z] Error: write EIO
    at afterWriteDispatched (node:internal/stream_base_commons:159:15)
    at writeGeneric (node:internal/stream_base_commons:150:3)
    at Socket._writeGeneric (node:net:966:11)
    at Socket._write (node:net:978:8)
    at writeOrBuffer (node:internal/streams/writable:572:12)
    at _write (node:internal/streams/writable:501:10)
    at Writable.write (node:internal/streams/writable:510:10)
    at Console.log (/usr/local/lib/node_modules/firebase-tools/node_modules/winston/lib/winston/transports/console.js:87:23)
    at Console._write (/usr/local/lib/node_modules/firebase-tools/node_modules/winston-transport/modern.js:103:17)
    at doWrite (/usr/local/lib/node_modules/firebase-tools/node_modules/winston-transport/node_modules/readable-stream/lib/_stream_writable.js:390:139)
[error] 
[error] Error: An unexpected error has occurred.
[debug] [2026-09-13T14:31:29.825Z] Error: write EIO
    at afterWriteDispatched (node:internal/stream_base_commons:159:15)
    at writeGeneric (node:internal/stream_base_commons:150:3)
    at Socket._writeGeneric (node:net:966:11)
    at Socket._write (node:net:978:8)
    at writeOrBuffer (node:internal/streams/writable:572:12)
    at _write (node:internal/streams/writable:501:10)
    at Writable.write (node:internal/streams/writable:510:10)
    at Console.log (/usr/local/lib/node_modules/firebase-tools/node_modules/winston/lib/winston/transports/console.js:87:23)
    at Console._write (/usr/local/lib/node_modules/firebase-tools/node_modules/winston-transport/modern.js:103:17)
    at doWrite (/usr/local/lib/node_modules/firebase-tools/node_modules/winston-transport/node_modules/readable-stream/lib/_stream_writable.js:390:139)
[error] 
[error] Error: An unexpected error has occurred.
[debug] [2026-09-13T14:31:29.826Z] Error: write EIO
    at afterWriteDispatched (node:internal/stream_base_commons:159:15)
    at writeGeneric (node:internal/stream_base_commons:150:3)
    at Socket._writeGeneric (node:net:966:11)
    at Socket._write (node:net:978:8)
    at writeOrBuffer (node:internal/streams/writable:572:12)
    at _write (node:internal/streams/writable:501:10)
    at Writable.write (node:internal/streams/writable:510:10)
    at Console.log (/usr/local/lib/node_modules/firebase-tools/node_modules/winston/lib/winston/transports/console.js:87:23)
    at Console._write (/usr/local/lib/node_modules/firebase-tools/node_modules/winston-transport/modern.js:103:17)
    at doWrite (/usr/local/lib/node_modules/firebase-tools/node_modules/winston-transport/node_modules/readable-stream/lib/_stream_writable.js:390:139)
[error] 
[error] Error: An unexpected error has occurred.
[debug] [2026-09-13T14:31:29.826Z] Error: write EIO
    at afterWriteDispatched (node:internal/stream_base_commons:159:15)
    at writeGeneric (node:internal/stream_base_commons:150:3)
    at Socket._writeGeneric (node:net:966:11)
    at Socket._write (node:net:978:8)
    at writeOrBuffer (node:internal/streams/writable:572:12)
    at _write (node:internal/streams/writable:501:10)
    at Writable.write (node:internal/streams/writable:510:10)
    at Console.log (/usr/local/lib/node_modules/firebase-tools/node_modules/winston/lib/winston/transports/console.js:87:23)
    at Console._write (/usr/local/lib/node_modules/firebase-tools/node_modules/winston-transport/modern.js:103:17)
    at doWrite (/usr/local/lib/node_modules/firebase-tools/node_modules/winston-transport/node_modules/readable-stream/lib/_stream_writable.js:390:139)
[error] 
[error] Error: An unexpected error has occurred.
[debug] [2026-09-13T14:31:29.827Z] Error: write EIO
    at afterWriteDispatched (node:internal/stream_base_commons:159:15)
    at writeGeneric (node:internal/stream_base_commons:150:3)
    at Socket._writeGeneric (node:net:966:11)
    at Socket._write (node:net:978:8)
    at writeOrBuffer (node:internal/streams/writable:572:12)
    at _write (node:internal/streams/writable:501:10)
    at Writable.write (node:internal/streams/writable:510:10)
    at Console.log (/usr/local/lib/node_modules/firebase-tools/node_modules/winston/lib/winston/transports/console.js:87:23)
    at Console._write (/usr/local/lib/node_modules/firebase-tools/node_modules/winston-transport/modern.js:103:17)
    at doWrite (/usr/local/lib/node_modules/firebase-tools/node_modules/winston-transport/node_modules/readable-stream/lib/_stream_writable.js:390:139)
[error] 
[error] Error: An unexpected error has occurred.
[debug] [2026-09-13T14:31:29.827Z] Error: write EIO
    at afterWriteDispatched (node:internal/stream_base_commons:159:15)
    at writeGeneric (node:internal/stream_base_commons:150:3)
    at Socket._writeGeneric (node:net:966:11)
    at Socket._write (node:net:978:8)
    at writeOrBuffer (node:internal/streams/writable:572:12)
    at _write (node:internal/streams/writable:501:10)
    at Writable.write (node:internal/streams/writable:510:10)
    at Console.log (/usr/local/lib/node_modules/firebase-tools/node_modules/winston/lib/winston/transports/console.js:87:23)
    at Console._write (/usr/local/lib/node_modules/firebase-tools/node_modules/winston-transport/modern.js:103:17)
    at doWrite (/usr/local/lib/node_modules/firebase-tools/node_modules/winston-transport/node_modules/readable-stream/lib/_stream_writable.js:390:139)
[error] 
[error] Error: An unexpected error has occurred.
[debug] [2026-09-13T14:31:29.828Z] Error: write EIO
    at afterWriteDispatched (node:internal/stream_base_commons:159:15)
    at writeGeneric (node:internal/stream_base_commons:150:3)
    at Socket._writeGeneric (node:net:966:11)
    at Socket._write (node:net:978:8)
    at writeOrBuffer (node:internal/streams/writable:572:12)
    at _write (node:internal/streams/writable:501:10)
    at Writable.write (node:internal/streams/writable:510:10)
    at Console.log (/usr/local/lib/node_modules/firebase-tools/node_modules/winston/lib/winston/transports/console.js:87:23)
    at Console._write (/usr/local/lib/node_modules/firebase-tools/node_modules/winston-transport/modern.js:103:17)
    at doWrite (/usr/local/lib/node_modules/firebase-tools/node_modules/winston-transport/node_modules/readable-stream/lib/_stream_writable.js:390:139)
[error] 
[error] Error: An unexpected error has occurred.
[debug] [2026-09-13T14:31:29.829Z] Error: write EIO
    at afterWriteDispatched (node:internal/stream_base_commons:159:15)
    at writeGeneric (node:internal/stream_base_commons:150:3)
    at Socket._writeGeneric (node:net:966:11)
    at Socket._write (node:net:978:8)
    at writeOrBuffer (node:internal/streams/writable:572:12)
    at _write (node:internal/streams/writable:501:10)
    at Writable.write (node:internal/streams/writable:510:10)
    at Console.log (/usr/local/lib/node_modules/firebase-tools/node_modules/winston/lib/winston/transports/console.js:87:23)
    at Console._write (/usr/local/lib/node_modules/firebase-tools/node_modules/winston-transport/modern.js:103:17)
    at doWrite (/usr/local/lib/node_modules/firebase-tools/node_modules/winston-transport/node_modules/readable-stream/lib/_stream_writable.js:390:139)
[error] 
[error] Error: An unexpected error has occurred.
[debug] [2026-09-13T14:31:29.829Z] Error: write EIO
    at afterWriteDispatched (node:internal/stream_base_commons:159:15)
    at writeGeneric (node:internal/stream_base_commons:150:3)
    at Socket._writeGeneric (node:net:966:11)
    at Socket._write (node:net:978:8)
    at writeOrBuffer (node:internal/streams/writable:572:12)
    at _write (node:internal/streams/writable:501:10)
    at Writable.write (node:internal/streams/writable:510:10)
    at Console.log (/usr/local/lib/node_modules/firebase-tools/node_modules/winston/lib/winston/transports/console.js:87:23)
    at Console._write (/usr/local/lib/node_modules/firebase-tools/node_modules/winston-transport/modern.js:103:17)
    at doWrite (/usr/local/lib/node_modules/firebase-tools/node_modules/winston-transport/node_modules/readable-stream/lib/_stream_writable.js:390:139)
[error] 
[error] Error: An unexpected error has occurred.
[debug] [2026-09-13T14:31:29.830Z] Error: write EIO
    at afterWriteDispatched (node:internal/stream_base_commons:159:15)
    at writeGeneric (node:internal/stream_base_commons:150:3)
    at Socket._writeGeneric (node:net:966:11)
    at Socket._write (node:net:978:8)
    at writeOrBuffer (node:internal/streams/writable:572:12)
    at _write (node:internal/streams/writable:501:10)
    at Writable.write (node:internal/streams/writable:510:10)
    at Console.log (/usr/local/lib/node_modules/firebase-tools/node_modules/winston/lib/winston/transports/console.js:87:23)
    at Console._write (/usr/local/lib/node_modules/firebase-tools/node_modules/winston-transport/modern.js:103:17)
    at doWrite (/usr/local/lib/node_modules/firebase-tools/node_modules/winston-transport/node_modules/readable-stream/lib/_stream_writable.js:390:139)
[error] 
[error] Error: An unexpected error has occurred.
[debug] [2026-09-13T14:31:29.830Z] Error: write EIO
    at afterWriteDispatched (node:internal/stream_base_commons:159:15)
    at writeGeneric (node:internal/stream_base_commons:150:3)
    at Socket._writeGeneric (node:net:966:11)
    at Socket._write (node:net:978:8)
    at writeOrBuffer (node:internal/streams/writable:572:12)
    at _write (node:internal/streams/writable:501:10)
    at Writable.write (node:internal/streams/writable:510:10)
    at Console.log (/usr/local/lib/node_modules/firebase-tools/node_modules/winston/lib/winston/transports/console.js:87:23)
    at Console._write (/usr/local/lib/node_modules/firebase-tools/node_modules/winston-transport/modern.js:103:17)
    at doWrite (/usr/local/lib/node_modules/firebase-tools/node_modules/winston-transport/node_modules/readable-stream/lib/_stream_writable.js:390:139)
[error] 
[error] Error: An unexpected error has occurred.
[debug] [2026-09-13T14:31:29.830Z] Error: write EIO
    at afterWriteDispatched (node:internal/stream_base_commons:159:15)
    at writeGeneric (node:internal/stream_base_commons:150:3)
    at Socket._writeGeneric (node:net:966:11)
    at Socket._write (node:net:978:8)
    at writeOrBuffer (node:internal/streams/writable:572:12)
    at _write (node:internal/streams/writable:501:10)
    at Writable.write (node:internal/streams/writable:510:10)
    at Console.log (/usr/local/lib/node_modules/firebase-tools/node_modules/winston/lib/winston/transports/console.js:87:23)
    at Console._write (/usr/local/lib/node_modules/firebase-tools/node_modules/winston-transport/modern.js:103:17)
    at doWrite (/usr/local/lib/node_modules/firebase-tools/node_modules/winston-transport/node_modules/readable-stream/lib/_stream_writable.js:390:139)
[error] 
[error] Error: An unexpected error has occurred.
[debug] [2026-09-13T14:31:29.831Z] Error: write EIO
    at afterWriteDispatched (node:internal/stream_base_commons:159:15)
    at writeGeneric (node:internal/stream_base_commons:150:3)
    at Socket._writeGeneric (node:net:966:11)
    at Socket._write (node:net:978:8)
    at writeOrBuffer (node:internal/streams/writable:572:12)
    at _write (node:internal/streams/writable:501:10)
    at Writable.write (node:internal/streams/writable:510:10)
    at Console.log (/usr/local/lib/node_modules/firebase-tools/node_modules/winston/lib/winston/transports/console.js:87:23)
    at Console._write (/usr/local/lib/node_modules/firebase-tools/node_modules/winston-transport/modern.js:103:17)
    at doWrite (/usr/local/lib/node_modules/firebase-tools/node_modules/winston-transport/node_modules/readable-stream/lib/_stream_writable.js:390:139)
[error] 
[error] Error: An unexpected error has occurred.
[debug] [2026-09-13T14:31:29.831Z] Error: write EIO
    at afterWriteDispatched (node:internal/stream_base_commons:159:15)
    at writeGeneric (node:internal/stream_base_commons:150:3)
    at Socket._writeGeneric (node:net:966:11)
    at Socket._write (node:net:978:8)
    at writeOrBuffer (node:internal/streams/writable:572:12)
    at _write (node:internal/streams/writable:501:10)
    at Writable.write (node:internal/streams/writable:510:10)
    at Console.log (/usr/local/lib/node_modules/firebase-tools/node_modules/winston/lib/winston/transports/console.js:87:23)
    at Console._write (/usr/local/lib/node_modules/firebase-tools/node_modules/winston-transport/modern.js:103:17)
    at doWrite (/usr/local/lib/node_modules/firebase-tools/node_modules/winston-transport/node_modules/readable-stream/lib/_stream_writable.js:390:139)
[error] 
[error] Error: An unexpected error has occurred.
[debug] [2026-09-13T14:31:29.831Z] Error: write EIO
    at afterWriteDispatched (node:internal/stream_base_commons:159:15)
    at writeGeneric (node:internal/stream_base_commons:150:3)
    at Socket._writeGeneric (node:net:966:11)
    at Socket._write (node:net:978:8)
    at writeOrBuffer (node:internal/streams/writable:572:12)
    at _write (node:internal/streams/writable:501:10)
    at Writable.write (node:internal/streams/writable:510:10)
    at Console.log (/usr/local/lib/node_modules/firebase-tools/node_modules/winston/lib/winston/transports/console.js:87:23)
    at Console._write (/usr/local/lib/node_modules/firebase-tools/node_modules/winston-transport/modern.js:103:17)
    at doWrite (/usr/local/lib/node_modules/firebase-tools/node_modules/winston-transport/node_modules/readable-stream/lib/_stream_writable.js:390:139)
[error] 
[error] Error: An unexpected error has occurred.
[debug] [2026-09-13T14:31:29.833Z] Error: write EIO
    at afterWriteDispatched (node:internal/stream_base_commons:159:15)
    at writeGeneric (node:internal/stream_base_commons:150:3)
    at Socket._writeGeneric (node:net:966:11)
    at Socket._write (node:net:978:8)
    at writeOrBuffer (node:internal/streams/writable:572:12)
    at _write (node:internal/streams/writable:501:10)
    at Writable.write (node:internal/streams/writable:510:10)
    at Console.log (/usr/local/lib/node_modules/firebase-tools/node_modules/winston/lib/winston/transports/console.js:87:23)
    at Console._write (/usr/local/lib/node_modules/firebase-tools/node_modules/winston-transport/modern.js:103:17)
    at doWrite (/usr/local/lib/node_modules/firebase-tools/node_modules/winston-transport/node_modules/readable-stream/lib/_stream_writable.js:390:139)
[error] 
[error] Error: An unexpected error has occurred.
[debug] [2026-09-13T14:31:29.834Z] Error: write EIO
    at afterWriteDispatched (node:internal/stream_base_commons:159:15)
    at writeGeneric (node:internal/stream_base_commons:150:3)
    at Socket._writeGeneric (node:net:966:11)
    at Socket._write (node:net:978:8)
    at writeOrBuffer (node:internal/streams/writable:572:12)
    at _write (node:internal/streams/writable:501:10)
    at Writable.write (node:internal/streams/writable:510:10)
    at Console.log (/usr/local/lib/node_modules/firebase-tools/node_modules/winston/lib/winston/transports/console.js:87:23)
    at Console._write (/usr/local/lib/node_modules/firebase-tools/node_modules/winston-transport/modern.js:103:17)
    at doWrite (/usr/local/lib/node_modules/firebase-tools/node_modules/winston-transport/node_modules/readable-stream/lib/_stream_writable.js:390:139)
[error] 
[error] Error: An unexpected error has occurred.
[debug] [2026-09-13T14:31:29.834Z] Error: write EIO
    at afterWriteDispatched (node:internal/stream_base_commons:159:15)
    at writeGeneric (node:internal/stream_base_commons:150:3)
    at Socket._writeGeneric (node:net:966:11)
    at Socket._write (node:net:978:8)
    at writeOrBuffer (node:internal/streams/writable:572:12)
    at _write (node:internal/streams/writable:501:10)
    at Writable.write (node:internal/streams/writable:510:10)
    at Console.log (/usr/local/lib/node_modules/firebase-tools/node_modules/winston/lib/winston/transports/console.js:87:23)
    at Console._write (/usr/local/lib/node_modules/firebase-tools/node_modules/winston-transport/modern.js:103:17)
    at doWrite (/usr/local/lib/node_modules/firebase-tools/node_modules/winston-transport/node_modules/readable-stream/lib/_stream_writable.js:390:139)
[error] 
[error] Error: An unexpected error has occurred.
[debug] [2026-09-13T14:31:29.834Z] Error: write EIO
    at afterWriteDispatched (node:internal/stream_base_commons:159:15)
    at writeGeneric (node:internal/stream_base_commons:150:3)
    at Socket._writeGeneric (node:net:966:11)
    at Socket._write (node:net:978:8)
    at writeOrBuffer (node:internal/streams/writable:572:12)
    at _write (node:internal/streams/writable:501:10)
    at Writable.write (node:internal/streams/writable:510:10)
    at Console.log (/usr/local/lib/node_modules/firebase-tools/node_modules/winston/lib/winston/transports/console.js:87:23)
    at Console._write (/usr/local/lib/node_modules/firebase-tools/node_modules/winston-transport/modern.js:103:17)
    at doWrite (/usr/local/lib/node_modules/firebase-tools/node_modules/winston-transport/node_modules/readable-stream/lib/_stream_writable.js:390:139)
[error] 
[error] Error: An unexpected error has occurred.
[debug] [2026-09-13T14:31:29.834Z] Error: write EIO
    at afterWriteDispatched (node:internal/stream_base_commons:159:15)
    at writeGeneric (node:internal/stream_base_commons:150:3)
    at Socket._writeGeneric (node:net:966:11)
    at Socket._write (node:net:978:8)
    at writeOrBuffer (node:internal/streams/writable:572:12)
    at _write (node:internal/streams/writable:501:10)
    at Writable.write (node:internal/streams/writable:510:10)
    at Console.log (/usr/local/lib/node_modules/firebase-tools/node_modules/winston/lib/winston/transports/console.js:87:23)
    at Console._write (/usr/local/lib/node_modules/firebase-tools/node_modules/winston-transport/modern.js:103:17)
    at doWrite (/usr/local/lib/node_modules/firebase-tools/node_modules/winston-transport/node_modules/readable-stream/lib/_stream_writable.js:390:139)
[error] 
[error] Error: An unexpected error has occurred.
[debug] [2026-09-13T14:31:29.835Z] Error: write EIO
    at afterWriteDispatched (node:internal/stream_base_commons:159:15)
    at writeGeneric (node:internal/stream_base_commons:150:3)
    at Socket._writeGeneric (node:net:966:11)
    at Socket._write (node:net:978:8)
    at writeOrBuffer (node:internal/streams/writable:572:12)
    at _write (node:internal/streams/writable:501:10)
    at Writable.write (node:internal/streams/writable:510:10)
    at Console.log (/usr/local/lib/node_modules/firebase-tools/node_modules/winston/lib/winston/transports/console.js:87:23)
    at Console._write (/usr/local/lib/node_modules/firebase-tools/node_modules/winston-transport/modern.js:103:17)
    at doWrite (/usr/local/lib/node_modules/firebase-tools/node_modules/winston-transport/node_modules/readable-stream/lib/_stream_writable.js:390:139)
[error] 
[error] Error: An unexpected error has occurred.
[debug] [2026-09-13T14:31:29.835Z] Error: write EIO
    at afterWriteDispatched (node:internal/stream_base_commons:159:15)
    at writeGeneric (node:internal/stream_base_commons:150:3)
    at Socket._writeGeneric (node:net:966:11)
    at Socket._write (node:net:978:8)
    at writeOrBuffer (node:internal/streams/writable:572:12)
    at _write (node:internal/streams/writable:501:10)
    at Writable.write (node:internal/streams/writable:510:10)
    at Console.log (/usr/local/lib/node_modules/firebase-tools/node_modules/winston/lib/winston/transports/console.js:87:23)
    at Console._write (/usr/local/lib/node_modules/firebase-tools/node_modules/winston-transport/modern.js:103:17)
    at doWrite (/usr/local/lib/node_modules/firebase-tools/node_modules/winston-transport/node_modules/readable-stream/lib/_stream_writable.js:390:139)
[error] 
[error] Error: An unexpected error has occurred.
[debug] [2026-09-13T14:31:29.836Z] Error: write EIO
    at afterWriteDispatched (node:internal/stream_base_commons:159:15)
    at writeGeneric (node:internal/stream_base_commons:150:3)
    at Socket._writeGeneric (node:net:966:11)
    at Socket._write (node:net:978:8)
    at writeOrBuffer (node:internal/streams/writable:572:12)
    at _write (node:internal/streams/writable:501:10)
    at Writable.write (node:internal/streams/writable:510:10)
    at Console.log (/usr/local/lib/node_modules/firebase-tools/node_modules/winston/lib/winston/transports/console.js:87:23)
    at Console._write (/usr/local/lib/node_modules/firebase-tools/node_modules/winston-transport/modern.js:103:17)
    at doWrite (/usr/local/lib/node_modules/firebase-tools/node_modules/winston-transport/node_modules/readable-stream/lib/_stream_writable.js:390:139)
[error] 
[error] Error: An unexpected error has occurred.
[debug] [2026-09-13T14:31:29.836Z] Error: write EIO
    at afterWriteDispatched (node:internal/stream_base_commons:159:15)
    at writeGeneric (node:internal/stream_base_commons:150:3)
    at Socket._writeGeneric (node:net:966:11)
    at Socket._write (node:net:978:8)
    at writeOrBuffer (node:internal/streams/writable:572:12)
    at _write (node:internal/streams/writable:501:10)
    at Writable.write (node:internal/streams/writable:510:10)
    at Console.log (/usr/local/lib/node_modules/firebase-tools/node_modules/winston/lib/winston/transports/console.js:87:23)
    at Console._write (/usr/local/lib/node_modules/firebase-tools/node_modules/winston-transport/modern.js:103:17)
    at doWrite (/usr/local/lib/node_modules/firebase-tools/node_modules/winston-transport/node_modules/readable-stream/lib/_stream_writable.js:390:139)
[error] 
[error] Error: An unexpected error has occurred.
[debug] [2026-09-13T14:31:29.836Z] Error: write EIO
    at afterWriteDispatched (node:internal/stream_base_commons:159:15)
    at writeGeneric (node:internal/stream_base_commons:150:3)
    at Socket._writeGeneric (node:net:966:11)
    at Socket._write (node:net:978:8)
    at writeOrBuffer (node:internal/streams/writable:572:12)
    at _write (node:internal/streams/writable:501:10)
    at Writable.write (node:internal/streams/writable:510:10)
    at Console.log (/usr/local/lib/node_modules/firebase-tools/node_modules/winston/lib/winston/transports/console.js:87:23)
    at Console._write (/usr/local/lib/node_modules/firebase-tools/node_modules/winston-transport/modern.js:103:17)
    at doWrite (/usr/local/lib/node_modules/firebase-tools/node_modules/winston-transport/node_modules/readable-stream/lib/_stream_writable.js:390:139)
[error] 
[error] Error: An unexpected error has occurred.
[debug] [2026-09-13T14:31:29.836Z] Error: write EIO
    at afterWriteDispatched (node:internal/stream_base_commons:159:15)
    at writeGeneric (node:internal/stream_base_commons:150:3)
    at Socket._writeGeneric (node:net:966:11)
    at Socket._write (node:net:978:8)
    at writeOrBuffer (node:internal/streams/writable:572:12)
    at _write (node:internal/streams/writable:501:10)
    at Writable.write (node:internal/streams/writable:510:10)
    at Console.log (/usr/local/lib/node_modules/firebase-tools/node_modules/winston/lib/winston/transports/console.js:87:23)
    at Console._write (/usr/local/lib/node_modules/firebase-tools/node_modules/winston-transport/modern.js:103:17)
    at doWrite (/usr/local/lib/node_modules/firebase-tools/node_modules/winston-transport/node_modules/readable-stream/lib/_stream_writable.js:390:139)
[error] 
[error] Error: An unexpected error has occurred.
[debug] [2026-09-13T14:31:29.837Z] Error: write EIO
    at afterWriteDispatched (node:internal/stream_base_commons:159:15)
    at writeGeneric (node:internal/stream_base_commons:150:3)
    at Socket._writeGeneric (node:net:966:11)
    at Socket._write (node:net:978:8)
    at writeOrBuffer (node:internal/streams/writable:572:12)
    at _write (node:internal/streams/writable:501:10)
    at Writable.write (node:internal/streams/writable:510:10)
    at Console.log (/usr/local/lib/node_modules/firebase-tools/node_modules/winston/lib/winston/transports/console.js:87:23)
    at Console._write (/usr/local/lib/node_modules/firebase-tools/node_modules/winston-transport/modern.js:103:17)
    at doWrite (/usr/local/lib/node_modules/firebase-tools/node_modules/winston-transport/node_modules/readable-stream/lib/_stream_writable.js:390:139)
[error] 
[error] Error: An unexpected error has occurred.
[debug] [2026-09-13T14:31:29.837Z] Error: write EIO
    at afterWriteDispatched (node:internal/stream_base_commons:159:15)
    at writeGeneric (node:internal/stream_base_commons:150:3)
    at Socket._writeGeneric (node:net:966:11)
    at Socket._write (node:net:978:8)
    at writeOrBuffer (node:internal/streams/writable:572:12)
    at _write (node:internal/streams/writable:501:10)
    at Writable.write (node:internal/streams/writable:510:10)
    at Console.log (/usr/local/lib/node_modules/firebase-tools/node_modules/winston/lib/winston/transports/console.js:87:23)
    at Console._write (/usr/local/lib/node_modules/firebase-tools/node_modules/winston-transport/modern.js:103:17)
    at doWrite (/usr/local/lib/node_modules/firebase-tools/node_modules/winston-transport/node_modules/readable-stream/lib/_stream_writable.js:390:139)
[error] 
[error] Error: An unexpected error has occurred.
[debug] [2026-09-13T14:31:29.837Z] Error: write EIO
    at afterWriteDispatched (node:internal/stream_base_commons:159:15)
    at writeGeneric (node:internal/stream_base_commons:150:3)
    at Socket._writeGeneric (node:net:966:11)
    at Socket._write (node:net:978:8)
    at writeOrBuffer (node:internal/streams/writable:572:12)
    at _write (node:internal/streams/writable:501:10)
    at Writable.write (node:internal/streams/writable:510:10)
    at Console.log (/usr/local/lib/node_modules/firebase-tools/node_modules/winston/lib/winston/transports/console.js:87:23)
    at Console._write (/usr/local/lib/node_modules/firebase-tools/node_modules/winston-transport/modern.js:103:17)
    at doWrite (/usr/local/lib/node_modules/firebase-tools/node_modules/winston-transport/node_modules/readable-stream/lib/_stream_writable.js:390:139)
[error] 
[error] Error: An unexpected error has occurred.
[debug] [2026-09-13T14:31:29.837Z] Error: write EIO
    at afterWriteDispatched (node:internal/stream_base_commons:159:15)
    at writeGeneric (node:internal/stream_base_commons:150:3)
    at Socket._writeGeneric (node:net:966:11)
    at Socket._write (node:net:978:8)
    at writeOrBuffer (node:internal/streams/writable:572:12)
    at _write (node:internal/streams/writable:501:10)
    at Writable.write (node:internal/streams/writable:510:10)
    at Console.log (/usr/local/lib/node_modules/firebase-tools/node_modules/winston/lib/winston/transports/console.js:87:23)
    at Console._write (/usr/local/lib/node_modules/firebase-tools/node_modules/winston-transport/modern.js:103:17)
    at doWrite (/usr/local/lib/node_modules/firebase-tools/node_modules/winston-transport/node_modules/readable-stream/lib/_stream_writable.js:390:139)
[error] 
[error] Error: An unexpected error has occurred.
[debug] [2026-09-13T14:31:29.838Z] Error: write EIO
    at afterWriteDispatched (node:internal/stream_base_commons:159:15)
    at writeGeneric (node:internal/stream_base_commons:150:3)
    at Socket._writeGeneric (node:net:966:11)
    at Socket._write (node:net:978:8)
    at writeOrBuffer (node:internal/streams/writable:572:12)
    at _write (node:internal/streams/writable:501:10)
    at Writable.write (node:internal/streams/writable:510:10)
    at Console.log (/usr/local/lib/node_modules/firebase-tools/node_modules/winston/lib/winston/transports/console.js:87:23)
    at Console._write (/usr/local/lib/node_modules/firebase-tools/node_modules/winston-transport/modern.js:103:17)
    at doWrite (/usr/local/lib/node_modules/firebase-tools/node_modules/winston-transport/node_modules/readable-stream/lib/_stream_writable.js:390:139)
[error] 
[error] Error: An unexpected error has occurred.
[debug] [2026-09-13T14:31:29.838Z] Error: write EIO
    at afterWriteDispatched (node:internal/stream_base_commons:159:15)
    at writeGeneric (node:internal/stream_base_commons:150:3)
    at Socket._writeGeneric (node:net:966:11)
    at Socket._write (node:net:978:8)
    at writeOrBuffer (node:internal/streams/writable:572:12)
    at _write (node:internal/streams/writable:501:10)
    at Writable.write (node:internal/streams/writable:510:10)
    at Console.log (/usr/local/lib/node_modules/firebase-tools/node_modules/winston/lib/winston/transports/console.js:87:23)
    at Console._write (/usr/local/lib/node_modules/firebase-tools/node_modules/winston-transport/modern.js:103:17)
    at doWrite (/usr/local/lib/node_modules/firebase-tools/node_modules/winston-transport/node_modules/readable-stream/lib/_stream_writable.js:390:139)
[error] 
[error] Error: An unexpected error has occurred.
[debug] [2026-09-13T14:31:29.838Z] Error: write EIO
    at afterWriteDispatched (node:internal/stream_base_commons:159:15)
    at writeGeneric (node:internal/stream_base_commons:150:3)
    at Socket._writeGeneric (node:net:966:11)
    at Socket._write (node:net:978:8)
    at writeOrBuffer (node:internal/streams/writable:572:12)
    at _write (node:internal/streams/writable:501:10)
    at Writable.write (node:internal/streams/writable:510:10)
    at Console.log (/usr/local/lib/node_modules/firebase-tools/node_modules/winston/lib/winston/transports/console.js:87:23)
    at Console._write (/usr/local/lib/node_modules/firebase-tools/node_modules/winston-transport/modern.js:103:17)
    at doWrite (/usr/local/lib/node_modules/firebase-tools/node_modules/winston-transport/node_modules/readable-stream/lib/_stream_writable.js:390:139)
[error] 
[error] Error: An unexpected error has occurred.
[debug] [2026-09-13T14:31:29.839Z] Error: write EIO
    at afterWriteDispatched (node:internal/stream_base_commons:159:15)
    at writeGeneric (node:internal/stream_base_commons:150:3)
    at Socket._writeGeneric (node:net:966:11)
    at Socket._write (node:net:978:8)
    at writeOrBuffer (node:internal/streams/writable:572:12)
    at _write (node:internal/streams/writable:501:10)
    at Writable.write (node:internal/streams/writable:510:10)
    at Console.log (/usr/local/lib/node_modules/firebase-tools/node_modules/winston/lib/winston/transports/console.js:87:23)
    at Console._write (/usr/local/lib/node_modules/firebase-tools/node_modules/winston-transport/modern.js:103:17)
    at doWrite (/usr/local/lib/node_modules/firebase-tools/node_modules/winston-transport/node_modules/readable-stream/lib/_stream_writable.js:390:139)
[error] 
[error] Error: An unexpected error has occurred.
[debug] [2026-09-13T14:31:29.839Z] Error: write EIO
    at afterWriteDispatched (node:internal/stream_base_commons:159:15)
    at writeGeneric (node:internal/stream_base_commons:150:3)
    at Socket._writeGeneric (node:net:966:11)
    at Socket._write (node:net:978:8)
    at writeOrBuffer (node:internal/streams/writable:572:12)
    at _write (node:internal/streams/writable:501:10)
    at Writable.write (node:internal/streams/writable:510:10)
    at Console.log (/usr/local/lib/node_modules/firebase-tools/node_modules/winston/lib/winston/transports/console.js:87:23)
    at Console._write (/usr/local/lib/node_modules/firebase-tools/node_modules/winston-transport/modern.js:103:17)
    at doWrite (/usr/local/lib/node_modules/firebase-tools/node_modules/winston-transport/node_modules/readable-stream/lib/_stream_writable.js:390:139)
[error] 
[error] Error: An unexpected error has occurred.
[debug] [2026-09-13T14:31:29.839Z] Error: write EIO
    at afterWriteDispatched (node:internal/stream_base_commons:159:15)
    at writeGeneric (node:internal/stream_base_commons:150:3)
    at Socket._writeGeneric (node:net:966:11)
    at Socket._write (node:net:978:8)
    at writeOrBuffer (node:internal/streams/writable:572:12)
    at _write (node:internal/streams/writable:501:10)
    at Writable.write (node:internal/streams/writable:510:10)
    at Console.log (/usr/local/lib/node_modules/firebase-tools/node_modules/winston/lib/winston/transports/console.js:87:23)
    at Console._write (/usr/local/lib/node_modules/firebase-tools/node_modules/winston-transport/modern.js:103:17)
    at doWrite (/usr/local/lib/node_modules/firebase-tools/node_modules/winston-transport/node_modules/readable-stream/lib/_stream_writable.js:390:139)
[error] 
[error] Error: An unexpected error has occurred.
[debug] [2026-09-13T14:31:29.839Z] Error: write EIO
    at afterWriteDispatched (node:internal/stream_base_commons:159:15)
    at writeGeneric (node:internal/stream_base_commons:150:3)
    at Socket._writeGeneric (node:net:966:11)
    at Socket._write (node:net:978:8)
    at writeOrBuffer (node:internal/streams/writable:572:12)
    at _write (node:internal/streams/writable:501:10)
    at Writable.write (node:internal/streams/writable:510:10)
    at Console.log (/usr/local/lib/node_modules/firebase-tools/node_modules/winston/lib/winston/transports/console.js:87:23)
    at Console._write (/usr/local/lib/node_modules/firebase-tools/node_modules/winston-transport/modern.js:103:17)
    at doWrite (/usr/local/lib/node_modules/firebase-tools/node_modules/winston-transport/node_modules/readable-stream/lib/_stream_writable.js:390:139)
[error] 
[error] Error: An unexpected error has occurred.
[debug] [2026-09-13T14:31:29.840Z] Error: write EIO
    at afterWriteDispatched (node:internal/stream_base_commons:159:15)
    at writeGeneric (node:internal/stream_base_commons:150:3)
    at Socket._writeGeneric (node:net:966:11)
    at Socket._write (node:net:978:8)
    at writeOrBuffer (node:internal/streams/writable:572:12)
    at _write (node:internal/streams/writable:501:10)
    at Writable.write (node:internal/streams/writable:510:10)
    at Console.log (/usr/local/lib/node_modules/firebase-tools/node_modules/winston/lib/winston/transports/console.js:87:23)
    at Console._write (/usr/local/lib/node_modules/firebase-tools/node_modules/winston-transport/modern.js:103:17)
    at doWrite (/usr/local/lib/node_modules/firebase-tools/node_modules/winston-transport/node_modules/readable-stream/lib/_stream_writable.js:390:139)
[error] 
[error] Error: An unexpected error has occurred.
[debug] [2026-09-13T14:31:29.840Z] Error: write EIO
    at afterWriteDispatched (node:internal/stream_base_commons:159:15)
    at writeGeneric (node:internal/stream_base_commons:150:3)
    at Socket._writeGeneric (node:net:966:11)
    at Socket._write (node:net:978:8)
    at writeOrBuffer (node:internal/streams/writable:572:12)
    at _write (node:internal/streams/writable:501:10)
    at Writable.write (node:internal/streams/writable:510:10)
    at Console.log (/usr/local/lib/node_modules/firebase-tools/node_modules/winston/lib/winston/transports/console.js:87:23)
    at Console._write (/usr/local/lib/node_modules/firebase-tools/node_modules/winston-transport/modern.js:103:17)
    at doWrite (/usr/local/lib/node_modules/firebase-tools/node_modules/winston-transport/node_modules/readable-stream/lib/_stream_writable.js:390:139)
[error] 
[error] Error: An unexpected error has occurred.
[debug] [2026-09-13T14:31:29.840Z] Error: write EIO
    at afterWriteDispatched (node:internal/stream_base_commons:159:15)
    at writeGeneric (node:internal/stream_base_commons:150:3)
    at Socket._writeGeneric (node:net:966:11)
    at Socket._write (node:net:978:8)
    at writeOrBuffer (node:internal/streams/writable:572:12)
    at _write (node:internal/streams/writable:501:10)
    at Writable.write (node:internal/streams/writable:510:10)
    at Console.log (/usr/local/lib/node_modules/firebase-tools/node_modules/winston/lib/winston/transports/console.js:87:23)
    at Console._write (/usr/local/lib/node_modules/firebase-tools/node_modules/winston-transport/modern.js:103:17)
    at doWrite (/usr/local/lib/node_modules/firebase-tools/node_modules/winston-transport/node_modules/readable-stream/lib/_stream_writable.js:390:139)
[error] 
[error] Error: An unexpected error has occurred.
[debug] [2026-09-13T14:31:29.840Z] Error: write EIO
    at afterWriteDispatched (node:internal/stream_base_commons:159:15)
    at writeGeneric (node:internal/stream_base_commons:150:3)
    at Socket._writeGeneric (node:net:966:11)
    at Socket._write (node:net:978:8)
    at writeOrBuffer (node:internal/streams/writable:572:12)
    at _write (node:internal/streams/writable:501:10)
    at Writable.write (node:internal/streams/writable:510:10)
    at Console.log (/usr/local/lib/node_modules/firebase-tools/node_modules/winston/lib/winston/transports/console.js:87:23)
    at Console._write (/usr/local/lib/node_modules/firebase-tools/node_modules/winston-transport/modern.js:103:17)
    at doWrite (/usr/local/lib/node_modules/firebase-tools/node_modules/winston-transport/node_modules/readable-stream/lib/_stream_writable.js:390:139)
[error] 
[error] Error: An unexpected error has occurred.
[debug] [2026-09-13T14:31:29.841Z] Error: write EIO
    at afterWriteDispatched (node:internal/stream_base_commons:159:15)
    at writeGeneric (node:internal/stream_base_commons:150:3)
    at Socket._writeGeneric (node:net:966:11)
    at Socket._write (node:net:978:8)
    at writeOrBuffer (node:internal/streams/writable:572:12)
    at _write (node:internal/streams/writable:501:10)
    at Writable.write (node:internal/streams/writable:510:10)
    at Console.log (/usr/local/lib/node_modules/firebase-tools/node_modules/winston/lib/winston/transports/console.js:87:23)
    at Console._write (/usr/local/lib/node_modules/firebase-tools/node_modules/winston-transport/modern.js:103:17)
    at doWrite (/usr/local/lib/node_modules/firebase-tools/node_modules/winston-transport/node_modules/readable-stream/lib/_stream_writable.js:390:139)
[error] 
[error] Error: An unexpected error has occurred.
[debug] [2026-09-13T14:31:29.841Z] Error: write EIO
    at afterWriteDispatched (node:internal/stream_base_commons:159:15)
    at writeGeneric (node:internal/stream_base_commons:150:3)
    at Socket._writeGeneric (node:net:966:11)
    at Socket._write (node:net:978:8)
    at writeOrBuffer (node:internal/streams/writable:572:12)
    at _write (node:internal/streams/writable:501:10)
    at Writable.write (node:internal/streams/writable:510:10)
    at Console.log (/usr/local/lib/node_modules/firebase-tools/node_modules/winston/lib/winston/transports/console.js:87:23)
    at Console._write (/usr/local/lib/node_modules/firebase-tools/node_modules/winston-transport/modern.js:103:17)
    at doWrite (/usr/local/lib/node_modules/firebase-tools/node_modules/winston-transport/node_modules/readable-stream/lib/_stream_writable.js:390:139)
[error] 
[error] Error: An unexpected error has occurred.
[debug] [2026-09-13T14:31:29.841Z] Error: write EIO
    at afterWriteDispatched (node:internal/stream_base_commons:159:15)
    at writeGeneric (node:internal/stream_base_commons:150:3)
    at Socket._writeGeneric (node:net:966:11)
    at Socket._write (node:net:978:8)
    at writeOrBuffer (node:internal/streams/writable:572:12)
    at _write (node:internal/streams/writable:501:10)
    at Writable.write (node:internal/streams/writable:510:10)
    at Console.log (/usr/local/lib/node_modules/firebase-tools/node_modules/winston/lib/winston/transports/console.js:87:23)
    at Console._write (/usr/local/lib/node_modules/firebase-tools/node_modules/winston-transport/modern.js:103:17)
    at doWrite (/usr/local/lib/node_modules/firebase-tools/node_modules/winston-transport/node_modules/readable-stream/lib/_stream_writable.js:390:139)
[error] 
[error] Error: An unexpected error has occurred.
[debug] [2026-09-13T14:31:29.845Z] Error: write EIO
    at afterWriteDispatched (node:internal/stream_base_commons:159:15)
    at writeGeneric (node:internal/stream_base_commons:150:3)
    at Socket._writeGeneric (node:net:966:11)
    at Socket._write (node:net:978:8)
    at writeOrBuffer (node:internal/streams/writable:572:12)
    at _write (node:internal/streams/writable:501:10)
    at Writable.write (node:internal/streams/writable:510:10)
    at Console.log (/usr/local/lib/node_modules/firebase-tools/node_modules/winston/lib/winston/transports/console.js:87:23)
    at Console._write (/usr/local/lib/node_modules/firebase-tools/node_modules/winston-transport/modern.js:103:17)
    at doWrite (/usr/local/lib/node_modules/firebase-tools/node_modules/winston-transport/node_modules/readable-stream/lib/_stream_writable.js:390:139)
[error] 
[error] Error: An unexpected error has occurred.
[debug] [2026-09-13T14:31:29.846Z] Error: write EIO
    at afterWriteDispatched (node:internal/stream_base_commons:159:15)
    at writeGeneric (node:internal/stream_base_commons:150:3)
    at Socket._writeGeneric (node:net:966:11)
    at Socket._write (node:net:978:8)
    at writeOrBuffer (node:internal/streams/writable:572:12)
    at _write (node:internal/streams/writable:501:10)
    at Writable.write (node:internal/streams/writable:510:10)
    at Console.log (/usr/local/lib/node_modules/firebase-tools/node_modules/winston/lib/winston/transports/console.js:87:23)
    at Console._write (/usr/local/lib/node_modules/firebase-tools/node_modules/winston-transport/modern.js:103:17)
    at doWrite (/usr/local/lib/node_modules/firebase-tools/node_modules/winston-transport/node_modules/readable-stream/lib/_stream_writable.js:390:139)
[error] 
[error] Error: An unexpected error has occurred.
[debug] [2026-09-13T14:31:29.846Z] Error: write EIO
    at afterWriteDispatched (node:internal/stream_base_commons:159:15)
    at writeGeneric (node:internal/stream_base_commons:150:3)
    at Socket._writeGeneric (node:net:966:11)
    at Socket._write (node:net:978:8)
    at writeOrBuffer (node:internal/streams/writable:572:12)
    at _write (node:internal/streams/writable:501:10)
    at Writable.write (node:internal/streams/writable:510:10)
    at Console.log (/usr/local/lib/node_modules/firebase-tools/node_modules/winston/lib/winston/transports/console.js:87:23)
    at Console._write (/usr/local/lib/node_modules/firebase-tools/node_modules/winston-transport/modern.js:103:17)
    at doWrite (/usr/local/lib/node_modules/firebase-tools/node_modules/winston-transport/node_modules/readable-stream/lib/_stream_writable.js:390:139)
[error] 
[error] Error: An unexpected error has occurred.
[debug] [2026-09-13T14:31:29.846Z] Error: write EIO
    at afterWriteDispatched (node:internal/stream_base_commons:159:15)
    at writeGeneric (node:internal/stream_base_commons:150:3)
    at Socket._writeGeneric (node:net:966:11)
    at Socket._write (node:net:978:8)
    at writeOrBuffer (node:internal/streams/writable:572:12)
    at _write (node:internal/streams/writable:501:10)
    at Writable.write (node:internal/streams/writable:510:10)
    at Console.log (/usr/local/lib/node_modules/firebase-tools/node_modules/winston/lib/winston/transports/console.js:87:23)
    at Console._write (/usr/local/lib/node_modules/firebase-tools/node_modules/winston-transport/modern.js:103:17)
    at doWrite (/usr/local/lib/node_modules/firebase-tools/node_modules/winston-transport/node_modules/readable-stream/lib/_stream_writable.js:390:139)
[error] 
[error] Error: An unexpected error has occurred.
[debug] [2026-09-13T14:31:29.847Z] Error: write EIO
    at afterWriteDispatched (node:internal/stream_base_commons:159:15)
    at writeGeneric (node:internal/stream_base_commons:150:3)
    at Socket._writeGeneric (node:net:966:11)
    at Socket._write (node:net:978:8)
    at writeOrBuffer (node:internal/streams/writable:572:12)
    at _write (node:internal/streams/writable:501:10)
    at Writable.write (node:internal/streams/writable:510:10)
    at Console.log (/usr/local/lib/node_modules/firebase-tools/node_modules/winston/lib/winston/transports/console.js:87:23)
    at Console._write (/usr/local/lib/node_modules/firebase-tools/node_modules/winston-transport/modern.js:103:17)
    at doWrite (/usr/local/lib/node_modules/firebase-tools/node_modules/winston-transport/node_modules/readable-stream/lib/_stream_writable.js:390:139)
[error] 
[error] Error: An unexpected error has occurred.
[debug] [2026-09-13T14:31:29.847Z] Error: write EIO
    at afterWriteDispatched (node:internal/stream_base_commons:159:15)
    at writeGeneric (node:internal/stream_base_commons:150:3)
    at Socket._writeGeneric (node:net:966:11)
    at Socket._write (node:net:978:8)
    at writeOrBuffer (node:internal/streams/writable:572:12)
    at _write (node:internal/streams/writable:501:10)
    at Writable.write (node:internal/streams/writable:510:10)
    at Console.log (/usr/local/lib/node_modules/firebase-tools/node_modules/winston/lib/winston/transports/console.js:87:23)
    at Console._write (/usr/local/lib/node_modules/firebase-tools/node_modules/winston-transport/modern.js:103:17)
    at doWrite (/usr/local/lib/node_modules/firebase-tools/node_modules/winston-transport/node_modules/readable-stream/lib/_stream_writable.js:390:139)
[error] 
[error] Error: An unexpected error has occurred.
[debug] [2026-09-13T14:31:29.848Z] Error: write EIO
    at afterWriteDispatched (node:internal/stream_base_commons:159:15)
    at writeGeneric (node:internal/stream_base_commons:150:3)
    at Socket._writeGeneric (node:net:966:11)
    at Socket._write (node:net:978:8)
    at writeOrBuffer (node:internal/streams/writable:572:12)
    at _write (node:internal/streams/writable:501:10)
    at Writable.write (node:internal/streams/writable:510:10)
    at Console.log (/usr/local/lib/node_modules/firebase-tools/node_modules/winston/lib/winston/transports/console.js:87:23)
    at Console._write (/usr/local/lib/node_modules/firebase-tools/node_modules/winston-transport/modern.js:103:17)
    at doWrite (/usr/local/lib/node_modules/firebase-tools/node_modules/winston-transport/node_modules/readable-stream/lib/_stream_writable.js:390:139)
[error] 
[error] Error: An unexpected error has occurred.
[debug] [2026-09-13T14:31:29.848Z] Error: write EIO
    at afterWriteDispatched (node:internal/stream_base_commons:159:15)
    at writeGeneric (node:internal/stream_base_commons:150:3)
    at Socket._writeGeneric (node:net:966:11)
    at Socket._write (node:net:978:8)
    at writeOrBuffer (node:internal/streams/writable:572:12)
    at _write (node:internal/streams/writable:501:10)
    at Writable.write (node:internal/streams/writable:510:10)
    at Console.log (/usr/local/lib/node_modules/firebase-tools/node_modules/winston/lib/winston/transports/console.js:87:23)
    at Console._write (/usr/local/lib/node_modules/firebase-tools/node_modules/winston-transport/modern.js:103:17)
    at doWrite (/usr/local/lib/node_modules/firebase-tools/node_modules/winston-transport/node_modules/readable-stream/lib/_stream_writable.js:390:139)
[error] 
[error] Error: An unexpected error has occurred.
[debug] [2026-09-13T14:31:29.848Z] Error: write EIO
    at afterWriteDispatched (node:internal/stream_base_commons:159:15)
    at writeGeneric (node:internal/stream_base_commons:150:3)
    at Socket._writeGeneric (node:net:966:11)
    at Socket._write (node:net:978:8)
    at writeOrBuffer (node:internal/streams/writable:572:12)
    at _write (node:internal/streams/writable:501:10)
    at Writable.write (node:internal/streams/writable:510:10)
    at Console.log (/usr/local/lib/node_modules/firebase-tools/node_modules/winston/lib/winston/transports/console.js:87:23)
    at Console._write (/usr/local/lib/node_modules/firebase-tools/node_modules/winston-transport/modern.js:103:17)
    at doWrite (/usr/local/lib/node_modules/firebase-tools/node_modules/winston-transport/node_modules/readable-stream/lib/_stream_writable.js:390:139)
[error] 
[error] Error: An unexpected error has occurred.
[debug] [2026-09-13T14:31:29.849Z] Error: write EIO
    at afterWriteDispatched (node:internal/stream_base_commons:159:15)
    at writeGeneric (node:internal/stream_base_commons:150:3)
    at Socket._writeGeneric (node:net:966:11)
    at Socket._write (node:net:978:8)
    at writeOrBuffer (node:internal/streams/writable:572:12)
    at _write (node:internal/streams/writable:501:10)
    at Writable.write (node:internal/streams/writable:510:10)
    at Console.log (/usr/local/lib/node_modules/firebase-tools/node_modules/winston/lib/winston/transports/console.js:87:23)
    at Console._write (/usr/local/lib/node_modules/firebase-tools/node_modules/winston-transport/modern.js:103:17)
    at doWrite (/usr/local/lib/node_modules/firebase-tools/node_modules/winston-transport/node_modules/readable-stream/lib/_stream_writable.js:390:139)
[error] 
[error] Error: An unexpected error has occurred.
[debug] [2026-09-13T14:31:29.849Z] Error: write EIO
    at afterWriteDispatched (node:internal/stream_base_commons:159:15)
    at writeGeneric (node:internal/stream_base_commons:150:3)
    at Socket._writeGeneric (node:net:966:11)
    at Socket._write (node:net:978:8)
    at writeOrBuffer (node:internal/streams/writable:572:12)
    at _write (node:internal/streams/writable:501:10)
    at Writable.write (node:internal/streams/writable:510:10)
    at Console.log (/usr/local/lib/node_modules/firebase-tools/node_modules/winston/lib/winston/transports/console.js:87:23)
    at Console._write (/usr/local/lib/node_modules/firebase-tools/node_modules/winston-transport/modern.js:103:17)
    at doWrite (/usr/local/lib/node_modules/firebase-tools/node_modules/winston-transport/node_modules/readable-stream/lib/_stream_writable.js:390:139)
[error] 
[error] Error: An unexpected error has occurred.
[debug] [2026-09-13T14:31:29.849Z] Error: write EIO
    at afterWriteDispatched (node:internal/stream_base_commons:159:15)
    at writeGeneric (node:internal/stream_base_commons:150:3)
    at Socket._writeGeneric (node:net:966:11)
    at Socket._write (node:net:978:8)
    at writeOrBuffer (node:internal/streams/writable:572:12)
    at _write (node:internal/streams/writable:501:10)
    at Writable.write (node:internal/streams/writable:510:10)
    at Console.log (/usr/local/lib/node_modules/firebase-tools/node_modules/winston/lib/winston/transports/console.js:87:23)
    at Console._write (/usr/local/lib/node_modules/firebase-tools/node_modules/winston-transport/modern.js:103:17)
    at doWrite (/usr/local/lib/node_modules/firebase-tools/node_modules/winston-transport/node_modules/readable-stream/lib/_stream_writable.js:390:139)
[error] 
[error] Error: An unexpected error has occurred.
[debug] [2026-09-13T14:31:29.850Z] Error: write EIO
    at afterWriteDispatched (node:internal/stream_base_commons:159:15)
    at writeGeneric (node:internal/stream_base_commons:150:3)
    at Socket._writeGeneric (node:net:966:11)
    at Socket._write (node:net:978:8)
    at writeOrBuffer (node:internal/streams/writable:572:12)
    at _write (node:internal/streams/writable:501:10)
    at Writable.write (node:internal/streams/writable:510:10)
    at Console.log (/usr/local/lib/node_modules/firebase-tools/node_modules/winston/lib/winston/transports/console.js:87:23)
    at Console._write (/usr/local/lib/node_modules/firebase-tools/node_modules/winston-transport/modern.js:103:17)
    at doWrite (/usr/local/lib/node_modules/firebase-tools/node_modules/winston-transport/node_modules/readable-stream/lib/_stream_writable.js:390:139)
[error] 
[error] Error: An unexpected error has occurred.
[debug] [2026-09-13T14:31:29.850Z] Error: write EIO
    at afterWriteDispatched (node:internal/stream_base_commons:159:15)
    at writeGeneric (node:internal/stream_base_commons:150:3)
    at Socket._writeGeneric (node:net:966:11)
    at Socket._write (node:net:978:8)
    at writeOrBuffer (node:internal/streams/writable:572:12)
    at _write (node:internal/streams/writable:501:10)
    at Writable.write (node:internal/streams/writable:510:10)
    at Console.log (/usr/local/lib/node_modules/firebase-tools/node_modules/winston/lib/winston/transports/console.js:87:23)
    at Console._write (/usr/local/lib/node_modules/firebase-tools/node_modules/winston-transport/modern.js:103:17)
    at doWrite (/usr/local/lib/node_modules/firebase-tools/node_modules/winston-transport/node_modules/readable-stream/lib/_stream_writable.js:390:139)
[error] 
[error] Error: An unexpected error has occurred.
[debug] [2026-09-13T14:31:29.850Z] Error: write EIO
    at afterWriteDispatched (node:internal/stream_base_commons:159:15)
    at writeGeneric (node:internal/stream_base_commons:150:3)
    at Socket._writeGeneric (node:net:966:11)
    at Socket._write (node:net:978:8)
    at writeOrBuffer (node:internal/streams/writable:572:12)
    at _write (node:internal/streams/writable:501:10)
    at Writable.write (node:internal/streams/writable:510:10)
    at Console.log (/usr/local/lib/node_modules/firebase-tools/node_modules/winston/lib/winston/transports/console.js:87:23)
    at Console._write (/usr/local/lib/node_modules/firebase-tools/node_modules/winston-transport/modern.js:103:17)
    at doWrite (/usr/local/lib/node_modules/firebase-tools/node_modules/winston-transport/node_modules/readable-stream/lib/_stream_writable.js:390:139)
[error] 
[error] Error: An unexpected error has occurred.
[debug] [2026-09-13T14:31:29.851Z] Error: write EIO
    at afterWriteDispatched (node:internal/stream_base_commons:159:15)
    at writeGeneric (node:internal/stream_base_commons:150:3)
    at Socket._writeGeneric (node:net:966:11)
    at Socket._write (node:net:978:8)
    at writeOrBuffer (node:internal/streams/writable:572:12)
    at _write (node:internal/streams/writable:501:10)
    at Writable.write (node:internal/streams/writable:510:10)
    at Console.log (/usr/local/lib/node_modules/firebase-tools/node_modules/winston/lib/winston/transports/console.js:87:23)
    at Console._write (/usr/local/lib/node_modules/firebase-tools/node_modules/winston-transport/modern.js:103:17)
    at doWrite (/usr/local/lib/node_modules/firebase-tools/node_modules/winston-transport/node_modules/readable-stream/lib/_stream_writable.js:390:139)
[error] 
[error] Error: An unexpected error has occurred.
[debug] [2026-09-13T14:31:29.851Z] Error: write EIO
    at afterWriteDispatched (node:internal/stream_base_commons:159:15)
    at writeGeneric (node:internal/stream_base_commons:150:3)
    at Socket._writeGeneric (node:net:966:11)
    at Socket._write (node:net:978:8)
    at writeOrBuffer (node:internal/streams/writable:572:12)
    at _write (node:internal/streams/writable:501:10)
    at Writable.write (node:internal/streams/writable:510:10)
    at Console.log (/usr/local/lib/node_modules/firebase-tools/node_modules/winston/lib/winston/transports/console.js:87:23)
    at Console._write (/usr/local/lib/node_modules/firebase-tools/node_modules/winston-transport/modern.js:103:17)
    at doWrite (/usr/local/lib/node_modules/firebase-tools/node_modules/winston-transport/node_modules/readable-stream/lib/_stream_writable.js:390:139)
[error] 
[error] Error: An unexpected error has occurred.
[debug] [2026-09-13T14:31:29.851Z] Error: write EIO
    at afterWriteDispatched (node:internal/stream_base_commons:159:15)
    at writeGeneric (node:internal/stream_base_commons:150:3)
    at Socket._writeGeneric (node:net:966:11)
    at Socket._write (node:net:978:8)
    at writeOrBuffer (node:internal/streams/writable:572:12)
    at _write (node:internal/streams/writable:501:10)
    at Writable.write (node:internal/streams/writable:510:10)
    at Console.log (/usr/local/lib/node_modules/firebase-tools/node_modules/winston/lib/winston/transports/console.js:87:23)
    at Console._write (/usr/local/lib/node_modules/firebase-tools/node_modules/winston-transport/modern.js:103:17)
    at doWrite (/usr/local/lib/node_modules/firebase-tools/node_modules/winston-transport/node_modules/readable-stream/lib/_stream_writable.js:390:139)
[error] 
[error] Error: An unexpected error has occurred.
[debug] [2026-09-13T14:31:29.852Z] Error: write EIO
    at afterWriteDispatched (node:internal/stream_base_commons:159:15)
    at writeGeneric (node:internal/stream_base_commons:150:3)
    at Socket._writeGeneric (node:net:966:11)
    at Socket._write (node:net:978:8)
    at writeOrBuffer (node:internal/streams/writable:572:12)
    at _write (node:internal/streams/writable:501:10)
    at Writable.write (node:internal/streams/writable:510:10)
    at Console.log (/usr/local/lib/node_modules/firebase-tools/node_modules/winston/lib/winston/transports/console.js:87:23)
    at Console._write (/usr/local/lib/node_modules/firebase-tools/node_modules/winston-transport/modern.js:103:17)
    at doWrite (/usr/local/lib/node_modules/firebase-tools/node_modules/winston-transport/node_modules/readable-stream/lib/_stream_writable.js:390:139)
[error] 
[error] Error: An unexpected error has occurred.
[debug] [2026-09-13T14:31:29.852Z] Error: write EIO
    at afterWriteDispatched (node:internal/stream_base_commons:159:15)
    at writeGeneric (node:internal/stream_base_commons:150:3)
    at Socket._writeGeneric (node:net:966:11)
    at Socket._write (node:net:978:8)
    at writeOrBuffer (node:internal/streams/writable:572:12)
    at _write (node:internal/streams/writable:501:10)
    at Writable.write (node:internal/streams/writable:510:10)
    at Console.log (/usr/local/lib/node_modules/firebase-tools/node_modules/winston/lib/winston/transports/console.js:87:23)
    at Console._write (/usr/local/lib/node_modules/firebase-tools/node_modules/winston-transport/modern.js:103:17)
    at doWrite (/usr/local/lib/node_modules/firebase-tools/node_modules/winston-transport/node_modules/readable-stream/lib/_stream_writable.js:390:139)
[error] 
[error] Error: An unexpected error has occurred.
[debug] [2026-09-13T14:31:29.852Z] Error: write EIO
    at afterWriteDispatched (node:internal/stream_base_commons:159:15)
    at writeGeneric (node:internal/stream_base_commons:150:3)
    at Socket._writeGeneric (node:net:966:11)
    at Socket._write (node:net:978:8)
    at writeOrBuffer (node:internal/streams/writable:572:12)
    at _write (node:internal/streams/writable:501:10)
    at Writable.write (node:internal/streams/writable:510:10)
    at Console.log (/usr/local/lib/node_modules/firebase-tools/node_modules/winston/lib/winston/transports/console.js:87:23)
    at Console._write (/usr/local/lib/node_modules/firebase-tools/node_modules/winston-transport/modern.js:103:17)
    at doWrite (/usr/local/lib/node_modules/firebase-tools/node_modules/winston-transport/node_modules/readable-stream/lib/_stream_writable.js:390:139)
[error] 
[error] Error: An unexpected error has occurred.
[debug] [2026-09-13T14:31:29.853Z] Error: write EIO
    at afterWriteDispatched (node:internal/stream_base_commons:159:15)
    at writeGeneric (node:internal/stream_base_commons:150:3)
    at Socket._writeGeneric (node:net:966:11)
    at Socket._write (node:net:978:8)
    at writeOrBuffer (node:internal/streams/writable:572:12)
    at _write (node:internal/streams/writable:501:10)
    at Writable.write (node:internal/streams/writable:510:10)
    at Console.log (/usr/local/lib/node_modules/firebase-tools/node_modules/winston/lib/winston/transports/console.js:87:23)
    at Console._write (/usr/local/lib/node_modules/firebase-tools/node_modules/winston-transport/modern.js:103:17)
    at doWrite (/usr/local/lib/node_modules/firebase-tools/node_modules/winston-transport/node_modules/readable-stream/lib/_stream_writable.js:390:139)
[error] 
[error] Error: An unexpected error has occurred.
